state_id,suite,task_id,phase,episode,token_budget,eef_treatment_mm,eef_nuisance_mm,obj_treatment_mm,recovery_A_random,residual_mm_A_random,eef_dev_from_pred_mm_A_random,action_maxabs_A_random,obj_dev_from_pred_mm_A_random,recovery_B_top_D,residual_mm_B_top_D,eef_dev_from_pred_mm_B_top_D,action_maxabs_B_top_D,obj_dev_from_pred_mm_B_top_D,recovery_C_top_S,residual_mm_C_top_S,eef_dev_from_pred_mm_C_top_S,action_maxabs_C_top_S,obj_dev_from_pred_mm_C_top_S,recovery_D_top_D_times_S,residual_mm_D_top_D_times_S,eef_dev_from_pred_mm_D_top_D_times_S,action_maxabs_D_top_D_times_S,obj_dev_from_pred_mm_D_top_D_times_S,recovery_E_top_U_oracle,residual_mm_E_top_U_oracle,eef_dev_from_pred_mm_E_top_U_oracle,action_maxabs_E_top_U_oracle,obj_dev_from_pred_mm_E_top_U_oracle,recovery_F_top_U_times_S,residual_mm_F_top_U_times_S,eef_dev_from_pred_mm_F_top_U_times_S,action_maxabs_F_top_U_times_S,obj_dev_from_pred_mm_F_top_U_times_S,recovery_G_top_attention,residual_mm_G_top_attention,eef_dev_from_pred_mm_G_top_attention,action_maxabs_G_top_attention,obj_dev_from_pred_mm_G_top_attention,recovery_H_top_D_times_attention,residual_mm_H_top_D_times_attention,eef_dev_from_pred_mm_H_top_D_times_attention,action_maxabs_H_top_D_times_attention,obj_dev_from_pred_mm_H_top_D_times_attention,wall_sec
libero_goal_t08_ep000_s0016_approach,libero_goal,8,approach,libero_goal_t8_ep0,64,2.750836365015184,0.6345716221350594,0.0,0.3617553305458531,1.755758014389153,1.0736375512833358,0.017862101395924885,0.0,0.8868721630127275,0.31126946131538147,2.5857252872776733,0.04425448179244995,0.0,0.6358160456228921,1.0016779072561495,1.9482287262380373,0.03478868802388509,0.0,0.7938284959535272,0.5671046350186421,2.3276410094375435,0.03891634941101074,0.0,0.8698904813570901,0.3579557490266199,2.570133947629182,0.04180866479873657,0.0,0.7330351865832836,0.7343101375560152,2.1399510683091347,0.036093304554621376,0.0,0.2644493248883182,2.0233107649347546,0.7580037743635026,0.019945393006006878,0.0,0.6732894815488283,0.8986819868941321,2.0822333232722983,0.035966565211613975,0.0,1.9
libero_goal_t08_ep000_s0032_pre_grasp,libero_goal,8,pre_grasp,libero_goal_t8_ep0,64,0.9632077680048098,0.5400005141661351,0.0,0.5219585905825469,0.46049501768829554,0.5263134167362779,0.008137742678324381,0.0,0.7002027006388362,0.2887697339146187,0.6828108859724002,0.01460169441998005,0.0,0.34427109508006914,0.6315379015178496,0.3437714036228163,0.016313348586360615,0.0,0.5683483878179669,0.41573843004804534,0.6176718929406978,0.016580862924456596,0.0,0.7975507175522697,0.19493251104753018,0.8740061937950286,0.012806872526804606,0.0,0.6028797027406851,0.3825105485025901,0.6357965351397107,0.015613429248332977,0.0,0.3274598985025073,0.6477893520857329,0.3376886049980075,0.00906290610631307,0.0,0.7597435069778334,0.23148937342597423,0.7482924963264522,0.0124202910810709,0.0,1.97
libero_goal_t08_ep000_s0056_manipulation,libero_goal,8,manipulation,libero_goal_t8_ep0,64,1.0032433707736834,0.42643829474936995,1.0379201335014692,0.09573357206832167,0.9070841380816429,0.12086077494060354,0.0027060098946094513,0.14483363142708566,0.7477389545523012,0.25238874432608394,1.2299705296212151,0.01805591583251953,1.2333910204353626,0.44977581134046885,0.5517090679445378,0.5004270651364446,0.011460731426874796,0.5326524979851849,0.8220748795650138,0.17840340332052382,0.8680749350803736,0.017652302980422974,0.9050729138348453,0.8636062880917837,0.13693035014062638,0.9193801128553116,0.01707733670870463,0.8972775571101903,0.6869409838028924,0.31376127304521145,0.7259774091542344,0.014716694752375284,0.7606874069840279,0.6012818126519521,0.400201792746626,0.6226264637953184,0.011761456727981567,0.6553488992254988,0.8950172601992014,0.10507712279112191,1.0007989536266049,0.01927289366722107,1.0014649006824152,2.81
libero_goal_t08_ep001_s0016_approach,libero_goal,8,approach,libero_goal_t8_ep1,64,0.8141988543119695,0.3842140869435154,0.0,0.6536367720237729,0.2820217822615769,0.5324054338720613,0.010162055492401123,0.0,0.8037635783718713,0.15978250352442916,0.6896578374830877,0.01877245306968689,0.0,0.45726172635100276,0.44182811491870755,0.4131314776178317,0.012920151154200235,0.0,0.8797205424781672,0.09794356295058158,0.7698304557248958,0.019872089227040608,0.0,0.9006380680092853,0.08089808511122056,0.799667573143167,0.018344024817148846,0.0,0.5367964824301222,0.3770703409366793,0.4479559295446078,0.013021488984425863,0.0,0.32984128373700133,0.5456837240411675,0.2740053166568616,0.009370366732279459,0.0,0.7637944997480742,0.19236018484841952,0.7061559487732371,0.016498724619547527,0.0,1.89
libero_goal_t08_ep001_s0032_pre_grasp,libero_goal,8,pre_grasp,libero_goal_t8_ep1,64,0.5718697684575763,0.37806960205840046,0.10107270587450187,0.41169088598963866,0.33588784025901836,0.28448811763512954,0.006020622948805491,0.07638824664014816,0.5427272260993975,0.2610254000375983,0.38671383748455906,0.009076793988545736,0.07997543906966903,0.6291365317371761,0.2115224443310123,0.6595922772061629,0.014962911605834961,0.14510192582226694,0.6378341674724685,0.2065623838200051,0.6011866910215442,0.014325002829233805,0.06268320877010439,0.25186307355971393,0.42832558586912256,0.16130894499762338,0.008642355600992838,0.05497451638508875,0.5630657077083941,0.24906884181613864,0.6769045386473588,0.014960000912348429,0.08336657475291999,0.7288441492721373,0.1542768528437816,0.4789099520554319,0.012878060340881348,0.10627387455940956,0.3696582670457957,0.3595899884505946,0.3562927259759298,0.008331199487050375,0.05911948504239384,2.14
libero_goal_t08_ep001_s0056_manipulation,libero_goal,8,manipulation,libero_goal_t8_ep1,64,1.3424496314291434,0.2955759519274392,1.3602269535641278,0.2661406279950265,0.9851921034434534,0.3909718915036502,0.005982706944147746,0.4123512961885908,0.952869650717178,0.06324329802354858,1.3529399211741584,0.026083598534266155,1.3510011164332019,0.721000293503998,0.3745621004279898,1.434712673450034,0.021492987871170044,1.4383949491974917,0.773344425889789,0.3042649100958736,1.2171993041198246,0.025641997655232746,1.2145205195408344,0.8843437882702032,0.15525622063126607,1.226328590768092,0.023630390564600628,1.2333767226058985,0.7686573926459944,0.31055748731598637,1.2412935774340788,0.027251005172729492,1.2515410062693464,-0.18270014447931682,1.5877363948760281,0.2479197215872283,0.00597249964872996,0.24169101685748506,0.4020926767612994,0.8026823450473262,0.5684385291732229,0.015032132466634115,0.5537045438974487,2.84
libero_goal_t08_ep002_s0016_approach,libero_goal,8,approach,libero_goal_t8_ep2,64,3.287361469633802,0.6947021856508695,0.0,0.44865820922895105,1.8124802147648211,1.5173584630279888,0.02359306812286377,0.0,0.8143833603900074,0.6101049351014173,3.6845467934920992,0.053491294384002686,0.0,0.8414867463546525,0.5210385041008916,2.858809561644815,0.039814651012420654,0.0,0.927399475456915,0.23865935583444964,3.0527587671624965,0.04383569955825806,0.0,0.8420620777073594,0.5191692323889839,3.51245582617029,0.0508082906405131,0.0,0.9253746948197409,0.24529073052182118,3.081025119282263,0.044310569763183594,0.0,0.3618534652824544,2.0977671230445414,1.2429624071542296,0.0169180432955424,0.0,0.6246210890573131,1.2339958301068323,2.160259386847461,0.03009567658106486,0.0,1.92
libero_goal_t08_ep002_s0032_pre_grasp,libero_goal,8,pre_grasp,libero_goal_t8_ep2,64,0.8195286649907947,0.6930738851920344,0.0,0.177999260387026,0.6737064409252139,0.33186868413229775,0.005212068557739258,0.0,0.1664105746470168,0.6831330708258329,0.8806676364868822,0.012000744541486105,0.0,0.480276078816033,0.42591424188458227,0.7983410566266533,0.010596717397371927,0.0,0.31560355145694724,0.5608673561464571,0.7530008850683276,0.011658117175102234,0.0,-0.13634509686831406,0.9311945895892348,0.7802475510160048,0.009844029943148295,0.0,0.49299300802347296,0.4154812002897345,0.7848545307340856,0.011755958199501038,0.0,0.13874895993455683,0.7057732013106234,0.4048357961235985,0.007962768276532492,0.0,0.07513307245574212,0.7578716416121197,1.0354843924622419,0.014128178358078003,0.0,1.92
libero_goal_t08_ep002_s0056_manipulation,libero_goal,8,manipulation,libero_goal_t8_ep2,64,0.9101072529229737,0.38936831177676184,0.8755556335112334,0.17663372655132492,0.749366385307471,0.5206549527297507,0.013397226730982462,0.5454771917977183,0.5402039535830104,0.41845571800361886,0.5340332965240234,0.013893206914265951,0.5324917356055908,0.49932312065104095,0.45560787499725713,0.4723547017960512,0.008519520362218222,0.43196318322355637,0.5693837376258615,0.39184957468851717,0.5503744011185773,0.011488924423853556,0.5072936126498088,0.48488435748066844,0.468799633352823,0.5601501794549958,0.013774479428927103,0.5687084646563735,0.5766730412719084,0.3852149068302447,0.5626125666820664,0.012673656145731607,0.5180627885893215,0.37980990734638126,0.5644559878819092,0.35255360482044834,0.009407425920168558,0.3350036500236451,0.4442832548967471,0.5056872459218057,0.4114268495268963,0.012868131200472513,0.3831662538015012,2.23
libero_goal_t08_ep003_s0016_approach,libero_goal,8,approach,libero_goal_t8_ep3,64,1.4873812844458358,0.4563161730750118,0.0,0.2999804358418121,1.041428846250056,0.46455055299528164,0.010064850250879923,0.0,0.2961400668399323,1.0465764032644325,0.47585372278310983,0.009926761190096537,0.0,0.8695112552187242,0.1939673760138485,1.300895463129146,0.029758845766385395,0.0,0.9220910936004527,0.1158365083184012,1.385322817770283,0.0289433350165685,0.0,0.6648198768834878,0.4981903378063544,1.122729347657375,0.02333490550518036,0.0,0.8620743161780767,0.20503752845098192,1.2969858165857293,0.029554928342501324,0.0,0.7404537587496508,0.38661688735501226,1.1041929844325094,0.02050181229909261,0.0,0.6633148390057465,0.5010101151346508,0.9911824179639028,0.02049793799718221,0.0,1.92
libero_goal_t08_ep003_s0032_pre_grasp,libero_goal,8,pre_grasp,libero_goal_t8_ep3,64,0.43965188828566576,0.13811213785958637,0.06128240159172743,0.26499210683843943,0.3230577468251435,0.11958877549730533,0.0037713050842285156,0.017447164917113553,0.49399674105684044,0.2224249286055505,0.22972914397258704,0.01091239849726359,0.03621695050907051,0.750270720356033,0.109739829227164,0.3527376412417415,0.009374702970186869,0.047551074366124664,0.8245167170997179,0.07714970668260081,0.48390259878163766,0.01266959806283315,0.04701018271421991,0.29008953373245566,0.3120489065698158,0.14119259881278787,0.009395577013492584,0.02746072723115084,0.8308783991846723,0.07433791289037449,0.4114796930334467,0.010041947166124979,0.051720514675330564,0.6654225984404173,0.14702283844762817,0.3278806919259148,0.008859743674596151,0.029569662286809625,0.4894644483130571,0.2243399108815685,0.21960850432605042,0.009285623828570047,0.030533846243270005,2.43
libero_goal_t08_ep003_s0048_manipulation,libero_goal,8,manipulation,libero_goal_t8_ep3,64,0.9400209102271218,1.1634784611094562,0.9378835815083355,0.134408978861684,0.8136813295151524,0.1570850916230064,0.0052437980969746905,0.15365988226448424,0.8140589139653042,0.17476473002850626,0.8864551029212789,0.02117401361465454,0.887763822591804,0.5549218385332488,0.41839648310074584,0.648146238692428,0.01467369000116984,0.6526734159652735,0.432558410615077,0.5333300276538923,0.6175313806499046,0.014079968134562174,0.6185563476703346,0.6530380267384834,0.32611902423413536,0.9625748015541175,0.019989117980003357,0.9632508332779945,0.6144442794590298,0.36244501763583065,0.7072466249180452,0.015299439430236816,0.7084217894329334,0.596889171420324,0.3788695847741684,0.8121645108713524,0.017605284849802654,0.8189953717071273,0.7161934712514618,0.2667425695980398,0.8114032577025568,0.016958191990852356,0.8072238864643514,2.68
libero_goal_t08_ep004_s0016_approach,libero_goal,8,approach,libero_goal_t8_ep4,64,0.6755815852492708,0.5975152037449647,0.0,-0.23035895363593917,0.8310797556209248,0.37580667252915906,0.009093999862670898,0.0,0.6444529431629961,0.2401996336891371,0.4398910886725867,0.017921229203542072,0.0,0.4154910306972226,0.3945675337549737,0.5338342722171417,0.014491637547810873,0.0,0.8391898732747904,0.10848795223655795,0.7212831731336053,0.021246224641799927,0.0,0.4198902834195423,0.3917778779681293,0.2907264946938372,0.01955050230026245,0.0,0.8798481693542429,0.08107219716093877,0.6274048755589537,0.020652025938034058,0.0,0.23419137024814865,0.5172845904415121,0.44790622573051303,0.01253137985865275,0.0,0.9214398946652308,0.05313676949752174,0.6357432326641713,0.023425251245498657,0.0,1.97
libero_goal_t08_ep004_s0032_pre_grasp,libero_goal,8,pre_grasp,libero_goal_t8_ep4,64,1.1230046518725025,0.4208679834144608,0.07149172273097616,-0.05371284657697406,1.1832803348458663,0.17430893982636766,0.0019583702087402344,0.004553825341723297,0.6945760303291112,0.3429656471417098,0.792720669198082,0.013674775759379068,0.03975815588624406,0.7630000762264565,0.26619271044450915,0.9060645490171156,0.01015537977218628,0.038939730459484956,0.8028405315098385,0.2214286504936693,0.9342254512875708,0.01393816868464152,0.053974766464256335,0.677518930676158,0.3621598306613449,0.7977016321344553,0.010577996571858725,0.03460739063147917,0.8713062695085503,0.14455899125899307,0.9992104792805603,0.01371614138285319,0.05748356231499241,0.33166781564070075,0.7505334095542993,0.5373087265078239,0.00963062047958374,0.04277799116978362,0.7215388702478963,0.3127294174936955,0.8812551383384274,0.00997912883758545,0.04053468914018663,2.12
libero_goal_t08_ep004_s0056_manipulation,libero_goal,8,manipulation,libero_goal_t8_ep4,64,1.960460821774702,0.47774944815386056,2.025533941918884,-0.0725393397682439,2.10265926338367,0.2773917808154016,0.003923110663890839,0.28418237208087677,0.777822925175331,0.4356154278693934,1.5493032825934587,0.021262715260187786,1.6061235936467622,0.5513926746256287,0.8794339106912511,1.1860870769940455,0.01680651803811391,1.2196443482714627,0.6768076315579662,0.6335805053246464,1.355810776760037,0.02060284713904063,1.4092998192027242,0.849197166672013,0.295684614360056,1.7023407753614646,0.023016750812530518,1.755661728437975,0.7087083615141205,0.5710413487825391,1.4300508851691658,0.02129525939623515,1.4787929028294173,0.4895452051660814,1.0007276138188235,1.0209248219629183,0.011853784322738647,1.0481292010354997,0.6156701021861806,0.7534988228622149,1.3223045818082761,0.015348126490910849,1.3496842973030383,2.51
libero_goal_t08_ep005_s0016_approach,libero_goal,8,approach,libero_goal_t8_ep5,64,2.223387444687924,0.7126540271023083,0.0,0.17877827444320837,1.8259212511556993,0.4524417424933356,0.007200558980305989,0.0,0.6619336455982621,0.7516098025448791,2.663357612939787,0.04932697614034017,0.0,0.9173444110474867,0.18374841957263263,2.06250354589937,0.04304584860801697,0.0,0.9483327174087375,0.11485732852857554,2.1841567591480224,0.04507754246393839,0.0,0.6873254586867562,0.6951564154564548,2.5596163511542165,0.047628045082092285,0.0,0.942777916456548,0.12720388949694436,2.1217309736302146,0.04419319828351339,0.0,-0.2638751321934521,2.8101287816793565,0.9437425149819205,0.01588691274325053,0.0,0.8636207562254955,0.30322755594764744,2.2255026136705176,0.04545827706654867,0.0,1.92
libero_goal_t08_ep005_s0032_pre_grasp,libero_goal,8,pre_grasp,libero_goal_t8_ep5,64,1.6364128449963897,0.7386614707816656,0.0,0.4639417328372705,0.8771637359907277,0.7877433376437573,0.013894617557525635,0.0,0.8435659159419199,0.25607075824083064,1.4890813608205218,0.027172704537709553,0.0,0.772475225804273,0.3724712103915939,1.3052982630813263,0.025724093119303387,0.0,0.8907749759414085,0.17885877077199266,1.6102464716826477,0.030686100323994953,0.0,0.8076560063667241,0.31476387250142845,1.4830175408849726,0.029928088188171387,0.0,0.8761187073965345,0.20280286865802308,1.4967211442360204,0.029360075791676838,0.0,0.6168612809277295,0.6270289030717905,1.0340498806898912,0.016404390335083008,0.0,0.7633996686417147,0.3872931445513774,1.3424496392463843,0.021862566471099854,0.0,1.96
libero_goal_t08_ep005_s0056_manipulation,libero_goal,8,manipulation,libero_goal_t8_ep5,64,1.8917288832778678,0.46025326971440716,1.9062217751752533,0.16728753854065834,1.5752145906006396,0.3416194839475984,0.0069654155522584915,0.3389032470656,0.9557828039233192,0.08365115533838709,1.874954156577547,0.022553106149037678,1.8733065478102136,0.7760668828951962,0.4235841390819308,1.4806221111184659,0.023311505715052288,1.5063458959387692,0.900963970432524,0.18730196105056193,1.9237204188551844,0.026906659205754597,1.9452641731368427,0.892733028671596,0.2027672936082315,1.9397152173992758,0.023907033105691273,1.908881622004604,0.8196670882407474,0.341155557146549,1.556633019532433,0.02306396762530009,1.5746970782146505,0.8024460877541788,0.37376837472491414,1.5499067066457408,0.02265237768491109,1.5681338322802048,0.769070204236066,0.4367441586238983,1.695301449729908,0.022778595487276714,1.7123697091717116,2.59
libero_goal_t08_ep006_s0016_approach,libero_goal,8,approach,libero_goal_t8_ep6,64,1.4666072562567447,0.8743748639514746,2.0238945103496053e-14,0.10104387446537266,1.3186579219737113,0.2549937735778202,0.006670370697975159,4.661978002688685e-14,0.8618397308685992,0.20238327237434597,1.4242532299475006,0.029787113269170124,4.832230204717375e-14,0.061161471371499264,1.3764651024896688,0.1716631115225252,0.005234083781639735,1.2471446391313337e-13,0.21661663267136091,1.1483842727730176,0.35580455716865167,0.0077594419320424395,5.6054156733818414e-14,0.7691565706838043,0.338347142098169,1.2697346864219536,0.025949647029240925,2.822382752132556e-13,0.06543036411326757,1.3701771217316379,0.2213029355700323,0.006333390871683757,8.361609929826498e-14,0.11624087004438481,1.2957374518072386,0.625208237362932,0.013118306795756022,6.866204420765428e-14,0.6987627236994016,0.4414248986916702,1.2197527650817692,0.022904276847839355,3.949249843292258e-13,1.91
libero_goal_t08_ep006_s0032_pre_grasp,libero_goal,8,pre_grasp,libero_goal_t8_ep6,64,1.2455757550861248,0.36359306278991044,8.214319343467175e-14,0.5558675325133364,0.5532657243559572,0.7154100374754148,0.010830154021581015,1.909399970248563e-14,0.6556452810155308,0.42892461654434627,0.8427479457220945,0.013734986384709677,4.2917728038331497e-14,0.7520544247406487,0.30884171683539435,0.9541273498061731,0.016656488180160522,1.1889007320259603e-13,0.8226071116523747,0.22095319424227144,1.0363681184124987,0.016503800948460896,5.30604541126392e-14,0.764282016651295,0.29361350935140273,0.9864534664405932,0.01596379280090332,7.910765439846477e-14,0.7410781014447835,0.3225115804211498,0.9235635505977986,0.015408486127853394,6.445594698863523e-14,0.49953946679374656,0.6233932065489659,0.6593280576417077,0.012589762608210245,5.825619751714413e-14,0.6104652467460104,0.48520592488881603,0.8105685182932317,0.014582922061284384,6.26862771690839e-14,2.02
libero_goal_t08_ep006_s0056_manipulation,libero_goal,8,manipulation,libero_goal_t8_ep6,64,1.6814542311690004,0.399846854428631,1.6806727369210828,0.11784055843254393,1.483384763016293,0.29499562902859283,0.011552780866622925,0.284998470163153,0.76791810083005,0.3902517341999989,1.6104812714277086,0.03094439705212911,1.605699510337656,0.625982898998187,0.6289047100660937,1.9809861203771562,0.0432423452536265,1.9826593714905725,0.608296439980917,0.6586328703227845,2.0153474953408863,0.043548633654912315,2.019667706916078,0.6008865135562466,0.6711629125971458,1.4888339836792228,0.028980354468027752,1.4923108819486013,0.6802939103770983,0.5375614591350188,1.8786886966506646,0.042882452408472695,1.8790741392887977,-0.27172804405514706,2.1383491161087207,0.5147998760298044,0.010774904241164526,0.5074434204151331,0.6446514332898506,0.5975635698036754,1.1729437182817444,0.028865108887354534,1.1673002042414462,2.26
libero_goal_t08_ep007_s0024_approach,libero_goal,8,approach,libero_goal_t8_ep7,64,0.5155653478925403,0.35259921028329066,0.0,0.12978955580058074,0.4477202383697813,0.26534468762916436,0.00531234343846639,0.0,0.581540995485222,0.21447560082628478,0.4720429255013074,0.01751502851645152,0.0,0.07683909509340647,0.47370468849448716,0.28260915289258753,0.01359787086645762,0.0,-0.09142377503773728,0.5599924937989335,0.30087132764721686,0.015468999743461609,0.0,-0.030366320666774176,0.5283940973702328,0.628190032134854,0.021526217460632324,0.0,-0.01679269667537568,0.5217804145173784,0.24837700419391862,0.014317691326141357,0.0,-0.3694443588657046,0.7038748692472695,0.29950860071234525,0.012017503380775452,0.0,0.1215791314770553,0.4505307661336086,0.3035757856621549,0.015059560537338257,0.0,1.93
libero_goal_t08_ep007_s0040_pre_grasp,libero_goal,8,pre_grasp,libero_goal_t8_ep7,64,1.0967251281472203,0.5025543151264356,0.006052776398121408,0.05556554806970663,1.035824123892904,0.18622388823737598,0.004385620355606079,0.08713043894549273,0.807187712445145,0.21142095073958198,0.9427022985662816,0.015917718410491943,0.004898643851594351,0.820238310110728,0.19711308540154363,0.9378139200534585,0.017262011766433716,0.07569470018686703,0.9102244043397171,0.09829877146161813,1.131772011380958,0.020287156105041504,0.0792904524842494,0.24238410883393444,0.8308509943756971,0.316239265253261,0.006182824571927388,0.08702076182628717,0.8925011801907875,0.11787009105283182,1.0617161730089812,0.019154250621795654,0.08660354660174674,0.5502184692324837,0.4932764970188035,0.6047374592349472,0.01023748517036438,0.004928213049316947,0.6870711545081748,0.34318698508560336,0.773563117117183,0.01420499881108602,0.07465529152432875,2.01
libero_goal_t08_ep007_s0056_manipulation,libero_goal,8,manipulation,libero_goal_t8_ep7,64,0.7844142579417956,0.6955257468234267,0.7416738383407394,0.2569158575036454,0.5830161332304037,0.2872943472074801,0.0053561826546986895,0.2735016865058544,0.6407799987646648,0.28174274297539065,0.6866978813561714,0.018098463614781696,0.670612325700544,0.4088867204417987,0.4636503295770364,0.5952602896383521,0.01402813196182251,0.5835002536890155,0.7060568379857886,0.23060296307623096,0.7223147954951644,0.019068618615468342,0.6911929690068713,0.4273143474850636,0.44922457952064443,0.6241248251030908,0.012822151184082031,0.6186657754045054,0.5837101745693501,0.3266193806224111,0.752162843918807,0.017276565233866375,0.7213290732833046,0.44337701704628757,0.4366175417190162,0.5522298582881822,0.016108691692352295,0.5374522004837119,0.724078821781012,0.21646458174738722,0.5708164440197855,0.013425002495447794,0.5253772036365869,2.15
libero_goal_t08_ep008_s0016_approach,libero_goal,8,approach,libero_goal_t8_ep8,64,1.1382480250014881,0.5941805990951342,0.0,-0.012791063478789666,1.1528053561143696,0.3248270435538267,0.008443333208560944,0.0,0.5593012518091708,0.501511161763471,1.0614929199863576,0.020547151565551758,0.0,-0.23621440298761312,1.4071269274403264,0.27496377386724147,0.01129736378788948,0.0,0.29767393057559516,0.799372158459946,0.4081277898979841,0.022240536908308666,0.0,0.6474097525673356,0.40119762319127217,1.2789956981204742,0.023817559083302815,0.0,0.2172547581495362,0.8909116918742677,0.25568480777086244,0.022480130195617676,0.0,-0.052322256437582405,1.197784788717847,0.15580367255031832,0.009214293211698532,0.0,0.0230818597098937,1.1119249901700008,0.1630364318198272,0.015199504792690277,0.0,1.97
libero_goal_t08_ep008_s0032_pre_grasp,libero_goal,8,pre_grasp,libero_goal_t8_ep8,64,1.1069088751139486,0.7688464162025539,0.2851053504162613,0.2587279549581893,0.8255994402079141,0.31589596754451504,0.015000998973846436,0.09141720874200658,0.5104014304717207,0.5201538089477503,1.0486764106970923,0.3402363657951355,0.18287695277462768,0.7316587305127805,0.2913758974685637,0.9106314744753399,0.35337376594543457,0.20238907159140226,0.803307837665333,0.21318035179093142,1.0042818385672676,0.3533745805422465,0.23426217600845547,0.8384924119087939,0.17481066525009806,1.0076666134882333,0.344600369532903,0.2552915957243396,0.794313204244436,0.22323854855830175,0.9758580953768998,0.35432010889053345,0.2328050168360859,0.4679279006142143,0.5993952693698145,0.5601540867848405,0.028351982434590656,0.15247313591314332,0.6709693606772946,0.357020991593845,0.8693725944294889,0.34725117683410645,0.18512910204409094,2.29
libero_goal_t08_ep008_s0056_manipulation,libero_goal,8,manipulation,libero_goal_t8_ep8,64,2.246099553336201,0.38750300021104883,2.2111481706380203,0.31397790067017356,1.5408332851413122,0.7330074342132126,0.011508588989575705,0.7231295003111262,0.7752934636793897,0.5048556156680496,1.7745734404985107,0.03248327970504761,1.7373944658185942,0.8786159221765978,0.2726194880344524,2.0040365116777887,0.03332458436489105,1.978829416906087,0.7605972213100521,0.5377760619442072,1.723698719413039,0.031394521395365395,1.693929143940878,0.8084778182121869,0.4303576960205431,1.825723339779973,0.03150452673435211,1.7894561185229443,0.8346968281188039,0.371317977050321,1.9582605582570671,0.03482823073863983,1.933456200676061,0.12709429051748802,1.9605689597933573,0.2857499599985313,0.009747091680765152,0.2729963790476186,0.5586822989666054,0.9912273536541106,1.2673484045226304,0.019567022720972698,1.2374284053249183,2.36
libero_goal_t08_ep009_s0016_approach,libero_goal,8,approach,libero_goal_t8_ep9,64,0.8981625735180093,0.7976820445512418,0.0,0.7669431861363424,0.20893679117235794,0.7902688388169081,0.017248600721359253,0.0,0.5775068072430554,0.37925121043148796,1.057230766036126,0.02246967951456706,0.0,0.560864394929772,0.3942336400437725,0.5454614402168575,0.014191468556722006,0.0,0.8397398265065986,0.14407120701278772,0.8114354513353023,0.018314202626546223,0.0,0.4281634622210582,0.5130325703840338,1.2321604133716093,0.032524307568868004,0.0,0.6633357729254934,0.30221918663949404,0.7530581366361804,0.017222166061401367,0.0,0.050511142085485426,0.8527389534364778,0.21273016927814192,0.0077835942308108015,0.0,0.39085258463546174,0.5469593921273548,0.5379813517439059,0.012234369913736979,0.0,1.88
libero_goal_t08_ep009_s0032_pre_grasp,libero_goal,8,pre_grasp,libero_goal_t8_ep9,64,0.975951438452523,0.4020597761334703,0.0,0.11906762579817205,0.8597914003844562,0.2733754729201158,0.004012743631998698,0.0,0.38793556814119884,0.5973020689946686,0.6754437132284691,0.01057050625483195,0.0,0.4441682315147924,0.5424438748428427,0.5570806078959286,0.00743443767229716,0.0,0.4723517613991903,0.5149383167114182,0.5809831179003933,0.009916146596272787,0.0,-0.06642628212995001,1.0406609252819097,0.5256209295738676,0.01600665847460429,0.0,0.45958781309883384,0.5273756221437663,0.5223192089649904,0.010106881459554037,0.0,0.2809533060285229,0.7018122252532294,0.39477843223119374,0.005246162414550781,0.0,0.4126865127602379,0.5731972647967566,0.6624569478830789,0.010077357292175293,0.0,1.98
libero_goal_t08_ep009_s0056_manipulation,libero_goal,8,manipulation,libero_goal_t8_ep9,64,0.8674008795973147,0.44799193702910295,0.8817425540980556,0.06120507786217381,0.814072583623905,0.08679063605571062,0.002176254987716675,0.09657023925326252,0.9584413928111023,0.03616984690735653,0.8496082151042232,0.014543841282526651,0.8555359191911422,0.7329432512921844,0.23173287730447392,0.7164966129767375,0.01421557366847992,0.7324296943621318,0.7869830020022817,0.18462539351012572,0.825641745992089,0.016019746661186218,0.8333224509044229,0.7239140359719749,0.2392527087860279,0.7822945301813734,0.013174275557200113,0.7588734933111837,0.860810394683436,0.12078142369777722,0.837530464405632,0.015372350811958313,0.8503528857848044,0.4457121841847523,0.4809068992238032,0.42583423785905367,0.009244710206985474,0.4443153989589934,0.7293966519903267,0.23500406957436507,0.6408699742965509,0.017362306515375774,0.6342835154186933,2.63
libero_object_t00_ep000_s0024_approach,libero_object,0,approach,libero_object_t0_ep0,64,2.0055498770158344,0.4932984253238834,0.0,0.49556321484347876,1.011659771075035,1.0233133441210036,0.010847498973210653,0.0,0.8829792954067948,0.2346734847551082,1.8166685632627015,0.01958678662776947,0.0,0.8686766853716156,0.2633611983029896,1.7616122937721166,0.018651490410168965,0.0,0.9414718638803663,0.1173891094983343,2.060689493463348,0.022809942563374836,0.0,0.9691403416513801,0.061883943208457165,2.0301811068479965,0.02162681023279826,0.0,0.9537321796543984,0.09279914138033796,2.0222104856079897,0.022011101245880127,0.0,0.7167925574085592,0.5679812828839821,1.5441191788192057,0.01743379235267639,0.0,0.8767305791028002,0.2472018943888188,1.8918867600857885,0.019985343019167583,0.0,1.81
libero_object_t00_ep000_s0040_pre_grasp,libero_object,0,pre_grasp,libero_object_t0_ep0,64,1.9599064892536076,3.4777257851441687,0.3191322074139959,0.06736324679562489,0.5533009516961521,1.9016591519135277,0.0028988271951675415,0.3698822069182584,-0.0277214279890321,2.0146785122973125,0.22013784595844577,0.009428431590398153,0.24456425497206322,0.5748460828436922,0.2687120056952756,1.9161617600206549,0.007978489001592001,0.5250428005646244,0.2729335763409931,1.7959723738356592,0.2577933504625496,0.00766552488009135,0.015725055028560243,0.24937643106828766,1.433794538891264,0.8413505764336776,0.008167892694473267,0.09236646868655668,0.3934525054320666,1.728562812311954,0.348719240734658,0.0069093406200408936,0.2521975191526444,0.6322240161997611,0.31995165272201614,1.7866967984425868,0.007328708966573079,0.5239785870359329,-0.02555199270485072,0.6490209296537487,1.8887033672563482,0.009203314781188965,0.5207458982358611,2.32
libero_object_t00_ep000_s0056_manipulation,libero_object,0,manipulation,libero_object_t0_ep0,64,0.6171216712830137,0.3967221713709887,0.6124081502429097,-0.12760695811505554,0.6956353786728763,0.3716107378964401,0.007533267140388489,0.37301324282193193,0.5234264998578654,0.2940045352106072,0.5865303544025281,0.012009938557942709,0.5823580873195598,0.8794639058442998,0.07444133091865064,0.6589019704248006,0.012895440061887106,0.6544566996955583,0.8605985234255037,0.0860301945123263,0.6542267531304239,0.012884087860584259,0.6502136751460005,0.35353152486169126,0.39888148144204677,0.6013714800961903,0.010908121864000956,0.5954111331350181,0.8168766677429083,0.11299938214308326,0.6839146936176226,0.013454352815945944,0.6803221789175397,0.7141398254836391,0.17624630189680876,0.46681077643357877,0.007877103984355927,0.46330954979733296,0.8782808621573898,0.07493876132948742,0.5487783202881888,0.009589478373527527,0.5457705201648901,2.79
libero_object_t00_ep001_s0024_approach,libero_object,0,approach,libero_object_t0_ep1,64,1.7668305353593468,0.6043749662170832,0.0,0.10904204970107689,1.5742154346437616,0.1981886485822529,0.0032659173011779785,0.0,0.7872016747383483,0.3759468536069123,1.5062371248427866,0.02418814351161321,0.0,0.6991731841178166,0.5315288403940245,1.251305317201121,0.019467430810133617,0.0,0.8848901972203906,0.2033792248415083,1.5704774932656973,0.022565717498461407,0.0,0.7686174838482525,0.4088353141587793,1.4906059918409607,0.025181690851847332,0.0,0.932392589354286,0.11945887354748441,1.6705366205422543,0.023927782972653706,0.0,0.27641118558874356,1.2784408896795256,0.5675233483519494,0.011017732322216034,0.0,0.7695316034542773,0.4071636370538068,1.508243824656965,0.02319560945034027,0.0,1.77
libero_object_t00_ep001_s0048_pre_grasp,libero_object,0,pre_grasp,libero_object_t0_ep1,64,2.103201515422028,0.19398896233736956,0.6359808726530345,-0.09205471867250081,2.0844418499456556,0.09701390687818978,0.005530789494514465,0.0640169418781514,0.5867055230075945,0.2394974601709349,2.022610437253062,0.007500767707824707,0.5977360756505659,0.8010636839642441,0.13309120900307606,2.0527537760262193,0.00817092259724935,0.57443222113813,0.8107713102168455,0.10726346344512262,2.0450345933272023,0.00965288778146108,0.6120330674908864,0.5981634571345048,0.24691364101275504,1.9989809520290336,0.009346564610799154,0.5687121033534517,0.7485507153621976,0.13991016451074045,2.054472502970571,0.008381322026252747,0.624287792798389,-0.12979053344899041,2.0932564993557476,0.16436055189651344,0.009778370459874472,0.1175257187866269,0.7954202026780427,0.123548150460427,2.033913937206648,0.005955437819163005,0.5835833461630546,3.19
libero_object_t00_ep001_s0064_manipulation,libero_object,0,manipulation,libero_object_t0_ep1,64,0.42813938717357247,0.41363638363381044,0.44235871172310703,-0.5533172840135705,0.6647727854008888,0.5237411593559699,0.010581900676091513,0.5289793859008118,0.5023003145585131,0.2130133138285303,0.2634620534172487,0.009545127550760904,0.26547402611301146,0.7399846579339157,0.11124655168596322,0.36404173826895114,0.013536949952443441,0.37447251285047334,0.6495331407596096,0.14995831203221857,0.3146795573759605,0.014037370681762695,0.321761749691148,0.5342462195323767,0.19924601386964316,0.23837184347378138,0.011512567599614462,0.24058595319828388,0.6774278576411378,0.13803034057743974,0.32994908831625375,0.012779206037521362,0.338998372327814,0.29386634787672733,0.30226576220517976,0.24819835713240931,0.006150354941685994,0.25484006991120545,0.4610453725267536,0.23080714578444897,0.34293413176280657,0.011868456999460856,0.35534935315877003,2.48
libero_object_t00_ep002_s0024_approach,libero_object,0,approach,libero_object_t0_ep2,64,0.34541335351307567,0.4768765807363268,0.0,-0.1407262125084384,0.3937650914907768,0.14316973072914863,0.0020930965741475425,0.0,0.2920547110469229,0.2443333755493238,0.14620992097448268,0.003273308277130127,0.0,0.7672736305215112,0.07983126507741606,0.35524665129459243,0.004793216784795125,0.0,0.4797844144577336,0.17948193621868722,0.18038163920581343,0.0031436681747436523,0.0,0.6733263646446233,0.11307983134776255,0.23479204219906444,0.004209727048873901,0.0,0.8022339331730465,0.0680914398136467,0.35852574929952236,0.00509298841158549,0.0,0.1987941780209751,0.276059154473879,0.24578945441065736,0.003575757145881653,0.0,-0.848628329834565,0.6373089379136397,0.3143264449610179,0.005955398082733154,0.0,1.75
libero_object_t00_ep002_s0048_pre_grasp,libero_object,0,pre_grasp,libero_object_t0_ep2,64,0.3298991926602084,0.07531949256466847,0.05230041764168953,-0.4114001334213034,0.4646445783584962,0.16460302353982023,0.005825231472651164,0.054037993256568356,0.5189228212443087,0.15940571576304138,0.48791064624427544,0.010229741533597311,0.04146137545426226,0.03654648867499011,0.31690811919446243,0.10499400748835885,0.008976509173711142,0.08160193853986974,0.793548376903536,0.06808414423235587,0.3318626623665495,0.010558282335599264,0.053195046103371085,0.31261101937132524,0.22683486760423718,0.5547900637004561,0.011684338251749674,0.02126904665052536,0.7580739695981641,0.0799400116018874,0.33313420150458595,0.011767089366912842,0.07577401245621872,0.34759202103261283,0.2155028893908287,0.41624608557028114,0.008419473965962728,0.02658050081558855,0.4034755787817647,0.19688496131995806,0.5220732906181386,0.01263582706451416,0.03361697023056348,2.16
libero_object_t00_ep002_s0064_manipulation,libero_object,0,manipulation,libero_object_t0_ep2,64,0.624974772897032,0.43549845304525686,0.6512317637687605,0.21528557449173466,0.4904298188214739,0.13972057763079174,0.0036685243248939514,0.14801129318216913,0.7452850890476391,0.15919857226857806,0.6495060265445401,0.010461226105690002,0.6680405445596113,0.7011668250982265,0.18678688336862634,0.7064636401494976,0.011195838451385498,0.7454737205315736,0.8339625089859884,0.1037878519898952,0.6322388640677364,0.009727617104848226,0.6672746512531323,0.295712024091064,0.44011796520132057,0.7182950022911526,0.011443421244621277,0.721828153565048,0.8495246620600075,0.09405799248439067,0.6288705354624318,0.009071727593739828,0.660826058783274,0.5987804407902936,0.25078589184831107,0.6505655237919165,0.013141711552937826,0.6852521052297093,0.8558218628234385,0.09010182680494198,0.7014444470422484,0.015134990215301514,0.7305204986366794,2.34
libero_object_t00_ep003_s0024_approach,libero_object,0,approach,libero_object_t0_ep3,64,1.2860885935488895,0.5400860108344974,0.0,0.5254274221896003,0.6103125213646093,0.8617118426609823,0.009603967269261679,0.0,0.7784661258692983,0.2849038655966109,1.0284169080934922,0.012507617473602295,0.0,0.9190131302568965,0.10417429216795437,1.2220178922858727,0.017598917086919148,0.0,0.9104992814098581,0.11508308182471398,1.2201775757708988,0.01729455590248108,0.0,0.8030372879749592,0.25331195841466475,1.0502335964359544,0.012773464123407999,0.0,0.8708296504474077,0.1661059282866018,1.2536475517319143,0.018060763676961262,0.0,-0.1534139663320114,1.4833271875457024,0.5056817335818764,0.0075940291086832685,0.0,0.6325068666589423,0.4725856621136149,0.8191656301377918,0.012439648310343424,0.0,1.81
libero_object_t00_ep003_s0048_pre_grasp,libero_object,0,pre_grasp,libero_object_t0_ep3,64,0.7748025679494526,0.3100447001654804,0.2911748857007693,0.616825044149418,0.2966371900246394,0.6637857055690884,0.014314611752827963,0.2537818326317843,0.2619255269721742,0.5716330948576859,0.32332169582979153,0.011211891969045004,0.2636862769609177,0.850357899717603,0.11580522007628857,0.8867969613776187,0.010417540868123373,0.33034400279945403,0.9152903004196672,0.06599365034320762,0.716974877726129,0.009746193885803223,0.2864701330883785,0.3489469614714655,0.5040269056986678,0.39308886776429075,0.01040579378604889,0.27232829139384396,0.8078989097396697,0.1497154581846818,0.660964838703033,0.010460530718167623,0.2521790163444249,0.7329848620969669,0.20716309364292648,0.7183182525793512,0.007914985219637552,0.4258572005236042,0.5356455065560732,0.36013365247517454,0.49673208955234677,0.008886600534121195,0.2995877746739002,2.69
libero_object_t00_ep003_s0064_manipulation,libero_object,0,manipulation,libero_object_t0_ep3,64,1.5069335383856384,0.3652306260233536,1.5072884061616076,0.40606714489295354,0.8950470640611994,0.7146910887089982,0.010059634844462076,0.714393733576304,0.9019108635411471,0.1477853687117424,1.457551790429583,0.021414632598559063,1.4580460165351512,0.7806137928273668,0.33058544151193897,1.3174938050950296,0.019185890754063923,1.318689100115463,0.9045304848971466,0.1438969131028281,1.5939173581036883,0.024147798617680866,1.5951434261020254,0.897455735208229,0.15450017901549362,1.4711441394222151,0.021502976616223652,1.4715955860152956,0.9174925062798175,0.12435886602297387,1.5030505573122765,0.02308538059393565,1.5034343763709876,0.6581307345130685,0.5151766308018326,1.0762466069207528,0.014770175019900003,1.076073268788081,0.752804855146822,0.37251617325695235,1.2093038935783686,0.016886400679747265,1.2089529966321777,2.44
libero_object_t00_ep004_s0024_approach,libero_object,0,approach,libero_object_t0_ep4,64,0.8670225924830702,0.46093617519810376,0.0,0.12110735880090506,0.761998461390689,0.2773243715975933,0.003943214813868205,0.0,0.4733200591487483,0.4565952020853577,0.43490278128369325,0.007101347049077352,0.0,0.8622944117466474,0.11947764973218848,0.7872189830983779,0.009602238734563192,0.0,0.7607123431436852,0.2074738805282308,0.7083109895583738,0.008848359187444052,0.0,0.43566484322703086,0.48923213399545445,0.3879545458868378,0.006143609682718913,0.0,0.9361492557846236,0.05536482452912866,0.8185510076348913,0.010663072268168131,0.0,0.5119129981317979,0.4231659293769893,0.5017952911546004,0.006735185782114665,0.0,0.46076995674409743,0.467447941527261,0.4227612664826546,0.0053303589423497515,0.0,1.78
libero_object_t00_ep004_s0048_pre_grasp,libero_object,0,pre_grasp,libero_object_t0_ep4,64,3.4355455542367275,5.590263713221702,2.802807556987565,-3.03455476942109,5.834138974548118,3.1079555723651633,0.006409217913945516,2.2524357348120168,0.28024129782125645,2.0823465132729115,1.980088289855824,0.004909346501032512,1.6309514747207068,-2.8657732285948865,5.475851692759769,3.3186526035521866,0.00917902464667956,2.334151240452654,0.6909265478097718,1.167670087889223,2.3345967915630905,0.008509869376818338,2.4240716950041374,0.006372879679732879,3.4585261900673268,1.06179972973328,0.00881508986155192,1.1861824696568857,-0.5968788623890445,3.9070607815280702,1.1631317612406005,0.008807782083749771,1.3049399192569553,-0.18856692246769546,3.5924243859316713,0.717789863830312,0.00581396867831548,0.9112205125362097,-5.501692941171458e-05,3.4370975044176397,0.6585709175521995,0.005729123950004578,0.8945251802026031,2.18
libero_object_t00_ep004_s0064_manipulation,libero_object,0,manipulation,libero_object_t0_ep4,64,0.37050577125731354,0.5001354847653253,0.40447268694687816,-0.11615181780498933,0.4132841284999969,0.13723760572444788,0.00598388413588206,0.14299565206741624,0.6055656110217222,0.1459683939599357,0.38901749428004484,0.008985184133052826,0.4141183468029607,0.6879866690229218,0.11547387776627073,0.4189065112648505,0.008230614165465036,0.45295096447973,0.5910656018732277,0.1512536647539033,0.45324644640194894,0.008140015105406443,0.485246592873664,0.7198959579002319,0.10382467076271175,0.36632030651624375,0.009028054773807526,0.3946802434079308,0.6944953762831488,0.11305763232354504,0.4449406168074495,0.008556815485159555,0.4778733371578253,0.015074087057853736,0.36453971606720575,0.2964427277110418,0.006228978435198466,0.30928479310178686,0.5468067323199433,0.16771391044201545,0.4209869046887423,0.009134183327356974,0.44103877020023874,2.56
libero_object_t00_ep005_s0024_approach,libero_object,0,approach,libero_object_t0_ep5,64,2.1519325477849733,0.43322067477530557,0.0,0.22245541506468403,1.6732381085803791,0.48569747392346746,0.0067778825759887695,0.0,0.9187535290774586,0.17481704306847914,1.9954157003012554,0.024818594257036846,0.0,0.8102486735457809,0.4083222424176834,1.7517676119456969,0.021323412656784058,0.0,0.9396604864849841,0.12983790093301997,2.039164802834088,0.024466534455617268,0.0,0.895963117515253,0.2238620115974013,1.930166770490071,0.023169209559758503,0.0,0.9515322570744876,0.10429076585962717,2.0655026801923917,0.024788260459899902,0.0,0.5992392730619858,0.8624231918324591,1.331107360266776,0.015759209791819256,0.0,0.8452073659560134,0.33308473768662855,1.8352837636287471,0.022305265069007874,0.0,1.79
libero_object_t00_ep005_s0048_pre_grasp,libero_object,0,pre_grasp,libero_object_t0_ep5,64,0.28924976377944694,0.26729552764819686,0.2782628726957773,-1.029927621945377,0.5945190960500816,0.4570850052923697,0.32902662952740985,0.46940348889820754,0.6051161594547249,0.11426377799593285,0.3997641076607888,0.01293755571047465,0.3912407233062567,0.6210299516472643,0.1096481611399957,0.18200605508815837,0.008297433455785116,0.17169724119372828,0.8763384147355143,0.03575385798680718,0.28870940767863884,0.008429398139317831,0.2795769674335384,0.7867127026466677,0.06172316142925036,0.3445330610376464,0.012430240710576376,0.33375552233572586,0.7954610630971585,0.05915859113307916,0.3405884544232634,0.010254154602686564,0.3300539213585121,0.6156132356483436,0.11110187726717431,0.20777764057682188,0.007472614447275798,0.20018076071438232,0.8664998018890607,0.03866592052003118,0.3096712651882227,0.01060749093691508,0.30156313879813307,2.97
libero_object_t00_ep005_s0064_manipulation,libero_object,0,manipulation,libero_object_t0_ep5,64,2.62053702719418,0.5176110525754722,2.6291780886729934,0.6549902088379835,0.9039952118567075,1.7203885627942201,0.03020832935969035,1.7241919848021157,0.8797421698378542,0.31499380102465663,2.5683934167639593,0.03765192627906799,2.5767266921779055,0.8338318690613468,0.43509233739772907,2.4034100360450643,0.03900225957234701,2.4155722087132263,0.944183973501481,0.1462370943854676,2.484625700472793,0.039092302322387695,2.495453285917245,0.855403217520664,0.37874315195462316,2.7028012111698723,0.039173384507497154,2.7102586764946923,0.922179167351367,0.20371752822449832,2.4233176764887,0.04025431474049886,2.4314766766776033,0.2837086328559129,1.876949547180396,0.802455046159341,0.013236363728841146,0.8121526246881138,0.8745722464983531,0.3284363766784651,2.787248511874743,0.04110240936279297,2.795798995417101,2.58
libero_object_t00_ep006_s0024_approach,libero_object,0,approach,libero_object_t0_ep6,64,1.8094152160001968,0.40465723158241856,0.0,0.2860246302836064,1.2919198357424648,0.5192323727612267,0.006137872735659282,0.0,0.685101989385332,0.5695117185145319,1.332600198002164,0.017877086997032166,0.0,0.9591372072077663,0.07388275301295318,1.8013471110546941,0.021461268266042072,0.0,0.8867647636951178,0.20473154306478203,1.6710104718168932,0.020746896664301556,0.0,0.7445998720774956,0.46186431852749504,1.4074561254841595,0.017506008346875507,0.0,0.8960537378548539,0.18796563067828057,1.7193227544266054,0.020320147275924683,0.0,0.4513051178583349,0.9925783589300127,0.8763842220893471,0.01270991563796997,0.0,0.5386863339849104,0.8344419707853806,1.0117501550201708,0.01409327487150828,0.0,1.76
libero_object_t00_ep006_s0048_pre_grasp,libero_object,0,pre_grasp,libero_object_t0_ep6,64,0.4124043887178719,0.2573141763736947,0.04926363039882514,0.3892868485576761,0.25185673221110766,0.1654625752152329,0.0055257876714070635,0.027281972740304507,0.02656931810123268,0.4012575734637565,0.8069896618694884,0.011186828215916952,0.1021870751959879,0.6599938873058482,0.14020192047305557,0.27334792764961274,0.008017546186844507,0.015359178418047579,0.4666305458305897,0.21994290740085023,0.6231939281793611,0.009626736243565878,0.12203675918531338,0.2238912314433713,0.32044238767205147,0.7230191558727896,0.009186632931232452,0.12947193703561105,0.3570077210303195,0.26515526497311437,0.6723659905790137,0.010972013076146444,0.1251234381085611,0.8050489205950807,0.08044630044766012,0.33338063107576527,0.007910410563151041,0.027341432531758386,0.4704029805260452,0.2183075658621665,0.6290860874271894,0.010343889395395914,0.046015852476821266,2.26
libero_object_t00_ep006_s0064_manipulation,libero_object,0,manipulation,libero_object_t0_ep6,64,0.713036517754211,0.37804604262682695,0.714566730164025,-0.01986514673018684,0.7271451926519488,0.1915872013124309,0.00560419758160909,0.19255033624992082,0.38563982708018457,0.4379546642083825,0.618994217000442,0.021092772483825684,0.6327874679381966,0.871394671432906,0.09170118859204697,0.6354760406886814,0.016912659009297688,0.6377212285623535,0.7797917356842413,0.15697309004377316,0.694874163182185,0.01675562560558319,0.7002907580251297,0.40933024493340103,0.42104296039297634,0.6660860713384887,0.022498130798339844,0.6798057460681985,0.7894318033914275,0.15012780697212694,0.5897961087563335,0.016509830951690674,0.5931277266059605,0.6378946486977177,0.2582264178468068,0.5724387521938877,0.019448737303415935,0.5787958675434839,0.5272001362938731,0.3370614190907048,0.666710852965664,0.02074354887008667,0.6771430019729846,2.55
libero_object_t00_ep007_s0024_approach,libero_object,0,approach,libero_object_t0_ep7,64,0.4827985639374536,0.5633961341188464,0.0,0.43926731619554155,0.27109985599798064,0.28644344212804634,0.005776037772496541,0.0,0.5094677040564413,0.23653633719001024,0.39274117076811504,0.010686506827672323,0.0,0.4018732292930946,0.28836945517380613,0.6381057177442861,0.010390758514404297,0.0,0.795326063676414,0.09861955882807139,0.5090215681472613,0.009394824504852295,0.0,0.1190591605799249,0.42479829246884204,0.5622543320468603,0.012321134408315023,0.0,0.7167469604737589,0.13655983767272836,0.4766246908449105,0.009074519077936808,0.0,0.06968446720775327,0.44885863472003357,0.4738575245949352,0.008880307277043661,0.0,-0.5239291243256249,0.7349891083028824,0.4083584266032418,0.005533128976821899,0.0,1.81
libero_object_t00_ep007_s0048_pre_grasp,libero_object,0,pre_grasp,libero_object_t0_ep7,64,0.8388263922434022,0.2126830902334589,0.20226627889215718,0.3602618760930181,0.5394791631256982,0.3053536971630321,0.01187201744566361,0.11967029376539638,0.5536211061933959,0.3734481168990302,0.4805447920838927,0.012489985364178816,0.11323945687008564,0.7852221136393028,0.179859411750347,0.9992636331074044,0.020140310128529865,0.22005793857764766,0.6849356759791476,0.2639757430641576,0.5783457941569035,0.01675078645348549,0.14798433440203343,0.6933956951071663,0.25944724203908076,0.6049388764778665,0.011157139825324217,0.10409349707823788,0.6835373068639626,0.2642843475546251,0.5768301144959865,0.015796795797844727,0.1465308395197637,0.6382083350026293,0.30398046162784575,0.5472568877741112,0.012903100190063318,0.19740923485340758,0.5868705854074322,0.3470570772694137,0.5025677061033559,0.012034736263255278,0.17550705468444067,2.51
libero_object_t00_ep007_s0064_manipulation,libero_object,0,manipulation,libero_object_t0_ep7,64,0.3836339236188827,0.29930463366235094,0.38394692464793806,-0.03539531217068196,0.39724457672255736,0.19331656549155554,0.004228651523590088,0.1944276033143972,0.6984044879481711,0.11545625494825702,0.3509934864494368,0.011707226435343424,0.3513339179146394,0.5663255968096971,0.16594745704767086,0.43192191547822284,0.009984890619913736,0.43287791801364633,0.5224165084260005,0.18273602432542288,0.43788326656751897,0.011137505372365316,0.4387210276934855,0.6969681167554306,0.11620549361121424,0.33591010580694575,0.011187414328257242,0.33633398985551793,0.39976994220206086,0.2296196259440105,0.44439096078368917,0.009858926137288412,0.44526505174069425,0.4835170193014087,0.1976807695383075,0.36659067472790796,0.012006143728892008,0.36852697959775327,0.3947209873701604,0.23180378531722745,0.3931136930536696,0.013583640257517496,0.39547662497117975,2.49
libero_object_t00_ep008_s0024_approach,libero_object,0,approach,libero_object_t0_ep8,64,2.234507022142824,0.4823516986112105,0.0,0.3712729327390664,1.4048882582043414,0.8544973181186423,0.011455277601877848,0.0,0.8594191807162677,0.3141241439543094,1.9471190549816617,0.024627914031346638,0.0,0.8564046073886554,0.32087676467877646,1.9785634201052025,0.02606584628423055,0.0,0.9796026126097136,0.045574245573456344,2.2012377300947925,0.027470062176386516,0.0,0.817477507099678,0.40785447629898736,1.848122979257349,0.023493796586990356,0.0,0.8962829029500723,0.2317665201092407,2.0035030143665242,0.024019360542297363,0.0,0.6541696427357729,0.7727464573074526,1.5487434314580752,0.018895477056503296,0.0,0.6963214718503181,0.6785572371003975,1.6752378708053295,0.018834233283996582,0.0,1.77
libero_object_t00_ep008_s0040_pre_grasp,libero_object,0,pre_grasp,libero_object_t0_ep8,64,0.17825735207611793,0.23654134200273966,0.031675153660231783,-0.20569924380031082,0.18488809520154734,0.30315847685173775,0.007894694805145264,0.026296581453518212,0.44278703841034805,0.09392649787076564,0.12345986111356459,0.008546908696492514,0.03298155784983208,0.5799462258222584,0.06747056369550176,0.11954098213526093,0.013999998569488525,0.029401287961100562,0.13723990394557828,0.14877368723851458,0.07724071366511456,0.00982213020324707,0.02450432074796808,-0.06640006819734894,0.16988652115371772,0.18623019363729834,0.008190075556437174,0.029243275246421913,0.7017238268433864,0.0491067421130477,0.1687377745788634,0.010250548521677652,0.026168738858490012,-0.4661945555298066,0.2340090781226414,0.2321351075059416,0.006987680991490682,0.019537001320878617,-0.3115618652874146,0.20725092224565014,0.3234626210255723,0.011092623074849447,0.025816565177542477,2.08
libero_object_t00_ep008_s0056_manipulation,libero_object,0,manipulation,libero_object_t0_ep8,64,0.7685565060827516,0.30674228440293555,0.7680342489265911,0.08441916493304051,0.703601041389602,0.07580659363698089,0.007504661877950032,0.07783404923807964,0.8277754923362576,0.13214317315801374,0.6390409920662105,0.023131688435872395,0.639859319130079,0.7711088613540863,0.17571869660296754,0.9015285610685849,0.021219149231910706,0.9019686580584878,0.8645301710402903,0.10392276227241698,0.7897056233157965,0.021337042252222698,0.789366769425367,0.8627059264071161,0.10552969464795003,0.7799513159928377,0.022604475418726604,0.7842551876837897,0.8401603023898044,0.12270098999586003,0.7659058770089003,0.020519604285558064,0.7653664572107476,0.6768132479821203,0.2481362590093382,0.7172569857348593,0.01838157574335734,0.7164620521876949,0.7967229560670136,0.15597299313407018,0.7502441986773425,0.020075425505638123,0.7559481713114896,2.57
libero_object_t00_ep009_s0024_approach,libero_object,0,approach,libero_object_t0_ep9,64,0.6404409286281045,0.5497517086221806,0.0,0.22809345283343374,0.4943370795150266,0.1601639475080802,0.00290656586488088,0.0,0.3369209197041278,0.42473392049920794,0.4012847767366276,0.0061801572640736895,0.0,0.7473380197292814,0.16176479509342026,0.6730400912129086,0.008862515290578207,0.0,0.7367593201244343,0.16861510721889642,0.5533962800309095,0.007373690605163574,0.0,0.1866208152650287,0.5209363104405488,0.28335363764040084,0.005601803461710612,0.0,0.729226738691877,0.17343713332300803,0.5608412038928862,0.008442322413126627,0.0,0.6290456724462138,0.23765435059151951,0.4421809143623104,0.007663600146770477,0.0,0.22762439519324862,0.4946880235899152,0.42076250054384906,0.0064890384674072266,0.0,1.77
libero_object_t00_ep009_s0048_pre_grasp,libero_object,0,pre_grasp,libero_object_t0_ep9,64,0.2457393566859492,0.33309791751579526,0.13308412967827504,-0.6538971482316233,0.40465572895709095,0.3392720702040908,0.006570642193158467,0.08878986472638244,-0.1787523680676334,0.28890100173058364,0.3381441738382831,0.006328741709391276,0.06508144930268876,0.4318312902127346,0.13833471129940292,0.25435928591478785,0.011483897765477499,0.13073430769786282,0.2938543204765529,0.17263000306101525,0.2405677810134549,0.008722732464472452,0.2175282414771284,-0.20335799636851823,0.29128791507728446,0.3872026792575221,0.0064795613288879395,0.2877236813918743,0.23155176125480484,0.18582645620365426,0.24975400259759176,0.008797556161880493,0.13314264842945148,-0.4493741829607168,0.3490372191338978,0.310318224074742,0.005549967288970947,0.07551506233263836,-18.898579975858468,4.656236314310919,4.641174196956807,0.008727073669433594,4.438023612080532,2.09
libero_object_t00_ep009_s0064_manipulation,libero_object,0,manipulation,libero_object_t0_ep9,64,0.3795948587199169,0.39902809976755926,0.3788347595102684,-0.17698840593477083,0.44674440583123065,0.11209085797380774,0.0053719828526179,0.10879436394171325,0.28134936476174466,0.27276035176192226,0.23581490574817743,0.005483513077100118,0.2339315350500801,0.31281696183468216,0.260851857828368,0.36652481789546093,0.006340155998865764,0.36247159328471845,0.51657833567999,0.1835096725066938,0.3212791872873667,0.005445721248785655,0.31876488037498146,0.4733517337521136,0.1999082095839657,0.291294274087946,0.0052691201368967695,0.29133595982884225,0.2692565409088908,0.27737345407017333,0.3683500433394378,0.00654996931552887,0.36501654725871674,0.4011837061884762,0.22728198375507822,0.15587148570643608,0.004431615273157756,0.1574459576275214,0.09099814985244899,0.345025470472708,0.18768020205634425,0.005118384957313538,0.1814369532395027,2.16
libero_spatial_t02_ep000_s0024_approach,libero_spatial,2,approach,libero_spatial_t2_ep0,64,0.5666495102325646,0.33280914180987925,0.0,-0.04147569376359139,0.5899461032933188,0.14051565515528158,0.006790096561113994,0.0,0.2954861706198449,0.39911697095151677,0.593390752500438,0.010534842809041342,0.0,0.4960075431995657,0.2847275366807055,0.4874562822032613,0.012637035300334295,0.0,0.7366372900447699,0.14890972372606595,0.4489382966472244,0.011356471727291742,0.0,0.17210687237363845,0.4692224274883221,0.3733785862894457,0.008254374066988627,0.0,0.49787705954896594,0.2837189972508121,0.525078351422915,0.01270386204123497,0.0,0.4669356445877873,0.3017897762961968,0.2694579997328956,0.011551854511102041,0.0,0.3350542177368232,0.37674142859338194,0.7098116653968792,0.00944871207078298,0.0,2.53
libero_spatial_t02_ep000_s0040_pre_grasp,libero_spatial,2,pre_grasp,libero_spatial_t2_ep0,64,0.2478094156961248,0.8619225232009394,0.062151636153741696,-0.0011555722426291142,0.2458724104161223,0.12613320146009716,0.0058095430334409075,0.028803100704848827,0.2816773449855042,0.17426749667920557,0.30129647881343186,0.007396049797534943,0.04097958983272863,-0.12095553077233474,0.27670306978725856,0.257231107464956,0.007502995431423187,0.028593520444588526,0.5008993223399382,0.12468082890610144,0.25844099065173537,0.0105972687403361,0.04936124646757775,0.49466647061929064,0.12434194741749023,0.2370483446110853,0.006347859899202983,0.04654668247075743,0.1848890294685419,0.20267143968959242,0.21245739818277423,0.010148068269093832,0.03364080709654113,0.6492056350105625,0.08787485044041382,0.20676423646172035,0.006655958791573842,0.0647085507541774,0.22608934784575996,0.18893824256783429,0.3135919314214876,0.008288259928425154,0.08053012510225695,2.91
libero_spatial_t02_ep000_s0064_manipulation,libero_spatial,2,manipulation,libero_spatial_t2_ep0,64,0.8720675633403078,0.5454350006221291,0.9046169859808035,0.2814753584194422,0.6265498941397867,0.5126056905931773,0.008290568987528482,0.5156675150724032,0.43233727663635974,0.4949275551951538,0.6146781676208021,0.015491247177124023,0.6436320693109873,0.7172839367649798,0.24659933259336012,0.6649928523845203,0.013529876867930094,0.6572130764805691,0.5226216210713978,0.416304718502057,0.6479302747162285,0.01620232065518697,0.6381668370846988,0.1614970783359271,0.7310908834118562,0.4214685834233792,0.010915746291478476,0.45225858552116827,0.6422374803706061,0.31204559963164047,0.6352626167309144,0.013656919201215109,0.6178206535699342,0.6834947192423263,0.2760606102827932,0.8825915604797983,0.016120115915934246,0.8521519449727617,0.6640716475026341,0.2929046418750139,0.6827969506156312,0.016884982585906982,0.6706510658447927,3.11
libero_spatial_t02_ep001_s0016_approach,libero_spatial,2,approach,libero_spatial_t2_ep1,64,1.2620327605647688,0.6156749908668402,0.0,0.13404239867348466,1.0928910488047616,0.36026543339441536,0.006005048751831055,0.0,0.556996353488462,0.5590020368600176,0.9908416418030491,0.020094193518161774,0.0,0.5728495838106958,0.539083052855033,0.783954895392819,0.010468336443106333,0.0,0.7083943570924349,0.3679936205255965,0.9601750401206349,0.014446874459584555,0.0,0.4344594497214438,0.7137055936039252,0.5864119533666865,0.015562986334164938,0.0,0.5413882313187434,0.5787746509915693,0.7119078720051729,0.010208114981651306,0.0,-0.10289353444260496,1.3918728193129695,0.4215375186218659,0.009982983271280924,0.0,0.07675531077222701,1.1651451660551013,0.2638270513808319,0.009770323832829794,0.0,2.56
libero_spatial_t02_ep001_s0032_pre_grasp,libero_spatial,2,pre_grasp,libero_spatial_t2_ep1,64,0.7894049226776921,0.3853062718670592,0.0,0.13495513131853085,0.6820808509190601,0.4260017397727309,0.00785327951113383,0.0,0.6988144242531836,0.237711858205772,0.5715124473558628,0.013084699710210165,0.0,0.8053869315429322,0.1531353013625436,0.8353752129460293,0.014825413624445597,0.0,0.7763041739188612,0.17624770248676827,0.9365101267526256,0.01899739106496175,0.0,0.7667237746488506,0.18453002981517097,0.6168551352350954,0.013907442490259806,0.0,0.7583567106589143,0.19021679379395318,0.8172307724855923,0.01276815931002299,0.0,0.5763722298560497,0.33456642191096736,0.5557492681977002,0.011480470498402914,0.0,0.253367283051597,0.58820482972138,1.028740648363984,0.017160822947820027,0.0,2.65
libero_spatial_t02_ep001_s0056_manipulation,libero_spatial,2,manipulation,libero_spatial_t2_ep1,64,0.779414753748398,0.602264315328466,0.765301076829749,-0.013634505463222646,0.7902986629244727,0.3824285810753388,0.0076748331387837725,0.39441634973942546,0.4359226133268947,0.439688328493773,0.3507422303223558,0.013667439421017965,0.33414715814614254,0.7733612183638195,0.17652141266645374,0.840791030971538,0.013565530379613241,0.8226388251518288,0.8984084140828467,0.07920283689004519,0.7439039920531801,0.013780514399210611,0.7229383084551854,0.06688977014995745,0.7271723778872968,0.26049117420869194,0.012347737948099772,0.2582778314285552,0.8337087198423943,0.1296150214363395,0.6852951382386321,0.013305097818374634,0.6678018141692372,0.3350583833493235,0.518219433262956,0.294415693980897,0.006044854720433553,0.2809678103608162,0.47792231957297293,0.4069533906709714,0.474967243137862,0.008933961391448975,0.4818236680806861,3.24
libero_spatial_t02_ep002_s0016_approach,libero_spatial,2,approach,libero_spatial_t2_ep2,64,1.4224409887858789,0.4107380908984559,0.0,0.20030344700568392,1.1374283536905947,0.4952941532240546,0.007165094216664632,0.0,0.5307967170379436,0.6672521938759263,1.7690294602986263,0.02656315763791402,0.0,0.8567701902367234,0.20373409644144358,1.2981271010408182,0.022818386554718018,0.0,0.7777072191991451,0.3160711506199956,1.5695049821567666,0.025357335805892944,0.0,0.7349575306616479,0.3769013000407198,1.5230069368776282,0.026178479194641113,0.0,0.8964900491788267,0.14723644978274084,1.351461526836939,0.023354639609654743,0.0,-0.08300690295665196,1.5405332882001497,0.6129675648123678,0.007470826307932536,0.0,0.8418872044558702,0.2249413538413332,1.2725021802971535,0.024567802747090656,0.0,2.54
libero_spatial_t02_ep002_s0032_pre_grasp,libero_spatial,2,pre_grasp,libero_spatial_t2_ep2,64,1.4402896230612694,0.44911776733274744,0.0,0.24022271036866652,1.0942698959199137,0.7715484748584771,0.011417468388875326,0.0,0.6292474528792816,0.5341610991686175,1.0608328992188352,0.012686808904012045,0.0,0.33719553063076324,0.9547126374704251,1.0252061610108185,0.016202996174494427,0.0,0.8539855649129571,0.2103913955711251,1.3193103209058787,0.018946548302968342,0.0,0.5211033742678722,0.6899734281522201,0.9123372045839647,0.013979454835255941,0.0,0.7428904699599812,0.3702531209473919,1.3241815622589648,0.016733249028523762,0.0,0.44424760796780455,0.8000911889491641,0.6529289962070345,0.00895671546459198,0.0,0.6369452998267282,0.5229086045706832,0.9461838990129787,0.012499511241912842,0.0,2.59
libero_spatial_t02_ep002_s0056_manipulation,libero_spatial,2,manipulation,libero_spatial_t2_ep2,64,0.6977007347836861,0.569884476127247,0.6890950399387439,-0.0964014236946477,0.7646080220280194,0.610247213047869,0.017134865125020344,0.6563393418881043,0.4124990836459374,0.4096285084028228,0.3310368851311843,0.015279034773508707,0.31955592558097,0.5352106858533262,0.3243372611786314,0.4388824708989631,0.020855287710825603,0.4186433947151592,0.5300653986365317,0.32762585822297163,0.3778584468554958,0.025389830271402996,0.36464648152280227,0.6159864157878737,0.2680794755459552,0.4864381724659724,0.020516713460286457,0.4911181351988165,0.5306058669634135,0.32734640086104577,0.43385134548728405,0.02337833245595296,0.4381547661678037,-0.06757966828933785,0.7443277187206535,0.6402976605163381,0.021946271260579426,0.601345230576306,0.529556111156941,0.32781008633088216,0.4594107407791885,0.022926708062489826,0.44994941397826593,3.01
libero_spatial_t02_ep003_s0016_approach,libero_spatial,2,approach,libero_spatial_t2_ep3,64,0.9676141048452926,0.35209185803713233,0.0,0.47914727634929727,0.5039737750159126,0.7043284745637685,0.009000599384307861,0.0,0.7739273941071133,0.21855229768304774,1.095847308713058,0.015317678451538086,0.0,0.5778338646966964,0.40853274562799385,0.5951968582468218,0.00862056016921997,0.0,0.8931515388183442,0.10337238964425088,0.8850588363629961,0.012268791596094767,0.0,0.5543550933238898,0.43098120004874635,0.9858304513381272,0.016821354627609253,0.0,0.8930628935524044,0.10351151102613197,0.8744673978876021,0.01182157794634501,0.0,-0.3351717766240165,1.291818405822071,0.37344278224431765,0.0065717995166778564,0.0,0.5510409721211235,0.43439804695384443,0.7415394769357739,0.009202380975087484,0.0,2.56
libero_spatial_t02_ep003_s0032_pre_grasp,libero_spatial,2,pre_grasp,libero_spatial_t2_ep3,64,0.9622500927126831,0.37650314061327556,0.01013179177539003,0.571762518119633,0.41207366117058747,0.6908804014359963,0.01519693930943807,0.01013179177539003,0.6593952990948194,0.32775414594017754,0.6348851777851595,0.01657511790593465,0.01013179177539003,0.7100649061706643,0.2789812237950446,1.0336868238769823,0.021091351906458538,0.01013179177539003,0.7289359300807484,0.2607999263210316,1.094744046862165,0.023197998603185017,0.01013179177539003,0.5576675341391896,0.4256440694554596,0.5860247426620372,0.01964949568112691,0.01013179177539003,0.7853529042728149,0.20650758695931373,1.0233866984864326,0.02246987819671631,0.01013179177539003,0.36186119297116465,0.6140435554141094,0.5872762025950554,0.009300102790196737,0.01013179177539003,0.663539514986088,0.32375059073231327,0.8191722710669498,0.019011576970418293,0.01013179177539003,2.66
libero_spatial_t02_ep003_s0056_manipulation,libero_spatial,2,manipulation,libero_spatial_t2_ep3,64,0.5593513033392761,0.5561372741869209,0.5618163714636971,-0.31804334791089195,0.7372397698750456,0.28459830626094407,0.00298917293548584,0.30516649553885106,0.3775158714864735,0.34814524952530507,0.6091048876373436,0.010529677073160807,0.6169310143739655,0.41708298938209665,0.3260380842712236,0.6899828358390035,0.014720439910888672,0.7038487216717958,0.788918485657331,0.11808507487981756,0.572198377693802,0.012808084487915039,0.5746029873243815,0.4228154410787293,0.3228247206039632,0.3074891621137293,0.007705986499786377,0.28807645192824965,0.849258939491667,0.08431635342098735,0.5608888933618755,0.012071152528127035,0.5722811525571888,0.3227822583734891,0.3788176745852083,0.42599175215565777,0.009803712368011475,0.4680449996308344,0.6187755776900464,0.2131993210999631,0.6449897917334643,0.011441349983215332,0.6549221245966327,3.06
libero_spatial_t02_ep004_s0016_approach,libero_spatial,2,approach,libero_spatial_t2_ep4,64,1.3783392081679198,0.6444103048752315,0.0,0.6092554832213766,0.5385871720270093,0.9274293209829093,0.01711072524388631,0.0,0.6333166334141591,0.5053727273774279,0.9073929034299738,0.013719459374745687,0.0,0.8261082742550586,0.23966539952702237,1.2017421452623394,0.021499037742614746,0.0,0.8740950591849727,0.17353407460060774,1.351961722622032,0.02403050661087036,0.0,0.7990631025176823,0.2769644658641366,1.111545660366907,0.019783039887746174,0.0,0.8268765684676455,0.2386105360049491,1.1869556400971544,0.021448135375976562,0.0,0.23401526832592948,1.0557411789985587,0.34284569087466094,0.006369826694329579,0.0,0.6178241765561593,0.5267317260769449,0.889307133353482,0.01602339744567871,0.0,2.57
libero_spatial_t02_ep004_s0032_pre_grasp,libero_spatial,2,pre_grasp,libero_spatial_t2_ep4,64,0.6915488700678851,0.37761191430151503,0.0,0.6195300024939772,0.2628409726523954,0.5637412068382074,0.009466171264648438,0.0,0.42254320311732485,0.3992018209415738,0.366601545774524,0.012356474995613098,0.0,0.6450601610918842,0.2454145798177757,0.638539831861579,0.017312432328859966,0.0,0.6796756917023811,0.22145927344347396,0.6947636982695817,0.019084304571151733,0.0,0.6843721716726741,0.21807590600377527,0.8547116229099657,0.02334497372309367,0.0,0.6490575843132542,0.24262783093431914,0.6253286724249804,0.019576479991277058,0.0,0.039819898177625324,0.6638106880112261,0.12389962206711395,0.0042548949519793195,0.0,0.39463444684778387,0.41861028852629506,0.3002908910079995,0.012334813674290976,0.0,2.54
libero_spatial_t02_ep004_s0056_manipulation,libero_spatial,2,manipulation,libero_spatial_t2_ep4,64,0.8979717037920932,0.6522515518610469,0.9122156898129191,0.001301595607392625,0.8968183703656551,0.20671979985904446,0.00472433865070343,0.17455986343049093,0.6537686161098432,0.31085210614478737,0.6191790020594539,0.010211408138275146,0.6420158243835031,0.5404430180492451,0.41271349688478515,0.6229628228294363,0.013473788897196451,0.6243495785875748,0.7084751548272701,0.2618187199929114,0.7803004151457436,0.012662221988042196,0.7763011831285263,0.26911203838184994,0.6562617530271679,0.3133487538144394,0.01245012879371643,0.3254891336859517,0.7201618718725354,0.2513188798390525,0.6666232790819158,0.01253583033879598,0.6642504010969694,0.6945073600175818,0.2743966269931894,0.6321431069296884,0.012234816948572794,0.6198759550752253,0.4067894987185943,0.5325232305947432,0.7726898698450536,0.010633319616317749,0.7978880579260486,2.96
libero_spatial_t02_ep005_s0016_approach,libero_spatial,2,approach,libero_spatial_t2_ep5,64,0.9641449333271012,0.634826300439046,0.0,0.6625465287445506,0.32538260009405456,0.9616380062156265,0.018598755200703938,0.0,0.5535055675527881,0.43041950190161415,1.2013209859094385,0.029458532730738323,0.0,0.9056946086307365,0.09088676746367542,0.9669627154328019,0.02277522285779317,0.0,0.7009353540608801,0.28830178119050015,1.2399981792331431,0.027928560972213745,0.0,0.2119942167984088,0.7598070610887104,0.2106541697095424,0.01844477653503418,0.0,0.7773968833661703,0.21457862059222146,1.1709876422848045,0.02691201368967692,0.0,-0.03252575655613551,0.9953091325807555,0.7041365104948584,0.00856317641834418,0.0,0.5828168787458027,0.4021336697522173,1.2438107520917068,0.021647284428278606,0.0,2.51
libero_spatial_t02_ep005_s0032_pre_grasp,libero_spatial,2,pre_grasp,libero_spatial_t2_ep5,64,0.5872194010286294,0.45542651237978565,0.0,0.39808795482500736,0.3531965635491329,0.6972551551048579,0.01418010393778483,0.0,0.5525585846705509,0.26264943419490866,0.4596520604009718,0.01036114494005839,0.0,0.4335369233426493,0.3323409199062941,0.8029371313145209,0.011957821746667227,0.0,0.6773870023531945,0.18932101866916565,0.6027020018709037,0.012845560908317566,0.0,0.1583993127243594,0.49397190411382796,0.6218084794717219,0.01571519672870636,0.0,0.6390485613290237,0.21185728395281875,0.7012723622899489,0.013662333289782206,0.0,0.2903668058886301,0.4165937846787746,0.3549876036986112,0.005645319819450378,0.0,0.3687807574640159,0.3705521571543624,0.5083742043172539,0.009676903486251831,0.0,2.45
libero_spatial_t02_ep005_s0056_manipulation,libero_spatial,2,manipulation,libero_spatial_t2_ep5,64,1.2591580065821688,0.6104950584113694,1.3260822476945335,0.2677667330123636,0.9220120288377226,0.4899383060969436,0.008706311384836832,0.46863793825075983,0.25485384201867967,0.9382448781845399,0.7218776141069556,0.019641220569610596,0.7782527209987153,0.8424888613107525,0.19833588455280662,1.1541278088421254,0.02170492211977641,1.2150957908706943,0.8840940681245254,0.14594340830163527,1.3292277120466613,0.02594455083211263,1.3901839785425858,0.6408690384801903,0.45221416753312765,0.8185607546278529,0.014939546585083008,0.8460041095617393,0.8185041289733014,0.22852911008575874,1.2915243216376142,0.023346940676371258,1.373108251641548,0.5991680723935046,0.5047157639243222,0.8258382361412924,0.012061884005864462,0.848669800536802,0.5526580687652507,0.5632735194918079,0.731261177195503,0.018459022045135498,0.7680171897372999,3.31
libero_spatial_t02_ep006_s0016_approach,libero_spatial,2,approach,libero_spatial_t2_ep6,64,1.183979269181599,0.4708706085511862,0.0,-0.26199903626605686,1.4941691232037393,0.9954050426027857,0.015021284421284994,0.0,0.5956180287355989,0.4787578025994467,0.8060514955840992,0.010134170452753702,0.0,0.8983330243731911,0.12036644177107599,1.250020206713631,0.020069221655527752,0.0,0.8611752014519807,0.1643621414005447,1.0809752605528893,0.015425026416778564,0.0,0.24183723280961425,0.8976363611824313,0.9061794958640025,0.01350635290145874,0.0,0.949701049115034,0.05955671748780548,1.239696666218019,0.018808027108510334,0.0,0.3916604249932423,0.7202583858337194,0.7303775507802849,0.011831243832906088,0.0,0.6808433547778207,0.3778640522016275,0.8192245535355557,0.01008764902750651,0.0,2.48
libero_spatial_t02_ep006_s0032_pre_grasp,libero_spatial,2,pre_grasp,libero_spatial_t2_ep6,64,0.5798306835162506,0.9138546558236871,0.0,0.025743428021412235,0.5723569925992114,0.27770321356808986,0.010003209114074707,0.0,-0.14788253016807815,0.6404875107835314,0.7795793751199865,0.011876265207926432,0.0,0.2098790524353978,0.45678292777888085,0.48368795245117874,0.3453975518544515,0.0,0.2640116863685061,0.42656416040859035,0.41617972093435696,0.340518260995547,0.0,0.3824866979796095,0.3555668093539701,0.64253207987319,0.33688618739446,0.0,0.22635585624403576,0.44747124400699495,0.5210080596009738,0.3445770541826884,0.0,-0.06160981713439314,0.6154640659173859,0.6124368504608525,0.33889399965604144,0.0,0.0028032230406367744,0.5780343683840518,0.7957645059198327,0.3450099428494771,0.0,2.53
libero_spatial_t02_ep006_s0056_manipulation,libero_spatial,2,manipulation,libero_spatial_t2_ep6,64,1.040012642969573,0.35607423167427416,1.0171173507660631,0.15120546397143983,0.8827784083646706,0.4382487556814079,0.006717165311177571,0.4483006706742288,0.3071527942768284,0.720580835185927,0.579778450951912,0.012297517309586206,0.5678766306935618,0.5203908350796521,0.49878951518848647,0.7568289446240128,0.022532999515533447,0.9231309729194767,0.4941297079987115,0.5261163499680309,0.8908531285337351,0.025951037804285686,0.8945831845106098,0.33877516554031945,0.6876563386239569,0.9203548758090863,0.027763853470484417,0.9156218628331454,0.6256480880939796,0.38932901530961067,0.8220395363766296,0.024694631497065227,0.8479385403073113,0.8450278306270357,0.16122036585400332,0.8961577310301179,0.028934677441914875,1.1074318577600257,0.6012978795281375,0.41467524111080173,0.667117787914146,0.03031519055366516,0.6636773956300894,3.21
libero_spatial_t02_ep007_s0016_approach,libero_spatial,2,approach,libero_spatial_t2_ep7,64,1.110079652832938,0.546030803317576,0.0,0.16111048588929888,0.9311809390433562,0.25987693662855066,0.00509790579477946,0.0,0.260559602139898,0.8207658376509608,1.2395541197996554,0.018403271834055584,0.0,0.5728379760163379,0.4741151921139451,1.082683167597652,0.012508034706115723,0.0,0.5462785313615269,0.5036185893799613,0.9846884384750555,0.014074782530466715,0.0,0.3648323254012626,0.705011461770711,1.1710625582485767,0.01725137233734131,0.0,0.6233631364944129,0.4180294662053557,1.1587643407318058,0.014285683631896973,0.0,0.2135615923891536,0.8729709252016815,0.6818311337849431,0.0122373898824056,0.0,0.2529914629881555,0.8291377764465794,1.2501123850397953,0.017970164616902668,0.0,2.54
libero_spatial_t02_ep007_s0032_pre_grasp,libero_spatial,2,pre_grasp,libero_spatial_t2_ep7,64,0.447325898579666,0.9985538506869307,0.0,0.6440477249754354,0.10935027185655015,0.4474420081464145,0.32865818589925766,0.0,-0.031683275711639945,0.3481352397039054,0.5882258156662961,0.3332320650418599,0.0,0.4397901597995646,0.1886356855630702,0.5627047672578237,0.33319363991419476,0.0,0.27973956907015884,0.2460379828635251,0.5555344824275329,0.3332301775614421,0.0,0.27885189182364833,0.24932513561885572,0.3827781907517469,0.3331197102864583,0.0,0.5183296428890629,0.16413645921175565,0.5170996108146274,0.33295797804991406,0.0,0.13491746005496633,0.43237890881199137,0.33872052388608087,0.012440423170725504,0.0,0.481075778211455,0.18655580050911288,0.5307580940255516,0.33068740367889404,0.0,2.58
libero_spatial_t02_ep007_s0056_manipulation,libero_spatial,2,manipulation,libero_spatial_t2_ep7,64,0.6058597693097388,0.6319203893814328,0.5324498136680108,-0.2717466922835827,0.7705147912452617,0.2555289366443715,0.009517287214597067,0.25691555875648486,-0.05236338842468243,0.6375791426452454,0.27468404357406784,0.00830469528834025,0.2572039433218787,0.6609732330506746,0.20538083323710601,0.5919983555353953,0.009013076623280844,0.553009513295175,0.6034892089845662,0.24020877411641298,0.665385257560891,0.011900484561920166,0.6066965624278687,0.0173622149476728,0.5953311930592726,0.2688186166057756,0.008676687876383463,0.2638111413318829,0.4319866857656632,0.3441372769105886,0.787876339336581,0.012252628803253174,0.745850816515348,0.45279901594097954,0.3314425213218155,0.755797639727947,0.010267853736877441,0.7709175528821326,0.634084369092846,0.22168478482165654,0.5455140987043096,0.012660900751749674,0.483834705572704,3.04
libero_spatial_t02_ep008_s0016_approach,libero_spatial,2,approach,libero_spatial_t2_ep8,64,1.4785286941308122,0.484182256174793,0.0,0.11669528718630955,1.3059693595972872,0.30000843584788855,0.006995161374409993,0.0,0.7367323381411895,0.38917858278053563,1.109807710023061,0.015236337979634603,0.0,0.8504288286728103,0.22110689016688292,1.3049214506875617,0.01865386962890625,0.0,0.930030890569579,0.10341250806101139,1.376318351906722,0.01976633071899414,0.0,0.7092157044291669,0.42987553879202817,1.0541234314624226,0.016338507334391277,0.0,0.8756378038297666,0.18383425735954365,1.320761906064088,0.01874750852584839,0.0,0.2725297108398438,1.075601528202081,1.5524822379966814,0.027883410453796387,0.0,0.574162848097987,0.6295756146323376,1.2260125315172348,0.021087924639383953,0.0,2.54
libero_spatial_t02_ep008_s0032_pre_grasp,libero_spatial,2,pre_grasp,libero_spatial_t2_ep8,64,0.2547385754881799,0.5258695212585611,0.0,0.02909536261051378,0.24608211762815588,0.2559217932632395,0.004349619150161743,0.0,0.5845465086713763,0.10555323580887592,0.25236607857963317,0.006013959646224976,0.0,0.12987578823157545,0.22005301780621808,0.36502905245725253,0.009123156468073526,0.0,0.43588858090253496,0.14268543643901163,0.2806277590263859,0.012303104003270468,0.0,-0.006913444103376243,0.2551106464666076,0.37081245814129754,0.009044369061787924,0.0,0.2555430577367734,0.187887788092868,0.26954957732424684,0.011678745349248251,0.0,-0.3167348778346964,0.33330305263738563,0.2108848333520258,0.006255427996317546,0.0,-1.2230365426966712,0.5619892992694947,0.36902625545564466,0.008522609869639078,0.0,2.57
libero_spatial_t02_ep008_s0056_manipulation,libero_spatial,2,manipulation,libero_spatial_t2_ep8,64,0.8172392350504141,0.6625419271603173,0.8483686747020606,0.5314638713717829,0.38304949199779,0.6894715919614399,0.011420965194702148,0.6879887192348839,0.41344387398011984,0.4793416359827711,0.6252277721918268,0.014032850662867228,0.658100290728535,0.648873142939839,0.28684363806509783,0.7224821614020763,0.014114677906036377,0.740570685233987,0.7939927923725074,0.16832369471680053,0.6883083725024299,0.01730036735534668,0.706294540273762,0.3156304212715531,0.5592288762305563,0.818653085457045,0.014835486809412638,0.8443243940058163,0.6486306443439546,0.2871504378307108,0.555475153591731,0.01389533281326294,0.5802348462341503,0.3971157853711457,0.4928276193418148,0.38987608122363304,0.011542042096455893,0.4035801731495384,0.59035119315981,0.3347171798895386,0.7711032652130633,0.015868812799453735,0.8064315393114082,2.77
libero_spatial_t02_ep009_s0016_approach,libero_spatial,2,approach,libero_spatial_t2_ep9,64,0.7989911582377298,0.6847281196753164,0.0,0.2356624758878684,0.6106722082663585,0.2852963839447047,0.005578204989433289,0.0,0.022667041777709618,0.7808174117081949,0.5269293576736946,0.007396022478739421,0.0,0.5321746938793116,0.37375604839714044,0.6033742222470474,0.00960331161816915,0.0,0.5641756071138299,0.3481981105815907,0.5224027624887482,0.007500022649765015,0.0,0.023795428278636083,0.7798679151316295,0.6435252711171784,0.010561267534891764,0.0,0.7578683342515005,0.19343958210441,0.6657752847256274,0.010082523028055826,0.0,0.321764528138669,0.5419006232596147,0.27597052362150226,0.0041701098283131914,0.0,0.4219532350995437,0.4618126724576271,0.44120300667306217,0.006347422798474629,0.0,2.47
libero_spatial_t02_ep009_s0032_pre_grasp,libero_spatial,2,pre_grasp,libero_spatial_t2_ep9,64,0.27802281751407765,0.44770018508118586,0.0,-0.3005420398359271,0.36151668889597194,0.08833183383414293,0.007351661721865336,0.0,0.4208668125074844,0.16094720609987226,0.13239099270546753,0.007841219504674276,0.0,-0.4055617631058943,0.39072197682235205,0.5681240089105005,0.014558732509613037,0.0,0.38423897959103054,0.1711643434713954,0.25877625016372163,0.009367942810058594,0.0,0.13859649320134762,0.23947724374364818,0.17331270212156868,0.007589797178904216,0.0,0.5856272801143614,0.11516831115466226,0.2909393909183777,0.01130776604016622,0.0,-0.49006968404838397,0.41435630875647056,0.2272594760165629,0.005318860212961833,0.0,0.3193636028666414,0.18922825270099677,0.3867553307266712,0.009289359052975973,0.0,2.52
libero_spatial_t02_ep009_s0056_manipulation,libero_spatial,2,manipulation,libero_spatial_t2_ep9,64,1.1380519786561087,0.7645520395795377,1.1834612498361736,0.07334468411151918,1.0545516361170757,0.34664974057876,0.004785617192586263,0.3635116578946253,0.6014673265214655,0.45351783324612116,0.85894419422822,0.02442393700281779,0.8771367279894262,0.8604207619747161,0.1588828329163586,1.026969348893747,0.025946468114852905,1.0746214572358728,0.7692510187640126,0.2625115171676176,0.9706395630107578,0.024496535460154217,1.0207682198772878,0.6224666955302356,0.4296420646145398,1.0895445857043116,0.028695811827977497,1.0825229320615997,0.750003136707791,0.28452084690027585,0.997579180904126,0.02785020073254903,1.0512561095746265,0.5595041520237425,0.5012745300912832,0.7396579433640923,0.0192702313264211,0.7522316464540093,0.6002246741381296,0.454937972085992,1.247465195218843,0.03284878532091776,1.2452084161202799,2.93
