state_id,suite,task_id,phase,episode,D_median,G_median,U_median,cos_median,D_over_G_median,G_over_htnorm,frac_tokens_G_lt_D,sp_D_U,sp_G_U,sp_D_G,sp_cos_U,sp_absDG_U,sp_1mcos_U,pe_D_U,sp_D_U_b4a_cosperm,sp_D_U_b4b_cos0,sp_G_U_b4a,sp_D_1mcos,sp_D_relerr,sp_S_resid_iso,sp_S_resid_lin,sp_S_U,sp_S_D,sp_resid_iso_errdev,sp_D_errdev,sp_U_errdev,sp_S_errdev,sp_DS_errdev,sp_US_errdev,sp_Datt_errdev,sp_att_errdev,u_float16_rel_error
libero_goal_t08_ep000_s0016_approach,libero_goal,8,approach,libero_goal_t8_ep0,7.807795929420375,4.411965935085123,7.5467513906816714,0.35087466533524014,1.4746604018004281,0.159202858600839,0.765625,0.8762016479743648,0.3255250057221332,0.5466918917372396,0.12238212405584802,0.34149762531471733,-0.12238212405584802,0.6528324047590495,0.8091625658045319,0.959118934538796,0.48705724994277866,-0.4905055504692149,-0.35466997596704053,-0.21413295376516364,-0.1728477626459144,0.15029254406042572,0.2793788624399176,-0.19807807850766765,0.42375042915999084,0.297773374914168,0.8665183680476082,0.8891944666971847,0.8817778667887388,0.4644998855573358,0.1310718986037995,0.0003228199893089266
libero_goal_t08_ep000_s0032_pre_grasp,libero_goal,8,pre_grasp,libero_goal_t8_ep0,7.106473767034119,3.512961210697731,6.970946167396581,0.3348264953337997,1.5549315192251152,0.12676319553094786,0.80859375,0.9239328221560998,0.3781242847333486,0.49048981460288393,0.2571591039139391,0.2553816662851911,-0.2571591039139391,0.8053491221105314,0.8741223678187228,0.9573615243762875,0.4799296177615015,-0.5008747711146716,-0.324117360952163,-0.24198543717097734,-0.25760256923781183,0.06878290226596476,0.16377603570611124,-0.1392023346303502,0.3353899633783474,0.2715602826733806,0.8543888761730373,0.8769970244907301,0.8857547493705653,0.3095809967956054,0.058754148546578164,0.00024559276846997525
libero_goal_t08_ep000_s0056_manipulation,libero_goal,8,manipulation,libero_goal_t8_ep0,7.220911479129295,2.7420406264429253,7.231025234628689,0.1569566870283729,2.0801127521769356,0.09894502948599823,0.8125,0.9387266823071642,0.2991237983520256,0.34527208743419546,0.25112582970931563,0.47658145456626233,-0.25112582970931563,0.7893836735552313,0.912233205539025,0.962198157473106,0.4206218528267338,-0.3912630178530556,-0.16236338406958115,-0.0709680418860151,-0.20716768711375602,-0.16677371824216067,-0.14583929388876174,-0.08639920462348363,0.0847025921263447,0.07758068207827878,0.7857440203707943,0.8137889105058366,0.8156993877317464,0.2539017795834287,0.2071562428473335,0.0002982295969476486
libero_goal_t08_ep001_s0016_approach,libero_goal,8,approach,libero_goal_t8_ep1,7.655270255985625,4.187856267577663,7.66826292625327,0.3608742905899167,1.5209113815328383,0.15111606001062028,0.75390625,0.823222562371252,0.23112196726939804,0.5310111009384298,0.014878976882581826,0.43667958915083543,-0.014878976882581826,0.608001419482448,0.8195868619821469,0.9542086289768826,0.4819330796520943,-0.47182493133440145,-0.3610601682307164,-0.35573143167772947,-0.37593986037994964,-0.04430075532158389,0.19803087090867474,-0.285834859235523,0.32088721675440607,0.1023668173495079,0.8803616388189517,0.8957734893568322,0.8937929159990845,0.48177786678873885,0.2816269455252918,0.0003442347258928972
libero_goal_t08_ep001_s0032_pre_grasp,libero_goal,8,pre_grasp,libero_goal_t8_ep1,7.173788994277865,2.5180661307244927,6.948146957907358,0.24841927615740778,2.109973742059775,0.09086281116768476,0.87109375,0.9243877317463951,0.27689116502632183,0.4329337376974136,0.23118705653467614,0.30283960860608833,-0.23118705653467614,0.7403349309341093,0.9128984035248341,0.9790441176470588,0.4126237411306935,-0.4794975967040513,-0.2527416170748455,-0.14925326161593042,-0.21384398603799495,-0.03365544174868391,0.03059624628061341,-0.15511201075761044,0.24958443007553216,0.17167615587090868,0.8310904955367361,0.8671599622339208,0.8599550812542917,0.25774490730144195,0.060063086518654156,0.00031958414486646917
libero_goal_t08_ep001_s0056_manipulation,libero_goal,8,manipulation,libero_goal_t8_ep1,7.079178419764072,3.144907847611641,7.048023034094131,0.2823701393093894,1.8128972693696759,0.11348223723122791,0.77734375,0.9343320840009155,0.3209472991531243,0.3020435168230716,0.19671048867017624,0.38496724078736555,-0.19671048867017624,0.8274299664171086,0.9094336518654155,0.9427021343556878,0.4077284561684596,-0.3693393797207599,-0.1153067063401236,0.06662994964522774,-0.009472276264591439,-0.07088936255436026,-0.10131752117189288,0.13129935339894713,0.11472090295262073,0.15292114900434883,0.8112203879606317,0.8407494563973449,0.8402974078736553,0.2577406157015335,0.16677085717555504,0.0003455640153585215
libero_goal_t08_ep002_s0016_approach,libero_goal,8,approach,libero_goal_t8_ep2,7.522907281058834,4.8199267697152886,7.089432605800497,0.4850077544555479,1.2720890877472533,0.17392402893110942,0.6875,0.9184045262073701,0.4348964293888762,0.559897859922179,0.17270971618219272,0.47159103913939115,-0.17270971618219272,0.7703598013713736,0.8598220416571298,0.9535663195239186,0.5549925612268254,-0.4524340524147402,-0.33495222018768595,-0.103481202792401,-0.08785548752574959,0.19146329251544977,0.22914854657816433,-0.07587262531471732,0.4145263504234379,0.3796141851682307,0.8792651350423438,0.9133411535820554,0.9097455081254292,0.4769812886243992,0.17003891050583658,0.00036497348598997525
libero_goal_t08_ep002_s0032_pre_grasp,libero_goal,8,pre_grasp,libero_goal_t8_ep2,7.40173871530612,3.3224703276510725,7.252557571041102,0.32213810092037376,1.704633656243074,0.11988969372575471,0.79296875,0.915651464866102,0.34803945410849163,0.45349407759212634,0.2928974021515221,0.3285083829251545,-0.2928974021515221,0.6960669606071542,0.8961504348821241,0.9663982032501717,0.45086547264820326,-0.5291399633783475,-0.27399934195468073,-0.15608620393682765,-0.19129806591897458,0.07176198786907759,0.1488405527580682,-0.12320396543831541,0.3104393167772946,0.24640292401007097,0.8525298981460289,0.8717541199359121,0.8754520485236896,0.3138210975051499,0.1116481174181735,0.0003546782025555562
libero_goal_t08_ep002_s0056_manipulation,libero_goal,8,manipulation,libero_goal_t8_ep2,6.921018815324616,2.811746080832008,7.199029750389568,0.12345036499968345,1.9931872270250712,0.10145949997788076,0.84765625,0.957222047379263,0.4175619420920119,0.38312256809338524,0.12402294575417716,0.38967655642023347,-0.12402294575417716,0.8766413540195678,0.9358792057679103,0.9703693636987869,0.4698279068436713,-0.27847405012588694,-0.11758196955825131,-0.028472619592584115,-0.10136329823758297,-0.12346789883268483,-0.11117961776150148,-0.008520256351567864,0.19665755893797207,0.18576118677042802,0.7718249313344014,0.8244907301441977,0.8267166399633783,0.38907716296635386,0.28941119249256125,0.0003316055377559581
libero_goal_t08_ep003_s0016_approach,libero_goal,8,approach,libero_goal_t8_ep3,7.915275652682814,3.715885469754829,7.3616874117825635,0.4189237517378501,1.7605848075960306,0.13408576015180237,0.765625,0.9036800469214923,0.33049897001602196,0.555297264820325,0.2174968528267338,0.28436140993362324,-0.2174968528267338,0.6745130590862131,0.8762681677729458,0.9626080052643625,0.4873068780041199,-0.5271787022201877,-0.3922043087663081,-0.2633690489814603,-0.1993913080796521,0.09162494277866788,0.22992818722819866,-0.21324673838406957,0.3929353112840467,0.2720359349965667,0.8563122281986725,0.8832384412909132,0.8792029068436713,0.46653481918059053,0.2390621423666743,0.00023624487031244227
libero_goal_t08_ep003_s0032_pre_grasp,libero_goal,8,pre_grasp,libero_goal_t8_ep3,6.77222921918228,2.274864996122555,7.086335226821522,0.16419684644660323,2.43535905871045,0.08208703599560359,0.890625,0.9160141050583658,0.3099829766536965,0.379228656443122,0.17550998512245364,0.3373025864042115,-0.17550998512245364,0.7658894551845141,0.9145706969558252,0.9600788223849851,0.43620465209430076,-0.40831211375600823,-0.2018990329594873,-0.019740644312199587,-0.07330696383611811,-0.028402523460746166,-0.025178101396200504,0.06439331082627603,0.19353828107118334,0.20674496452277408,0.8305948157473106,0.8610036621652553,0.8666349565117876,0.30073171778439,0.17044160563057908,0.00031709158100548654
libero_goal_t08_ep003_s0048_manipulation,libero_goal,8,manipulation,libero_goal_t8_ep3,7.903461803152208,3.0349873785413433,7.447834615583014,0.2729900752585809,2.043663424817148,0.10951495774023828,0.84765625,0.9208500228885328,0.2084952220187686,0.3746716926070039,0.18995551041428244,0.3410427157244221,-0.18995551041428244,0.7490710336563745,0.9067421034561685,0.9703228713664455,0.36818207827878235,-0.44522416456855113,-0.23551942664225223,-0.2234736209658961,-0.40108720531013964,-0.20218442435339895,-0.08469114785992218,-0.15303559166857406,0.19265707255664913,0.09867818722819867,0.7355573357747769,0.7808000972762645,0.7708850709544518,0.3902609292744335,0.3342941748683909,0.0002946834343592466
libero_goal_t08_ep004_s0016_approach,libero_goal,8,approach,libero_goal_t8_ep4,7.708768530735474,3.547215735484129,7.328628551877126,0.3342063900095202,1.7171384752774865,0.12799948317039367,0.78125,0.8631916628519112,0.264986266880293,0.5259985122453651,0.1203872453650721,0.43735623140306706,-0.1203872453650721,0.6134056747737073,0.8363269626916915,0.960822699702449,0.46866845960173953,-0.49576347562371254,-0.3580646314946212,-0.32410448615243764,-0.3088335431448844,-0.0020213435568780043,0.19497096017395285,-0.21120179102769512,0.3216382467383841,0.17488555733577477,0.8754041256580454,0.883941548409247,0.8927135786221103,0.4196862840466926,0.20385743305104143,0.00030242343732210557
libero_goal_t08_ep004_s0032_pre_grasp,libero_goal,8,pre_grasp,libero_goal_t8_ep4,6.96951219673936,3.1596734626698955,7.0598762921497915,0.23494670263804962,1.8258462642180522,0.11401477716240521,0.77734375,0.89140750171664,0.26199931334401466,0.39142681391622797,0.23420333600366217,0.41163595788509955,-0.23420333600366217,0.6398184323069066,0.8882281414511329,0.9636780441748684,0.402300297550927,-0.4966196498054475,-0.23502231631952392,-0.08068493934538797,-0.17399290455481803,-0.03826247425040055,0.015356775005722132,-0.04511115243762875,0.24198829823758297,0.19601024261844815,0.7944523918516823,0.8281257152666515,0.8350473506523232,0.30135185397116043,0.15060583085374227,0.00038635997970956675
libero_goal_t08_ep004_s0056_manipulation,libero_goal,8,manipulation,libero_goal_t8_ep4,6.853085396379434,2.62344237751915,7.204519893348948,0.12397322628629756,2.0662149188322623,0.09466567114531088,0.8515625,0.9370694094758526,0.35071812771801325,0.34220073243305105,0.2057643339436942,0.348203250171664,-0.2057643339436942,0.7550760443372727,0.9142838750286106,0.966433966582742,0.3981803616388189,-0.37992031929503317,-0.1371252002746624,-0.14774834058136874,-0.23572041657129778,-0.15958457312886243,-0.11879863813229571,-0.05747668230716411,0.14048051613641566,0.1152780956740673,0.7709158274204624,0.8114142252231632,0.8165469787136644,0.3207699130235752,0.2646057450217441,0.00035513103494687624
libero_goal_t08_ep005_s0016_approach,libero_goal,8,approach,libero_goal_t8_ep5,7.628591896031283,4.411398459401431,7.150827295896892,0.45558971696666173,1.4949813927161841,0.15918180616983857,0.76171875,0.8775813973449302,0.3854128519111925,0.5660362783245594,0.11596975852597849,0.34624556534676126,-0.11596975852597849,0.6771794530040126,0.8349987125200274,0.9616609922178988,0.5041142137788968,-0.4935132467383841,-0.3459937914854658,-0.3914947642481117,-0.3266751544975967,0.11652623598077363,0.2946755550469215,-0.30722419317921723,0.40401765278095675,0.26224035820553904,0.8868040455481804,0.8925597962920577,0.8984571698329137,0.46593685626001374,0.19502460517280842,0.0004002695103859044
libero_goal_t08_ep005_s0032_pre_grasp,libero_goal,8,pre_grasp,libero_goal_t8_ep5,7.509934865185944,2.9081355810315728,7.076313900018215,0.3622745301502438,2.033657284720708,0.10493846665519067,0.8671875,0.9341139276722362,0.37178416113527124,0.5073372053101396,0.2673859864957656,0.24706812199588007,-0.2673859864957656,0.7715981523086545,0.9039990558480201,0.9755858033875029,0.4665326733806363,-0.5105315861753261,-0.33598578049897004,-0.2652051384756237,-0.2715774490730144,0.02577964065003433,0.1099078736552987,-0.18188372625314717,0.29206840810254064,0.22396429388876174,0.8062771801327535,0.8410512989242389,0.8405584802014191,0.3303065632867933,0.09323286221103227,0.0003815346260905982
libero_goal_t08_ep005_s0056_manipulation,libero_goal,8,manipulation,libero_goal_t8_ep5,7.27692368087461,2.293087576094174,7.237544046466823,0.2529784608615888,2.4490481533290565,0.08274473583844041,0.91796875,0.9515864614328221,0.3437943465323873,0.3780405985351339,0.1594143396658274,0.32763504234378577,-0.1594143396658274,0.8452135887282609,0.9478112840466926,0.9739921892881667,0.44195038910505835,-0.343320124742504,-0.17151522087434196,-0.11909761959258411,-0.3049939917601282,-0.17628676470588237,-0.12618591210803387,-0.06804403181506065,0.148691062027924,0.11857118333714808,0.7823243305104143,0.8267788681620508,0.8282194151979858,0.3162351224536507,0.25313215266651407,0.0003496297592227033
libero_goal_t08_ep006_s0016_approach,libero_goal,8,approach,libero_goal_t8_ep6,7.914943778837488,4.312625745395263,7.210433054113551,0.4174738983381463,1.5222331272919354,0.15561847856475164,0.77734375,0.849919174868391,0.2913710231174182,0.5728127145799954,0.09658746280613413,0.45295333600366217,-0.09658746280613413,0.6877395293563531,0.8384148260471503,0.9592548352025635,0.4963192378118563,-0.5026586461432823,-0.39892566948958574,-0.30636301213092243,-0.25881780727855347,0.1192914568551156,0.29373569466697186,-0.22434123941405357,0.4038824673838407,0.25564059281300067,0.8773818379491874,0.886329823758297,0.8897666800183108,0.5029411764705882,0.28244234950789654,0.0002575918591326665
libero_goal_t08_ep006_s0032_pre_grasp,libero_goal,8,pre_grasp,libero_goal_t8_ep6,6.622572821098645,2.3655358827027273,6.731087557940819,0.21448231611261193,2.250934339415847,0.08535934270807878,0.88671875,0.9153582055390249,0.25209215495536735,0.43006265735866334,0.17622239070725568,0.35741230830853743,-0.17622239070725568,0.7553189249444809,0.8881852254520485,0.9708307106889449,0.43524834058136874,-0.45348477912565804,-0.2558115415426871,-0.20595387960631723,-0.305351625085832,-0.11508926527809567,-9.58457312886244e-05,-0.1519848649576562,0.2378669317921721,0.13080438887617304,0.8528939688715953,0.8927965495536736,0.8892195010299839,0.32128991187914857,0.1511608777752346,0.00030061828866868526
libero_goal_t08_ep006_s0056_manipulation,libero_goal,8,manipulation,libero_goal_t8_ep6,7.22012265665177,4.0515792550975105,7.448136308627623,0.2920735693675135,1.3809480529150495,0.1461994160645656,0.69921875,0.9050741016250858,0.46949244678416113,0.5332384412909132,0.33408388647287707,0.32497639620050356,-0.33408388647287707,0.7601479454711659,0.8618941691462577,0.9431892309452964,0.5863305390249485,-0.5608899347676813,-0.36972419317921723,-0.17514305333028152,-0.16026622224765394,0.059102483405813686,0.06848034447241932,-0.13906786449988556,0.29407330052643627,0.2926821068894484,0.8048867017624171,0.8455395971618219,0.8397366388189517,0.4210252632181277,0.17296649691004806,0.00034006499730075446
libero_goal_t08_ep007_s0024_approach,libero_goal,8,approach,libero_goal_t8_ep7,8.033917376067677,3.9208624093146627,7.532536971546962,0.4118459989374549,1.6338137383493163,0.14148195108342068,0.78515625,0.9000085831998169,0.44515263790341036,0.6123033016708629,0.3289976253147173,0.1108262760357061,-0.3289976253147173,0.738014223897474,0.8682156958113985,0.9693751430533303,0.5314924753948272,-0.618339436942092,-0.45399047264820325,-0.20501258869306477,-0.19236166742961777,0.18105759327077134,0.26555490386816205,-0.12082284275577936,0.42068908789196613,0.3613670176241703,0.8658910791943236,0.8921463721675441,0.8902487697413596,0.4651264591439689,0.1787694552529183,0.00032767693748435046
libero_goal_t08_ep007_s0040_pre_grasp,libero_goal,8,pre_grasp,libero_goal_t8_ep7,6.316059900756357,2.2374414988870086,6.508706665348259,0.21906537940166051,2.4866853250595806,0.08073691290244273,0.8984375,0.9373390650034332,0.3005085545891508,0.3959401464866102,0.18669747081712063,0.29103913939116505,-0.18669747081712063,0.8248805216220889,0.9187178130006867,0.9747668230716411,0.42000743877317465,-0.41280684939345386,-0.20767481116960404,-0.16072470817120624,-0.2142316605630579,-0.033043888761730374,0.021893596932936597,-0.17010972190432594,0.2475473506523232,0.18353885328450445,0.8420769913023575,0.8788188086518655,0.8759305619134814,0.3439066433966583,0.23302886816205082,0.00031390318743450263
libero_goal_t08_ep007_s0056_manipulation,libero_goal,8,manipulation,libero_goal_t8_ep7,7.269364457267029,2.6843854603182686,7.461192918659709,0.24385312231706888,2.187272902369934,0.09686445803517903,0.82421875,0.9289439803158618,0.34141393911650264,0.3382853627832456,0.28271343556878004,0.4117461089494163,-0.28271343556878004,0.7799448268821464,0.9191398203250172,0.9510128175783932,0.37266608491645686,-0.4455882352941177,-0.1728305962462806,0.02120765621423667,-0.15409347104600596,-0.10055504692149234,-0.10688587205310139,0.09458471618219272,0.12112826161593042,0.15782930876630807,0.7690825989929045,0.7968842984664684,0.8109414339665827,0.3418774319066148,0.2975394827191577,0.0003026854638972571
libero_goal_t08_ep008_s0016_approach,libero_goal,8,approach,libero_goal_t8_ep8,8.349074931355368,4.388063151739377,7.698098268847476,0.4097223513607713,1.5427699211988335,0.15834085043176688,0.73828125,0.8533216983291371,0.29467841611352713,0.5870021744106203,0.11305361638818952,0.36229114213778896,-0.11305361638818952,0.6609372838387737,0.8430440318150606,0.9511487182421606,0.4980458915083543,-0.5187728885328451,-0.41918488212405586,-0.4010550183108263,-0.3816441119249256,-0.002140793087663081,0.23702792401007095,-0.3124442092011902,0.3876287479972534,0.17590338178072787,0.8724958514534218,0.8946440833142596,0.8921449416342413,0.47755779354543376,0.246425812542916,0.0003549115084209275
libero_goal_t08_ep008_s0032_pre_grasp,libero_goal,8,pre_grasp,libero_goal_t8_ep8,7.414953088105427,2.7818445254837645,7.113874354939958,0.3262365942002836,2.2783448433794113,0.10038141719762975,0.875,0.9232783531700618,0.2660362783245594,0.4213399805447471,0.17690260929274434,0.2712763218127718,-0.17690260929274434,0.7120269077789012,0.9157873655298695,0.9731381609063859,0.41136415655756464,-0.4460002288853285,-0.2447899977111467,-0.28730187113756006,-0.31007238498512246,-0.03642209315632868,0.052697985809109636,-0.22844043259327076,0.2760163939116503,0.18193594071869992,0.8087541485465781,0.8509555962462806,0.844292172121767,0.3504041256580453,0.17099093041886015,0.00028415623370693833
libero_goal_t08_ep008_s0056_manipulation,libero_goal,8,manipulation,libero_goal_t8_ep8,7.25989361589736,2.9611674813992748,7.1967769517717315,0.2695654454011613,1.8720036289707813,0.10685166375045103,0.796875,0.9452327477683681,0.42751559281300067,0.45000572213321127,0.2853477626459144,0.25375658045319294,-0.2853477626459144,0.819249556778615,0.9113055046921492,0.9595459487296865,0.5252489127946899,-0.44922679674982835,-0.25693236438544287,-0.031108377203021287,-0.10714193751430533,-0.04084172579537652,-0.04035892080567636,-0.053290226596475164,0.18662665941863127,0.17756709201190204,0.8052650778210116,0.8472540913252461,0.8361467154955368,0.26890378233005263,0.11240844586861982,0.00038713274291681855
libero_goal_t08_ep009_s0016_approach,libero_goal,8,approach,libero_goal_t8_ep9,7.880331693751804,4.722434822651582,7.161877132408067,0.46733198548151705,1.3857294424436364,0.17040658190627653,0.765625,0.8596560997940033,0.31350638017853055,0.5695639734493019,0.07134713321126115,0.38646357862211034,-0.07134713321126115,0.6401868168840934,0.799175297550927,0.9567928873884184,0.4840581368734264,-0.47612869077592124,-0.3610408560311284,-0.2832634756237125,-0.25488097962920575,0.09613756008239872,0.2695840009155413,-0.21481960975051498,0.422417172121767,0.2678437571526665,0.8833550297550927,0.9053630693522545,0.9007445925841153,0.444183451590753,0.12226267452506294,0.00034854137973664947
libero_goal_t08_ep009_s0032_pre_grasp,libero_goal,8,pre_grasp,libero_goal_t8_ep9,7.270239315266787,2.8828110174574624,7.133159723318616,0.24757775977893365,2.0769186802706994,0.10402354778436332,0.84765625,0.9118133440146486,0.37294718471046007,0.4976217383840696,0.2469107633325704,0.18516536964980546,-0.2469107633325704,0.7165912079305992,0.8738047894254978,0.9728491931792173,0.46233620393682767,-0.5139040684367132,-0.31402137216754406,-0.15849593728542,-0.12663009269855802,0.07594272144655527,0.1294060425726711,-0.08289153696498054,0.3161793316548409,0.29053201533531703,0.8393074788281071,0.8664790283817807,0.8734214065003433,0.26098578049897003,0.024409189745937285,0.0002833171062240468
libero_goal_t08_ep009_s0056_manipulation,libero_goal,8,manipulation,libero_goal_t8_ep9,6.990951207516552,2.4033976490980313,7.066741125176458,0.2181011179584021,2.2668844252471043,0.08672506958078485,0.8515625,0.9351324673838407,0.2596818493934539,0.34319137674525063,0.18532630464637218,0.32877732318608377,-0.18532630464637218,0.7821345023257713,0.9177800984206912,0.9747003032730602,0.3439946211947814,-0.390888218127718,-0.18347447928587776,-0.19072370679789424,-0.3038474193179217,-0.16576733806363012,-0.09774977111467155,-0.17166399633783475,0.10353842412451363,0.04219286449988556,0.801459859235523,0.8174424925612268,0.8178394655527581,0.3039768825818265,0.2568486781872282,0.000289860261732398
libero_object_t00_ep000_s0024_approach,libero_object,0,approach,libero_object_t0_ep0,5.435387081173559,1.9343703227031994,5.695674020518004,0.0686312076858295,2.1292271870790667,0.069800003179664,0.83984375,0.9591933222705424,0.5741588464179446,0.6011630235751888,0.32118333714808883,0.4573364900434882,-0.32118333714808883,0.768891555127824,0.9230730716411079,0.9883039597161822,0.6279147116044862,-0.4735129606317235,-0.19987268253604945,-0.009146114671549554,-0.17612869077592128,0.08566462577248798,0.09142180704966811,0.03396515220874342,0.27015836003662164,0.27486052300297553,0.888301813916228,0.9105444609750515,0.915833857862211,0.5116395342183566,0.4086668860151064,0.00040243915851000583
libero_object_t00_ep000_s0040_pre_grasp,libero_object,0,pre_grasp,libero_object_t0_ep0,5.935241835856604,1.902360535263675,5.943436099874282,0.2593962982783879,2.621044069389,0.06864542976177636,0.78125,0.951014248111696,0.6103449015793088,0.5429839494163424,0.47577248798352023,0.3759656099794003,-0.47577248798352023,0.8088550801425087,0.9357819295033188,0.9701533531700618,0.5876552128633554,-0.6371838521400778,-0.22006752117189288,0.24194681277180133,0.21476739528496222,0.13796993018997483,0.07362954909590295,0.267386701762417,0.24142752918287938,0.3148510814831769,0.8788767452506294,0.8925240329594873,0.9039389734493019,0.4251151579308766,0.3507953765163653,0.0004726324854534862
libero_object_t00_ep000_s0056_manipulation,libero_object,0,manipulation,libero_object_t0_ep0,6.003425092153751,2.434287408977074,5.812609933056773,0.37241195043786846,1.9278785989182852,0.0878400443370924,0.74609375,0.9246545262073701,0.6149798294804303,0.5687836175326162,0.4809681849393454,0.3384806305790799,-0.4809681849393454,0.7129119578105552,0.9187843327992675,0.9618612668802929,0.5982554646372168,-0.6930769340810254,-0.2509634641794461,0.1852254520485237,0.06708414396887159,0.003614957656214237,-0.0679453250171664,0.23462605859464408,0.12321970130464638,0.22485193980315862,0.8675440604257267,0.8767330910963608,0.9012495708400091,0.4981088349736782,0.5247482261387045,0.0004645058432517971
libero_object_t00_ep001_s0024_approach,libero_object,0,approach,libero_object_t0_ep1,5.732770419567807,1.8583671406326316,5.667716859457091,0.22563960383927836,2.54150669825431,0.06705759790113322,0.859375,0.9674560826276035,0.5010371366445411,0.5507038223849852,0.3851954108491646,0.46635886358434425,-0.3851954108491646,0.736066424842954,0.9440661478599222,0.9903624971389334,0.5238999198901351,-0.5430848020141908,-0.13439216639963378,-0.0344493877317464,-0.19559610322728313,0.023933537422751203,0.027923294804303046,-0.0052293144884412905,0.21298995765621423,0.22117546921492331,0.87192077706569,0.8866130693522545,0.8977354657816434,0.4793295090409705,0.4006995307850767,0.00037760301153967347
libero_object_t00_ep001_s0048_pre_grasp,libero_object,0,pre_grasp,libero_object_t0_ep1,5.469452815538455,1.313307930314162,5.705677961722964,0.08728307183602788,3.833804228184501,0.04738991989910083,0.9296875,0.9738319695582514,0.46793245021744106,0.4448586633096818,0.12047951476310369,0.4753318837262531,-0.12047951476310369,0.9329879880893331,0.9693758583199817,0.9752911135271229,0.49643010414282446,-0.2160348477912566,0.017401007095445183,0.09388947699702449,-0.04014004921034562,0.09267280842298009,0.052631466010528725,0.0799317635614557,0.27505722133211263,0.30648460746166173,0.8706490329594873,0.9071662565804532,0.9067864499885557,0.4461611638818952,0.3291349565117876,0.0003908600682442643
libero_object_t00_ep001_s0064_manipulation,libero_object,0,manipulation,libero_object_t0_ep1,5.88229566934786,2.400804979535284,5.695394731545605,0.39570473788604166,1.8658666324568465,0.08663192445815084,0.78125,0.9222562371252003,0.63823171778439,0.608181935225452,0.4569788567177844,0.33756723506523234,-0.4569788567177844,0.7026881787919111,0.9206940947585259,0.9688851853971161,0.6354951075761044,-0.686694609750515,-0.24192392423895628,0.2071762703135729,0.09166571297779812,0.04845716983291371,-0.0296313515678645,0.253837405584802,0.19457756351567865,0.2910913538567178,0.8660033760585947,0.8829258697642481,0.9026700904097047,0.490496967269398,0.4748505092698558,0.0004506102929918714
libero_object_t00_ep002_s0024_approach,libero_object,0,approach,libero_object_t0_ep2,5.402333500527613,1.9094848604344974,5.489887264142013,0.14881853343588547,2.308555401776782,0.06890254275048956,0.875,0.9617074845502404,0.5923473620965896,0.6305554760814832,0.4400384813458457,0.5004220073243305,-0.4400384813458457,0.7301744842376156,0.9393110551613642,0.9881795033188373,0.6294646944380865,-0.5776650835431448,-0.17331483176928358,-0.06052800984206912,-0.2536385614557107,-0.02134069581139849,0.004180018310826276,-0.03143525406271458,0.18199173151750972,0.16077191577019914,0.8791049153124285,0.8936520084687571,0.9008776321812771,0.4910927843900206,0.41571226253147175,0.0003747531149015201
libero_object_t00_ep002_s0048_pre_grasp,libero_object,0,pre_grasp,libero_object_t0_ep2,5.77463558029566,1.696197156896495,5.683634249180863,0.23413494433803173,2.6978721644849277,0.06120634021031285,0.890625,0.9518496795605401,0.5787065117875945,0.5705117017624171,0.3889941920347906,0.31057736324101626,-0.3889941920347906,0.8047222945679744,0.9397509441519799,0.9828965438315403,0.5862797550926986,-0.5526801041428244,-0.184653953994049,0.16730873769741358,0.039314631494621194,0.09955510414282444,0.05006365873197528,0.20835574502174412,0.2333628976882582,0.2932049668116274,0.8972376401922637,0.9143339436942092,0.9245357919432364,0.42398718242160677,0.33836332684824905,0.0004574838895952519
libero_object_t00_ep002_s0064_manipulation,libero_object,0,manipulation,libero_object_t0_ep2,5.750696439844484,2.23057105601521,5.871393849952065,0.20718232644764037,2.0548771318561485,0.0804890920039967,0.86328125,0.9353463321126115,0.6024347676813916,0.6836182478828107,0.33960789082169834,0.3538796063172351,-0.33960789082169834,0.6625537470368348,0.9071784161135271,0.9832198443579766,0.6449652380407416,-0.5494563973449302,-0.3236030842298009,-0.16458500228885328,-0.3336025120164797,-0.08471046005951019,-0.01554918173495079,-0.11802758068207828,0.20806606202792402,0.15524719615472649,0.8539775978484779,0.881246423666743,0.8875836861982147,0.5442285133897917,0.5143997482261387,0.0003998056723973625
libero_object_t00_ep003_s0024_approach,libero_object,0,approach,libero_object_t0_ep3,5.58036108668141,1.7728552083575047,5.684716937181132,0.18070448460779096,2.555859664177844,0.06397221593252808,0.84765625,0.9693572613870451,0.6119685568780041,0.6181992446784161,0.5401107232776379,0.4982311455710689,-0.5401107232776379,0.7468073572108628,0.9603849565117876,0.9913796063172351,0.6341446841382468,-0.6668323701075761,-0.1558380064087892,0.14403467612726023,-0.04764605745021744,0.025144483863584345,0.0010106717784390022,0.17696054589150836,0.1992325188830396,0.23179360265506982,0.875461346990158,0.8960910677500572,0.9036042286564431,0.45672422178988326,0.3398560883497368,0.0005282695990060787
libero_object_t00_ep003_s0048_pre_grasp,libero_object,0,pre_grasp,libero_object_t0_ep3,5.316347496749012,1.4954818655932902,5.552373631086025,0.1383612521456674,2.9403966950126934,0.05396361166799792,0.81640625,0.9541070611123827,0.5756795033188372,0.4713421263447013,0.2793423838406958,0.5102948329137103,-0.2793423838406958,0.8594236627819493,0.9453042744335088,0.96313515678645,0.5812979228656443,-0.3896708342870222,-0.06030770771343557,0.35196626802471964,0.45420576791027695,0.0964723048752575,-0.0003318837262531472,0.3284611753261616,0.19156414511329825,0.2900349050125887,0.8869749942778667,0.9096847104600595,0.9170033188372625,0.40667772945754177,0.3780141336690318,0.00044433822825631767
libero_object_t00_ep003_s0064_manipulation,libero_object,0,manipulation,libero_object_t0_ep3,5.230143181375555,2.1572732238934798,5.215732236956235,0.2666208732806671,1.817642973054305,0.07784372193621754,0.83203125,0.9586547264820325,0.6273560883497368,0.6163281071183337,0.4810161078049897,0.4023825532158389,-0.4810161078049897,0.7961971815676143,0.922943608377203,0.9738026436255436,0.6377903982604715,-0.6329644941634242,-0.2627961203936828,0.10463349736781873,-0.06921134699015793,0.022548065918974593,-0.020959458686198213,0.13981603341725796,0.23809510185397115,0.2898904211490044,0.8558115415426871,0.8931663424124514,0.9019898718242161,0.5282122625314717,0.4679553387502861,0.0003583322169433173
libero_object_t00_ep004_s0024_approach,libero_object,0,approach,libero_object_t0_ep4,5.415205880525329,1.5906836646353235,5.616526717663735,0.037591414105485055,2.575750022439557,0.05739887792019509,0.875,0.9693794346532387,0.5964329652094301,0.6331168459601739,0.30199773975738153,0.40830639162279697,-0.30199773975738153,0.7829200873485576,0.9407165541313802,0.9884491588464179,0.6306384470130465,-0.4375557907988098,-0.16797608148317694,-0.13632553215838863,-0.2472776951247425,-0.015728713664454108,0.01888947699702449,-0.1267867360952163,0.15695525291828794,0.12542558365758755,0.9150313286793317,0.9164160849164569,0.9252746623941406,0.4563565747310597,0.4172028782330053,0.0004759415428256579
libero_object_t00_ep004_s0048_pre_grasp,libero_object,0,pre_grasp,libero_object_t0_ep4,5.676136825933872,1.7853832132471275,5.710284562620107,0.23575892104987106,2.8281264124046146,0.06442453104299405,0.8046875,0.9408853570611124,0.530772917143511,0.483232719157702,0.3852705138475624,0.34689788853284503,-0.3852705138475624,0.781833300860033,0.9391758697642482,0.9673995765621424,0.5319810025177386,-0.5425061512932021,-0.18546363584344244,0.22997467956054016,0.07820654039826047,0.10331383039597161,0.0358627546349279,0.2800140192263676,0.22175268940260928,0.3016122110322728,0.9010936427100023,0.9160527294575418,0.9275549324788281,0.42435053788052185,0.36585531586175324,0.0003929014475870317
libero_object_t00_ep004_s0064_manipulation,libero_object,0,manipulation,libero_object_t0_ep4,5.771143391912785,2.262393885624634,5.961725918196735,0.2401296682782268,1.8042963264310714,0.08163702862457245,0.80078125,0.9219050411993591,0.6174474994277867,0.5891057736324101,0.5486767566948959,0.3506501773861295,-0.5486767566948959,0.6624006640276022,0.9015850308995194,0.9670476653696498,0.6225316147859922,-0.7419933051041429,-0.2695932993820096,0.2670748455024033,-0.006649834058136873,0.05922908560311284,-0.020249914168001832,0.29523990043488213,0.14960374227512016,0.2364714465552758,0.8848127431906615,0.8911206797894256,0.9058172636758983,0.4863412680247196,0.47916714351110096,0.0004383871169786059
libero_object_t00_ep005_s0024_approach,libero_object,0,approach,libero_object_t0_ep5,5.50023895525662,1.666059981311665,5.575679792818073,0.17250011126863768,2.681979102034438,0.060119087354880876,0.859375,0.9637946326390479,0.535555905241474,0.5653102826733807,0.3283567463950561,0.44751373311970705,-0.3283567463950561,0.7592734718101429,0.9545705539024949,0.9904397459372855,0.5669754234378577,-0.4841976138704509,-0.14519769970244908,0.023632410162508583,-0.12427686541542687,0.04532930876630808,0.044114070725566494,0.1139498455024033,0.19754735065232318,0.2152773804074159,0.8888075074387731,0.8967405298695353,0.9072735465781644,0.481830796520943,0.43092526894026095,0.0004354639718260864
libero_object_t00_ep005_s0048_pre_grasp,libero_object,0,pre_grasp,libero_object_t0_ep5,5.047291168761314,1.3149536504856243,4.935554253158672,0.2776822153529017,3.1696820352047643,0.0474494476990173,0.9296875,0.9760085259784848,0.5194624055848021,0.5133568894483863,0.36724579423208975,0.52704780842298,-0.36724579423208975,0.9145591208819388,0.9722748340581369,0.9825367647058824,0.5433523117418173,-0.49704523346303503,-0.06356288624399176,0.1393711375600824,0.1661314087891966,0.08548008697642481,0.06257295719844358,0.17839751659418632,0.2654476138704509,0.2918223563744564,0.8903245880064088,0.913568608377203,0.919376573586633,0.49901293202105745,0.4383533131151293,0.0004965638744776152
libero_object_t00_ep005_s0064_manipulation,libero_object,0,manipulation,libero_object_t0_ep5,5.749935529854269,2.2535820055431266,5.438479031912194,0.3399542136735373,2.1251811590519134,0.08131906354017684,0.85546875,0.9537694552529183,0.5526851110093843,0.6057707713435568,0.4053222991531243,0.3428509098191806,-0.4053222991531243,0.7524683961727704,0.9258297093156329,0.9820689803158618,0.588600080109865,-0.5830903810940719,-0.29726195925841153,-0.026356145571068895,-0.20184896429388877,-0.03884470130464637,-0.03933108262760357,0.05606617647058824,0.1920641165026322,0.21026979858091097,0.8332663366903181,0.8604006923781186,0.8718800068665599,0.5075303273060197,0.46129334515907533,0.0004432719692323039
libero_object_t00_ep006_s0024_approach,libero_object,0,approach,libero_object_t0_ep6,5.228385591224718,1.9362929239394975,5.317837776519401,0.17905440309394938,2.1566434322179155,0.06986989801659177,0.859375,0.9577234493018998,0.5724529354543374,0.6345058937972076,0.36039067864499885,0.5264362554360266,-0.36039067864499885,0.7378643231207199,0.9177622167544061,0.9887231059739071,0.6064595731288625,-0.5260092412451361,-0.22743762874799725,-0.034668259327077136,-0.18536779011215382,0.03926027122911421,0.05783288509956512,-0.016102082856488897,0.20609478713664453,0.19043402380407415,0.8959351396200503,0.9054996852826733,0.9107018196383612,0.44963950560769056,0.3567084859235523,0.00041689888708227934
libero_object_t00_ep006_s0048_pre_grasp,libero_object,0,pre_grasp,libero_object_t0_ep6,5.926342196780803,1.7268304929732026,5.9991281825724405,0.2315080720981867,2.8343838303296005,0.062311193360271855,0.86328125,0.930672779812314,0.5424489299610895,0.5615773060196841,0.33236080910963606,0.3060590238040742,-0.33236080910963606,0.7330502915409649,0.928461890592813,0.9755536163881895,0.5634391451132983,-0.5282094014648661,-0.22300440604257268,0.058092526894026095,-0.04233448729686427,0.1352826733806363,0.0927207312886244,0.17378118562600137,0.23832613298237584,0.30832928015564204,0.8798280498970016,0.8879541943236439,0.9053680762188143,0.39374427786678873,0.34177014190890365,0.0004301878046524115
libero_object_t00_ep006_s0064_manipulation,libero_object,0,manipulation,libero_object_t0_ep6,5.435665106837762,2.139620472307544,5.470686329903106,0.20322748573443805,2.0346850293892524,0.0772072264025279,0.84375,0.9623583772030213,0.6318837262531471,0.6532172693980316,0.45406486037994964,0.36708128290226594,-0.45406486037994964,0.7534852856583509,0.9140077821011673,0.9801134412909133,0.630967469672694,-0.579918173495079,-0.31979715037766077,-0.04016722934309911,-0.1618905928130007,0.014249542229343099,0.020041771572442208,-0.007005321583886473,0.2351904039826047,0.23853141451132984,0.8672050240329595,0.8870851453421835,0.899248970016022,0.5211733234149691,0.4586475738155184,0.00041561330612751755
libero_object_t00_ep007_s0024_approach,libero_object,0,approach,libero_object_t0_ep7,5.564447431927604,1.7890731078819506,5.605095354804416,0.11085423998870078,2.4848730264961336,0.06455754273202705,0.8671875,0.9566555561913481,0.5598034447241932,0.6226360437170977,0.3797837033646143,0.4683773460746166,-0.3797837033646143,0.7345751207643312,0.9444645513847563,0.9892667086289769,0.6181270027466239,-0.54775406271458,-0.17540841725795375,-0.11298566605630579,-0.25492961776150147,-0.007298580910963607,0.021894312199588005,-0.040881780727855345,0.1864621480888075,0.17084930762188144,0.8776965552758068,0.8869685568780041,0.8991659990844587,0.4563172350652323,0.3827985523002975,0.0004854405013327513
libero_object_t00_ep007_s0048_pre_grasp,libero_object,0,pre_grasp,libero_object_t0_ep7,5.496217407597905,1.7803173061717863,5.579357208201007,0.1129312649330628,2.4894595673517568,0.06424164508857645,0.8984375,0.9652323186083772,0.5555211432822156,0.5836397058823529,0.4084043831540398,0.36971847104600597,-0.4084043831540398,0.8152084493205121,0.9409111066605631,0.9853584916456856,0.6050905527580682,-0.5337512874799726,-0.22812070840009155,0.07190289539940489,-0.0488398374914168,0.1356760700389105,0.11453779468986038,0.0795755607690547,0.27661078049897003,0.29692578393224994,0.8956833657587548,0.9134513046463721,0.9147538052185855,0.4419925898374914,0.3701991302357519,0.00040295408251695656
libero_object_t00_ep007_s0064_manipulation,libero_object,0,manipulation,libero_object_t0_ep7,5.626454467527303,2.080463229347373,5.464261177854066,0.3310807333777298,2.1125148029705114,0.07507220783417362,0.85546875,0.952753061341268,0.6780262932021057,0.6788874742504005,0.5139641508354315,0.3686348420691234,-0.5139641508354315,0.7252553417670271,0.9290891794460975,0.9811434252689403,0.6702534905012588,-0.6846475165941863,-0.29682278553444724,0.12604214351110093,-0.12280484664682993,0.009434367132066834,-0.022571669718471046,0.1250379091325246,0.20138618677042802,0.24188529983978027,0.8639863241016251,0.8974600881208514,0.9017373826962691,0.5423452162966353,0.526084344243534,0.0005534997139161863
libero_object_t00_ep008_s0024_approach,libero_object,0,approach,libero_object_t0_ep8,5.249770529448803,1.8573971620067724,5.724904420304969,0.006059847283056907,2.226411357868111,0.06702303389097476,0.796875,0.9568000400549325,0.5232797837033646,0.5461919203479056,0.37134427214465554,0.4847941462577249,-0.37134427214465554,0.7620202829516243,0.9285026607919432,0.9885450045777066,0.5644326504921034,-0.5223320553902495,-0.1538066491187915,0.0917951762417029,-0.1106195639734493,0.040077821011673155,0.02721661135271229,0.12946040283817808,0.22001173037308308,0.24590009155413137,0.9003075646601053,0.9191176470588235,0.9275241760128176,0.4401965552758068,0.37388060769054704,0.0003506820473259344
libero_object_t00_ep008_s0040_pre_grasp,libero_object,0,pre_grasp,libero_object_t0_ep8,5.81609968378249,1.8381456729899628,6.119561875673317,0.1740130254584833,2.731862723023201,0.06632861168904891,0.765625,0.9412673094529641,0.604456826504921,0.5350216010528726,0.5325961318379492,0.2866617074845502,-0.5325961318379492,0.7805951148028111,0.9074673838406958,0.9535369935912108,0.5963049324788281,-0.6287015049210346,-0.22214966239414052,0.18524762531471733,0.09288452735179675,0.16257152666514077,0.07462806134126802,0.25299768253604943,0.2460610265506981,0.34577563515678644,0.8901050011444266,0.9023661020828565,0.9152745193408103,0.4508311398489357,0.39340953307392995,0.00038377490944722074
libero_object_t00_ep008_s0056_manipulation,libero_object,0,manipulation,libero_object_t0_ep8,6.007223327006951,2.3397610107151703,5.586138488322145,0.3888423088146601,2.041857242600139,0.08442881612385075,0.8046875,0.9381637674525063,0.655595531013962,0.6989142252231632,0.3951740959029526,0.22374041542687115,-0.3951740959029526,0.6732368082473799,0.9109864957656214,0.9772724021515221,0.6710617418173495,-0.6075331883726253,-0.33007481689173723,0.1454330224307622,-0.14680132753490502,0.023567320897230487,-0.013723105973907072,0.20526650835431448,0.13958786335545892,0.20041413939116504,0.8837705996795605,0.8814853227283131,0.9026207370107576,0.48483706225680934,0.4690861753261616,0.00040613509728647023
libero_object_t00_ep009_s0024_approach,libero_object,0,approach,libero_object_t0_ep9,5.589507715991601,1.9132058668323808,5.649349637870829,0.19241688723932693,2.367853316295113,0.06903656122239511,0.8515625,0.963212405584802,0.5941906042572671,0.6424660963607233,0.39557106889448385,0.4903009842069123,-0.39557106889448385,0.7526746121535566,0.9336840524147402,0.9916585603112841,0.6136737525749599,-0.5502374685282674,-0.21227755207141222,-0.05936713206683451,-0.2195367933165484,-0.03219129091325246,-0.015030613412680248,0.026283188372625315,0.13341940375371938,0.12651922636758983,0.8832899404898146,0.8898632410162508,0.9014569981689173,0.47381766422522315,0.4493512531471733,0.00045277797036990066
libero_object_t00_ep009_s0048_pre_grasp,libero_object,0,pre_grasp,libero_object_t0_ep9,5.821210326849806,1.8155166778368548,5.470798919834607,0.357387161967258,2.621983529123493,0.06551151242165366,0.8828125,0.9508118276493477,0.651873998626688,0.6352404726482033,0.3736903467612726,0.31271100366216525,-0.3736903467612726,0.830576273548736,0.942151379034104,0.9816169317921721,0.6431055447470817,-0.5690961890592813,-0.19392524032959488,0.19747582398718241,0.017709287022201876,0.0903067063401236,0.038753147173266195,0.2634541657129778,0.24639076447699704,0.3092412451361868,0.8891694323643854,0.9083299954222934,0.9227068551155871,0.4050054360265507,0.3214966239414054,0.0004021416537912643
libero_object_t00_ep009_s0064_manipulation,libero_object,0,manipulation,libero_object_t0_ep9,5.866999000001884,2.2865578245781264,5.502893250208192,0.3531034642582477,2.0135657129666997,0.08250888876847955,0.80859375,0.923594501029984,0.6672980086976424,0.662852626459144,0.41885514419775693,0.30217870222018767,-0.41885514419775693,0.6895343483108901,0.9079523346303502,0.9741652838178073,0.6746766994735638,-0.648470044632639,-0.2672236209658961,0.28085231174181735,0.06807192721446555,0.05742804417486839,-0.03955925268940261,0.32328121423666745,0.17676313229571985,0.2822871366445411,0.877695124742504,0.8904082742046234,0.9113126573586633,0.5296413653009842,0.5339880407415885,0.000393593238675934
libero_spatial_t02_ep000_s0024_approach,libero_spatial,2,approach,libero_spatial_t2_ep0,8.314980585437821,3.334645459046194,7.7798319627890455,0.35296181276000704,1.8789739710984619,0.12032842822712872,0.77734375,0.9061362726024261,0.38419832913710233,0.5805218585488671,0.21575732433051042,0.29257410162508585,-0.21575732433051042,0.6805884999244001,0.8871967269398031,0.9808215552758068,0.48674682421606774,-0.507155527580682,-0.3455353055619135,-0.1500565060654612,-0.1614042114900435,0.08820310711833372,0.16477526321812772,-0.06021615358205539,0.3069423781185626,0.24487869077592125,0.8562142366674296,0.864986266880293,0.8701276035706111,0.4439753089951934,0.21942878805218585,0.0002458079116707018
libero_spatial_t02_ep000_s0040_pre_grasp,libero_spatial,2,pre_grasp,libero_spatial_t2_ep0,6.750738860823784,2.3539254406758077,6.938594134006044,0.1833485167311666,2.158557576451199,0.08493970284791805,0.79296875,0.9303222991531243,0.36030556191348134,0.4149876974135958,0.3459844930189975,0.37726167315175096,-0.3459844930189975,0.8318982498828675,0.924685997940032,0.9574487869077593,0.4537437056534676,-0.5086711776150149,-0.17030498970016023,-0.01786593041886015,-0.048203965438315406,0.08375629434653238,0.08027223048752576,0.06189989127946899,0.24836633096818495,0.28336861982146944,0.8188637273975738,0.8293616960402839,0.8441391050583658,0.32881380178530556,0.20227740901808194,0.0004640164265947363
libero_spatial_t02_ep000_s0064_manipulation,libero_spatial,2,manipulation,libero_spatial_t2_ep0,8.41062077637235,3.836123067881343,7.5722810486708205,0.3972731506729674,1.4916443186411814,0.13842442004268787,0.7109375,0.8621995880064088,0.430777924010071,0.675298266193637,0.23985108148317694,0.3272187571526665,-0.23985108148317694,0.6736092827249586,0.874868390936141,0.9716225108720531,0.6309638933394369,-0.6030956740672923,-0.4719958800640879,-0.06770141908903639,-0.11782730601968414,0.0920190547035935,0.13878819523918517,0.060666771572442206,0.29695510986495766,0.3038195239185168,0.8285806248569467,0.8368591210803388,0.8631408789196613,0.40582441634241245,0.2493641279468986,0.00023620421624025718
libero_spatial_t02_ep001_s0016_approach,libero_spatial,2,approach,libero_spatial_t2_ep1,7.7701565947614935,4.074902486923334,7.541122262931182,0.3437673113715092,1.4912923147117945,0.14704052185459812,0.80078125,0.8914718757152666,0.41695682650492105,0.6310418574044404,0.13726038567177845,0.4815976195925841,-0.13726038567177845,0.6716922884935812,0.8490115014877546,0.9825753891050584,0.5673115987640193,-0.49256480315861756,-0.32645270656900893,-0.14991345273517967,-0.14643081940947586,0.11338621538109407,0.1916535534447242,-0.09338235294117647,0.3267466811627375,0.2624041542687114,0.8356066891737239,0.8497932879377432,0.8525384813458458,0.4431820782787823,0.2457241359578851,0.0003524986110707656
libero_spatial_t02_ep001_s0032_pre_grasp,libero_spatial,2,pre_grasp,libero_spatial_t2_ep1,7.319985907757021,2.988453571761853,7.407213960062568,0.1996927321299542,1.8255836824038336,0.10783605191242879,0.7890625,0.882408016708629,0.33872024490730146,0.5030019741359579,0.21577878233005265,0.43734550240329595,-0.21577878233005265,0.6926272276657963,0.8810676070038911,0.973078793774319,0.49756094071869994,-0.5317556935225453,-0.28512960631723505,0.04762173838406958,-0.07042300869764248,0.053750143053330285,0.0641565575646601,0.13115057793545434,0.23884112497138935,0.24281872281986724,0.7734757667658503,0.7950768196383612,0.798687485694667,0.3125958457312886,0.13149462119478142,0.0002911353314393396
libero_spatial_t02_ep001_s0056_manipulation,libero_spatial,2,manipulation,libero_spatial_t2_ep1,7.971718927660124,3.381527944170923,7.907817323326695,0.3013280072880798,1.7580356832320962,0.12202072424350724,0.71484375,0.8519104772259098,0.38534275577935456,0.5928544861524376,0.24325288967727168,0.4703114271000229,-0.24325288967727168,0.6081350866867574,0.8933616102082856,0.9723442149233235,0.5824545090409705,-0.5966318093385214,-0.3789289597161822,-0.23015278095674066,-0.2461618791485466,0.02568951705195697,0.16843528267338065,-0.11690890363927672,0.35577506294346534,0.2727669375143053,0.8227125772487983,0.8439159418631266,0.8559388590066377,0.4112110894941634,0.22364027809567408,0.0002853292425554825
libero_spatial_t02_ep002_s0016_approach,libero_spatial,2,approach,libero_spatial_t2_ep2,7.729603614516655,4.05189381441256,6.881607575934983,0.4819162212429708,1.4924075913849706,0.1462102938559767,0.8125,0.8912837605859465,0.4019355115587091,0.6274104486152438,0.04836060883497368,0.44646729800869767,-0.04836060883497368,0.6734725374327646,0.874791142137789,0.9808723392080567,0.5518990329594873,-0.4223063057907988,-0.2910455767910277,-0.23834401464866103,-0.23756795033188371,0.08006122682536049,0.20356345845731288,-0.17757782101167316,0.3250078679331655,0.22040083543144884,0.8683837834744793,0.8710553044174868,0.8779011215381094,0.43547364957656215,0.23979815175097277,0.00036153233574099443
libero_spatial_t02_ep002_s0032_pre_grasp,libero_spatial,2,pre_grasp,libero_spatial_t2_ep2,7.259411051354916,3.0041854988367844,7.242953820220556,0.30105768653414816,1.9820312287576363,0.10840485992374979,0.7265625,0.905018310826276,0.41582384412909135,0.5414332513160907,0.24071440833142596,0.44129663538567176,-0.24071440833142596,0.6649839603008731,0.880046206225681,0.954642795834287,0.5223892767223621,-0.48055118448157474,-0.31904540512703133,-0.013728112840466926,-0.11899104486152437,0.10255993934538796,0.12540054932478828,-0.03466682879377432,0.2540455481803616,0.24279368848706798,0.8138740272373541,0.8180383096818494,0.8295319295033189,0.39006995307850767,0.2190411135271229,0.0004018406281957639
libero_spatial_t02_ep002_s0056_manipulation,libero_spatial,2,manipulation,libero_spatial_t2_ep2,8.091501370003833,3.56249185880379,7.563513575714307,0.29605824950141313,1.6881502669639774,0.1285505747405062,0.75390625,0.8699902723735409,0.37123340581368736,0.5825446326390479,0.2621330682078279,0.37934810597390706,-0.2621330682078279,0.6325198858688454,0.8677178702220187,0.9785684653238728,0.49981689173723964,-0.6146572442206455,-0.3881516079194324,-0.16231760700389106,-0.19785563057907987,-0.05033188372625315,0.05017667086289769,0.0816147859922179,0.23724536507209887,0.2284060997940032,0.7985108148317693,0.8212541485465782,0.8495450904097047,0.3862346932936599,0.25555333028152893,0.00030245630725307616
libero_spatial_t02_ep003_s0016_approach,libero_spatial,2,approach,libero_spatial_t2_ep3,7.447404607402621,3.343590442287729,6.96988376901651,0.3896216196867357,1.704260039956822,0.12065183934924952,0.796875,0.9172214751659419,0.378295233463035,0.5910849164568551,0.18189373998626687,0.3322041657129778,-0.18189373998626687,0.7458472041081107,0.9013776035706111,0.9830002574959945,0.5227776665140764,-0.48542715724422064,-0.34499814030670634,-0.24172508010986496,-0.24724693865873199,0.07089937628747997,0.18461962119478142,-0.17189717326619364,0.3521887159533074,0.2619549668116274,0.8679725051499199,0.8850466353856717,0.8921828507667658,0.5332684824902724,0.295566062027924,0.0003079168152468702
libero_spatial_t02_ep003_s0032_pre_grasp,libero_spatial,2,pre_grasp,libero_spatial_t2_ep3,6.730004728377667,2.145011011089803,6.902910721685538,0.15140604506831645,2.338214605299322,0.07740123967678346,0.90625,0.9239206626230259,0.3033817807278553,0.4162515735866331,0.29565260929274434,0.43024934195468073,-0.29565260929274434,0.7640528602417168,0.9284847791256581,0.980556906614786,0.4239178015564202,-0.527907558937972,-0.12081998168917372,-0.11296993018997482,-0.23444581139848936,-0.029268711375600824,0.025278238727397574,-0.0180111295490959,0.2656900892652781,0.24075947013046464,0.7723585202563515,0.8082813572899977,0.8100738155184253,0.3649075875486381,0.18275349050125886,0.0003289515545416664
libero_spatial_t02_ep003_s0056_manipulation,libero_spatial,2,manipulation,libero_spatial_t2_ep3,7.92634843613234,3.7495512626584677,7.353076849957253,0.3754372323357944,1.4690206692872159,0.13530023443840108,0.7265625,0.8730694953078507,0.5267237926298924,0.7055426012817578,0.3109936484321355,0.3742246509498741,-0.3109936484321355,0.6803715561553024,0.8836225394827192,0.9777323186083772,0.6479421778439002,-0.6365479800869764,-0.4684402895399405,-0.19340452620737011,-0.21562714579995423,0.08338864728770885,0.18351954108491644,-0.06960617418173495,0.3591990444037537,0.3016937514305333,0.8472462233920806,0.8665634298466468,0.8831232833600366,0.47700346189059284,0.317874513618677,0.00032826401575719415
libero_spatial_t02_ep004_s0016_approach,libero_spatial,2,approach,libero_spatial_t2_ep4,7.40013137450709,3.997478752653282,7.1061668989075475,0.377776455567633,1.486862775743429,0.14424700860118297,0.78515625,0.9110344186312658,0.3769383726253147,0.5529826619363699,0.15240186541542688,0.5162243934538796,-0.15240186541542688,0.6839316495010864,0.8675526436255436,0.974252546349279,0.544876544975967,-0.45283960860608835,-0.29495021744106203,-0.12662651636530098,-0.15437600137331198,0.11819066147859922,0.17022058823529412,-0.08642566948958572,0.24323929961089494,0.19955724994277868,0.8814738784618906,0.868118419546807,0.8837455653467613,0.38473334859235525,0.2385278381780728,0.00034806137133609034
libero_spatial_t02_ep004_s0032_pre_grasp,libero_spatial,2,pre_grasp,libero_spatial_t2_ep4,7.13089510268493,2.7056546052601798,7.35681919527557,0.23217361439640316,2.074429018172798,0.0976320084191897,0.828125,0.9045555333028152,0.3708149748226139,0.5234171149004349,0.27995393682764935,0.2508711947814145,-0.27995393682764935,0.6749940379573196,0.9074995708400092,0.9740615701533532,0.5164804589150835,-0.5384963664454109,-0.31163238155184253,-0.025280384527351797,-0.07566233691920347,0.14842140650034333,0.1663745994506752,0.07904054131380178,0.347847047379263,0.34614256694895856,0.8471024547951477,0.8735773346303501,0.8771436541542688,0.39734063859006635,0.1454702162966354,0.00025386817219571567
libero_spatial_t02_ep004_s0056_manipulation,libero_spatial,2,manipulation,libero_spatial_t2_ep4,7.560857019754591,4.026018239686863,7.364654332110151,0.33942875513140597,1.4575064422503523,0.1452758315789559,0.6953125,0.8929696440833143,0.44266994735637444,0.5523417830167087,0.3523453593499657,0.4172150377660792,-0.3523453593499657,0.7124577966331441,0.87578250171664,0.9650656614785992,0.5418309395742733,-0.6144955939574274,-0.38756008239871825,-0.004117790112153811,-0.10461060883497368,0.09800226024261845,0.1155777924010071,0.14351539253833828,0.2919425211718929,0.3286678873884184,0.8114607175555046,0.8353477626459144,0.849612325474937,0.4049660963607233,0.2569144827191577,0.0003059245250584029
libero_spatial_t02_ep005_s0016_approach,libero_spatial,2,approach,libero_spatial_t2_ep5,7.865141269810864,5.372684513711047,7.713489043847055,0.4813873294512798,1.204114049315157,0.19387018491798672,0.68359375,0.874964951934081,0.4922400720988785,0.6331962405584802,0.07415598535133898,0.6323193236438545,-0.07415598535133898,0.7161499066113622,0.8339036392767224,0.9586418516823072,0.6365272373540856,-0.41116102082856487,-0.30658045319295035,-0.2992160677500572,-0.35191190775921266,-0.011557278553444725,0.13217841611352713,-0.19880765049210344,0.25806820782787826,0.1534983691920348,0.8800619420920119,0.8832062542915999,0.8959430075532159,0.45007724879835204,0.30844443808651867,0.0002789106933329303
libero_spatial_t02_ep005_s0032_pre_grasp,libero_spatial,2,pre_grasp,libero_spatial_t2_ep5,7.727816968102584,3.063649982710412,7.4991748100688085,0.2886022971276997,2.0260564621340516,0.11054953741120953,0.82421875,0.9248376344701305,0.44065146486610207,0.5539797436484322,0.1957048237582971,0.267119907301442,-0.1957048237582971,0.7410657034764208,0.9161364156557564,0.9714122224765392,0.5487397001602198,-0.42755993934538794,-0.3198558022430762,-0.1280034046692607,-0.14593227855344473,0.130576218814374,0.15972405012588692,-0.052110036621652554,0.3424932764934768,0.3315618562600137,0.855928845273518,0.8775699530785077,0.8858649004348821,0.4208729114213779,0.13370908674753948,0.00027045293584401536
libero_spatial_t02_ep005_s0056_manipulation,libero_spatial,2,manipulation,libero_spatial_t2_ep5,7.409642733479346,3.3317410303025374,7.748391124077958,0.17479163738412262,1.6427389508295067,0.12022369415243707,0.734375,0.8879348821240558,0.4549196040283818,0.5346890020599679,0.39630922407873653,0.43193737125200277,-0.39630922407873653,0.7024233417373035,0.8912923437857634,0.9675168802929732,0.5485608834973679,-0.6413674467841611,-0.35146558136873424,-0.060175383382925156,-0.12280413138017852,0.08305247196154726,0.11491187914854657,0.09762102311741817,0.3024347676813916,0.32075632295719847,0.8262953479056993,0.8452577821011673,0.8631945239185168,0.4475745307850767,0.29696583886472877,0.00030825147454341726
libero_spatial_t02_ep006_s0016_approach,libero_spatial,2,approach,libero_spatial_t2_ep6,7.539644569706876,4.168107863542443,7.1982541264354865,0.46447107077075767,1.451343743351503,0.15040348497546535,0.8046875,0.898919232089723,0.42635256923781184,0.6392724307621881,0.09321927214465553,0.3661979285877775,-0.09321927214465553,0.687220819424096,0.8512309739070726,0.9742153524834058,0.5539783131151294,-0.4375185969329366,-0.323447156099794,-0.20411135271229114,-0.20794947356374457,0.13106832227054246,0.22589122224765393,-0.13846847104600596,0.3168888761730373,0.24412694552529182,0.8703357461661707,0.8666363870450904,0.8794182021057451,0.4644047550926986,0.29272216182192723,0.00033931764477970343
libero_spatial_t02_ep006_s0032_pre_grasp,libero_spatial,2,pre_grasp,libero_spatial_t2_ep6,7.215481229691848,3.249159938249049,7.48185941203604,0.23654918819814832,1.6902624659118848,0.11724380928754657,0.734375,0.8958142595559625,0.4530305848020142,0.5663874742504006,0.2418874456397345,0.48085016594186314,-0.2418874456397345,0.6981331782193501,0.8842247940032044,0.9664125085831998,0.5645692664225224,-0.5014512760357062,-0.318285076676585,-0.02963707370107576,-0.06486967841611353,0.14629992561226826,0.16236481460288396,0.03803931105516136,0.30462062256809336,0.3181556134126802,0.8315589951934081,0.8502918287937743,0.8582305733577478,0.38338721675440607,0.15475580796520944,0.00028616968413677085
libero_spatial_t02_ep006_s0056_manipulation,libero_spatial,2,manipulation,libero_spatial_t2_ep6,8.330414354154037,3.7438054708249817,7.812091482018676,0.2926935231747314,1.612495342024462,0.13509301421073472,0.7109375,0.8842884527351796,0.5008990901808195,0.6197055962462806,0.39149261844815747,0.5525320439459831,-0.39149261844815747,0.6922512388220202,0.8965424010070955,0.9759884985122453,0.6214429789425497,-0.6623598077363241,-0.3853298809796292,0.011964265278095675,-0.04115715838864729,0.1118076218814374,0.12416099221789884,0.14907086861982147,0.2999063000686656,0.3415419718471046,0.8383533131151293,0.8574738212405585,0.8818722819867246,0.45211933508812086,0.2934123941405356,0.0002512263357866587
libero_spatial_t02_ep007_s0016_approach,libero_spatial,2,approach,libero_spatial_t2_ep7,7.326818635423836,4.465075219271564,6.976439558344163,0.4926557310433488,1.381791531329899,0.16111951363620836,0.78515625,0.8891365300984206,0.36565146486610206,0.5908109693293659,0.02474178873884184,0.5182071126115816,-0.02474178873884184,0.6710309736129809,0.8582999542229343,0.9734800583657588,0.5440561341268024,-0.3932915140764477,-0.29039468413824676,-0.09940346761272602,-0.18553730830853743,0.051906900892652784,0.1220902952620737,-0.0457620450904097,0.2549224650949874,0.1926742389562829,0.8656114099336233,0.8685540169375143,0.8763461318379492,0.40497396429388877,0.26499198901350424,0.0002811522143706745
libero_spatial_t02_ep007_s0032_pre_grasp,libero_spatial,2,pre_grasp,libero_spatial_t2_ep7,7.352889243563832,2.868994060264635,7.312676172740912,0.24178934743744201,1.9983918967708354,0.10352572491815805,0.79296875,0.9061348420691233,0.3669360837720302,0.5230458915083543,0.2865780212863355,0.2626852540627146,-0.2865780212863355,0.6543208070039954,0.8889004921034561,0.9765120737010757,0.5131065461203936,-0.5680633440146486,-0.30214794575417714,-0.0927300297550927,-0.17217612726024262,0.048853427557793545,0.09937271114671549,-0.023568751430533302,0.26458142595559625,0.2361352712291142,0.8683852140077821,0.8772902838178073,0.8879777981231403,0.35600037193865874,0.1567742904554818,0.0003068335562766326
libero_spatial_t02_ep007_s0056_manipulation,libero_spatial,2,manipulation,libero_spatial_t2_ep7,7.612995639280866,3.752680080063622,7.3722930102918305,0.3013430982731533,1.5469892509377678,0.13541350949266076,0.69140625,0.8769898718242161,0.4233520256351568,0.5502102883955139,0.32827806706340124,0.47218757152666513,-0.32827806706340124,0.6599638358781823,0.8778131437399863,0.9700439173723965,0.5198808365758755,-0.6255014019226368,-0.3591017681391623,-0.013098678187228199,-0.08687843327992675,0.07697985809109636,0.11906686312657358,0.12871080338750285,0.28542858777752345,0.2978956855115587,0.8186999313344014,0.8283832112611582,0.8476553559166857,0.433550297550927,0.2806770714122225,0.00029920469328991914
libero_spatial_t02_ep008_s0016_approach,libero_spatial,2,approach,libero_spatial_t2_ep8,7.783910421525949,4.126377840412188,7.378240859227336,0.4528670318522219,1.4324461929927614,0.14889790370554404,0.76953125,0.913635128175784,0.4697678244449531,0.6376080052643626,0.1856181334401465,0.45528439002059967,-0.1856181334401465,0.7522320068770508,0.8839622911421378,0.9757367246509498,0.6046957255664912,-0.4835395685511559,-0.33582341496910045,-0.2650234607461662,-0.2721303501945525,0.1271243419546807,0.2315010585946441,-0.17751344701304647,0.34061784733348593,0.268935969329366,0.8888361181048294,0.8833199816891737,0.9014398317692836,0.4710338464179446,0.24952792401007096,0.0003422139524949438
libero_spatial_t02_ep008_s0032_pre_grasp,libero_spatial,2,pre_grasp,libero_spatial_t2_ep8,7.133043067072295,2.7184645307822377,7.251124885452728,0.27075376322523603,2.020133327416476,0.09809407910747558,0.80078125,0.92417172121767,0.3857125486381323,0.4599586575875486,0.20364642938887617,0.3608741989013504,-0.20364642938887617,0.7544053777354485,0.9254019798580911,0.9599121652552072,0.48381995307850767,-0.4105480373083085,-0.2541542687113756,0.024874113069352253,-0.11454208628976882,0.04793788624399176,0.051434109636072325,0.0672622453650721,0.303763733119707,0.32153453307393,0.8077384699015793,0.8480358777752346,0.8573994335088121,0.45358777752346074,0.24526851110093842,0.0003112673314856046
libero_spatial_t02_ep008_s0056_manipulation,libero_spatial,2,manipulation,libero_spatial_t2_ep8,8.476587329921564,3.4915701120819804,7.43149265880473,0.3739266785575109,1.6355252189927174,0.1259916937011377,0.77734375,0.8959165426871137,0.39382152666514075,0.611148861295491,0.27290999084458684,0.39505536163881894,-0.27290999084458684,0.694243283957386,0.9007503147173266,0.9828593499656672,0.5474150263218128,-0.606513218127718,-0.36419804303044173,-0.1440496967269398,-0.18385643167772947,0.015562771801327535,0.10621423666742962,-0.04479715037766079,0.2961161020828565,0.2451068608377203,0.8446025978484779,0.8601861123826963,0.874701733806363,0.38600437743190663,0.2185547322041657,0.0002585662439641678
libero_spatial_t02_ep009_s0016_approach,libero_spatial,2,approach,libero_spatial_t2_ep9,7.041617465662302,4.418723215986876,6.8077978704741025,0.4484836783043305,1.2973141913541855,0.15944707532129793,0.71875,0.8991159304188602,0.4499320496681163,0.6113047894254978,0.022475108720531014,0.6170204852368963,-0.022475108720531014,0.677327219921157,0.8773782616159305,0.9667586976424811,0.5979078450446327,-0.3511522945754177,-0.22552500572213321,-0.17207742046234836,-0.21290984779125657,0.0636415655756466,0.14834844930189975,-0.08504234378576334,0.24196755550469215,0.1917179274433509,0.8604314488441291,0.8441870279240101,0.8662165255207142,0.4386894884412909,0.33713950560769057,0.00028765890095490534
libero_spatial_t02_ep009_s0032_pre_grasp,libero_spatial,2,pre_grasp,libero_spatial_t2_ep9,7.32157186544627,2.836767048866693,7.2524519957820335,0.3542593011296028,1.9517417975454854,0.10236259673917922,0.79296875,0.898524404898146,0.32088507095445185,0.4881115529869535,0.1387631609063859,0.25913467040512705,-0.1387631609063859,0.6583746958287888,0.8861567292286564,0.9628032730601969,0.45114371137560083,-0.46015034905012586,-0.2800133039597162,-0.177168688487068,-0.22741974708171206,0.0464351110093843,0.14184524490730144,-0.07399791142137789,0.22286206797894256,0.17257381551842527,0.8878233005264362,0.8716396772716869,0.8929288738841841,0.4034254119935912,0.2633990901808194,0.00029777773982941967
libero_spatial_t02_ep009_s0056_manipulation,libero_spatial,2,manipulation,libero_spatial_t2_ep9,8.501756366756656,4.268202828801141,7.715880627732802,0.4391927847336524,1.4190667989839867,0.15401436044344727,0.68359375,0.8820217727168689,0.3872010185397116,0.5765363927672236,0.2421599622339208,0.47108319981689173,-0.2421599622339208,0.686265206342579,0.8749034390020599,0.9756866559853513,0.5275377660791943,-0.5797944323643854,-0.3907458800640879,-0.020835002288853283,-0.08166628519111925,0.07570811398489356,0.07946684023804074,0.10544604028381781,0.2819409475852598,0.3252903982604715,0.8088192378118563,0.8302636472877089,0.8462498569466698,0.4035448615243763,0.25124814030670634,0.00035899961965839646
