state_id,suite,phase,episode,frac_tokens_lawm_better_than_nochange,mse_pred_global,mse_trivial_global,lawm_better_on_mse,U_median,G_median,D_median,sum_sq_err_pred,sum_sq_err_trivial,q0_G_median,q0_U_median,q0_D_median,q0_frac_better,q0_S_median,q1_G_median,q1_U_median,q1_D_median,q1_frac_better,q1_S_median,q2_G_median,q2_U_median,q2_D_median,q2_frac_better,q2_S_median,q3_G_median,q3_U_median,q3_D_median,q3_frac_better,q3_S_median
libero_goal_t08_ep000_s0016_approach,libero_goal,approach,libero_goal_t8_ep0,0.296875,0.095812072084115,0.1734515930787841,True,7.5467513906816714,4.411965935085123,7.807795929420375,18837.41986831368,34101.97081203359,2.7614371810916882,7.045110333062244,6.943428219346314,0.0,2.2721370669387397e-06,3.7359931458714692,6.680747331233153,6.71066060870501,0.0,4.814969997823937e-06,5.487562002322548,7.173992221041026,7.057017934142889,0.1875,2.0238453544152435e-05,22.371118803468264,9.838807620189794,20.852115524489022,1.0,2.7610381948761642e-05
libero_goal_t08_ep000_s0032_pre_grasp,libero_goal,pre_grasp,libero_goal_t8_ep0,0.26171875,0.09123337388514151,0.12467954681098048,True,6.970946167396581,3.512961210697731,7.106473767034119,17937.2111728099,24512.996339413246,1.9121547607046483,6.805975707895369,6.861755029983294,0.0,3.2358140060750884e-06,2.7745255603836103,5.698985717697228,5.823433581872376,0.0,7.5194352575636e-06,4.517435013701363,5.983674823471947,5.8803200193988445,0.109375,1.6412641343777068e-05,17.117711275440236,10.788960716035792,17.29854835873489,0.9375,2.1688385459128767e-05
libero_goal_t08_ep000_s0056_manipulation,libero_goal,manipulation,libero_goal_t8_ep0,0.21875,0.1027348471740941,0.08884607575017761,False,7.231025234628689,2.7420406264429253,7.220911479129295,20198.49283320429,17467.849261090927,1.670972319183094,7.421098823999429,7.1021183175194444,0.0,2.3367822450381937e-06,2.243984076113626,6.512473276309967,6.228306123338218,0.0,4.917874548482359e-06,3.297512229519965,6.035953499452104,5.690772211450036,0.03125,1.4930611087038415e-05,14.097359047889842,11.110805174627973,11.790975756301997,0.84375,1.3326681255421136e-05
libero_goal_t08_ep001_s0016_approach,libero_goal,approach,libero_goal_t8_ep1,0.328125,0.09371383741871124,0.18555589624020563,True,7.66826292625327,4.187856267577663,7.655270255985625,18424.89014721798,36481.773647994356,2.6256087099184446,7.586454683952162,7.455867621946526,0.0,2.1097521312185563e-06,3.5596904939365057,6.568935776536395,6.349088767339946,0.0,2.780129193524772e-06,5.498201037535621,7.155122522151265,7.004134392876628,0.3125,1.2268239515833557e-05,23.422817973037276,9.516219386771715,21.342472716641442,1.0,1.820065972424345e-05
libero_goal_t08_ep001_s0032_pre_grasp,libero_goal,pre_grasp,libero_goal_t8_ep1,0.22265625,0.08343877209811174,0.0958976967556856,True,6.948146957907358,2.5180661307244927,7.173788994277865,16404.730104665552,18854.254363741835,1.477591885557735,7.10556543539637,7.026626663041895,0.0,3.027879870387551e-06,2.1468560452389966,5.92609796687615,5.741244682940202,0.0,7.871933121350594e-06,3.3339027824680727,5.744392542300776,5.7818707122594235,0.015625,1.857205461419653e-05,14.677780546184865,9.096280683094438,16.027425330269978,0.875,1.9402280486247037e-05
libero_goal_t08_ep001_s0056_manipulation,libero_goal,manipulation,libero_goal_t8_ep1,0.1875,0.09372877731225206,0.0889874982728943,False,7.048023034094131,3.144907847611641,7.079178419764072,18427.827449807257,17495.654060437202,1.923380139989155,7.347702051470934,7.362911135439517,0.0,2.346728251723107e-06,2.538197335305663,6.362515377119175,6.441636909846002,0.0,8.826953489915468e-06,3.8685839641822053,6.072950770262786,5.790081956481758,0.03125,1.9175933630322106e-05,13.203666210825245,11.045860220891132,10.872736408062991,0.71875,2.0213700736348983e-05
libero_goal_t08_ep002_s0016_approach,libero_goal,approach,libero_goal_t8_ep2,0.3828125,0.10035981359308967,0.1791002550986244,True,7.089432605800497,4.8199267697152886,7.522907281058834,19731.542230910174,35212.54295443033,3.120481944823586,6.432500706321557,6.854137983563513,0.0,3.1139946941038943e-06,4.151003782135295,6.013427253085842,6.380061417052046,0.015625,3.895761437888723e-06,5.886129856622058,6.44268560338886,6.8779175908629036,0.53125,1.244977784153889e-05,22.79689979414183,10.925773825774119,19.981978667438298,0.984375,2.793296971503878e-05
libero_goal_t08_ep002_s0032_pre_grasp,libero_goal,pre_grasp,libero_goal_t8_ep2,0.26171875,0.09181975235812245,0.12593873015888493,True,7.252557571041102,3.3224703276510725,7.40173871530612,18052.497871625732,24760.56185907805,1.9168774053916091,6.911780232409956,7.027045081391458,0.0,3.963494236813858e-06,2.7369093019229433,6.337876590931607,6.12687007799904,0.0,6.32696401225985e-06,4.113092392841612,6.658815361521015,6.8038870156413305,0.046875,1.7412609849998262e-05,17.474773060881237,9.633487516245129,16.845709503260316,1.0,2.4091149498417508e-05
libero_goal_t08_ep002_s0056_manipulation,libero_goal,manipulation,libero_goal_t8_ep2,0.14453125,0.11319730537224869,0.0725192254895586,False,7.199029750389568,2.811746080832008,6.921018815324616,22255.495814627073,14257.859885051132,1.7034942711644598,7.389536442102111,6.984143551687371,0.0,2.0620645955204964e-06,2.346727245869932,5.979743940311462,5.739254980981937,0.0,6.207943897607038e-06,3.3808805080895716,6.270943543460703,5.835696312701835,0.0,1.6384573427785654e-05,12.193132905795606,12.681273349917142,11.550708066502132,0.578125,1.410259619660792e-05
libero_goal_t08_ep003_s0016_approach,libero_goal,approach,libero_goal_t8_ep3,0.30859375,0.09361356076163546,0.1832002126924772,True,7.3616874117825635,3.715885469754829,7.915275652682814,18405.174954223625,36018.627417042546,2.049268420888567,7.228934630824135,7.405949872244323,0.0,1.6258466644103464e-06,2.910225736168696,6.796617324872918,6.9920890929408195,0.0,2.8224352490724414e-06,5.120569831487243,6.560637324506887,7.077535903065515,0.234375,1.9721801436389796e-05,23.44429869871726,9.7808567030178,21.86544203491858,1.0,1.4611428468924714e-05
libero_goal_t08_ep003_s0032_pre_grasp,libero_goal,pre_grasp,libero_goal_t8_ep3,0.1796875,0.09183013232089206,0.06832043470985459,False,7.086335226821522,2.274864996122555,6.77222921918228,18054.538655345947,13432.344027435092,1.2556505398515667,6.917463336066877,6.833126719783204,0.0,2.4297353320434922e-06,1.8344082471663699,6.408380985993139,6.4089646716387065,0.0,5.778606009698706e-06,3.2674700197300783,6.13734493630578,5.845530632258022,0.0,1.9846581380988937e-05,13.171738574704207,9.260029669640403,13.064938968448203,0.71875,2.054702054010704e-05
libero_goal_t08_ep003_s0048_manipulation,libero_goal,manipulation,libero_goal_t8_ep3,0.21875,0.09177007695875082,0.10655755080540791,True,7.447834615583014,3.0349873785413433,7.903461803152208,18042.731290706084,20950.06694874963,1.4917717478438708,7.962555348670621,7.8128121783653,0.0,2.560241000537644e-06,2.236956455159966,6.753858611541639,6.6231728400011525,0.0,6.038505716787768e-06,3.790703530881534,6.07065662201188,5.737260343535512,0.03125,1.9230904399591964e-05,16.765152885357615,9.960280605079085,15.396429767076516,0.84375,1.5503652321058325e-05
libero_goal_t08_ep004_s0016_approach,libero_goal,approach,libero_goal_t8_ep4,0.31640625,0.0909612182336713,0.18434904821021056,True,7.328628551877126,3.547215735484129,7.708768530735474,17883.703194485643,36244.49767051308,2.205973685025046,7.38143968856534,7.331428130367689,0.0,1.8277978028891084e-06,3.061057754378328,6.590638147579648,6.481979325231471,0.0,4.802202965947799e-06,5.195235109428793,6.368824109017889,6.824888429994774,0.28125,1.2154495379945729e-05,23.251199877115717,9.755244305716765,21.476266186311786,0.984375,2.0066807337570935e-05
libero_goal_t08_ep004_s0032_pre_grasp,libero_goal,pre_grasp,libero_goal_t8_ep4,0.24609375,0.08522709061645022,0.11240338892886505,True,7.0598762921497915,3.1596734626698955,6.96951219673936,16756.327831919036,22099.405490526304,1.7687469334979518,7.067076741867266,7.120787976909698,0.0,3.164422992085747e-06,2.6535155567857696,6.297669273722887,6.230596507746548,0.0,5.672579845850123e-06,3.7552998224611027,6.153528526632547,5.83055764755597,0.0625,1.6735233657527715e-05,17.49985855612384,9.396934444347814,13.983898633695212,0.921875,1.4986639143899083e-05
libero_goal_t08_ep004_s0056_manipulation,libero_goal,manipulation,libero_goal_t8_ep4,0.1640625,0.09662034710427535,0.07311518491958634,False,7.204519893348948,2.62344237751915,6.853085396379434,18996.333203477367,14375.030276670033,1.6343684337491056,6.951135839295166,6.668714178473706,0.0,3.166109991070698e-06,2.2460638031154314,6.506342758577422,6.091597719686668,0.0,7.74215254750743e-06,3.377995978738182,5.9301461871302905,5.41493979212307,0.0,1.5321847058658022e-05,11.578050523054923,10.880074563019365,11.14553566837619,0.65625,1.520082651040866e-05
libero_goal_t08_ep005_s0016_approach,libero_goal,approach,libero_goal_t8_ep5,0.30078125,0.08871268609673587,0.17201561403508348,True,7.150827295896892,4.411398459401431,7.628591896031283,17441.62378810704,33819.645844209685,2.949267749614961,6.551270580083167,6.71393563064351,0.0,2.502939878468169e-06,3.794473929037064,6.157420778830234,6.854603351103492,0.0,4.625645942724077e-06,5.381860640764771,6.590433293852664,6.678665713849752,0.203125,1.0127434507012367e-05,22.587733359888816,9.306868918508819,20.276323865717714,1.0,2.3547002456325572e-05
libero_goal_t08_ep005_s0032_pre_grasp,libero_goal,pre_grasp,libero_goal_t8_ep5,0.2265625,0.0926788748373496,0.11815682275150574,True,7.076313900018215,2.9081355810315728,7.509934865185944,18221.40822402163,23230.576607528037,1.54728731045874,6.751572183123549,6.84452801052527,0.0,2.490703536750516e-06,2.261089502967215,6.319350934761143,6.641826852412054,0.0,6.732123665642575e-06,3.8649803105793596,5.985463440204205,6.469281866837306,0.03125,1.569317373650847e-05,16.8819140526015,10.121942690301221,17.501192683378562,0.875,1.9027105736313388e-05
libero_goal_t08_ep005_s0056_manipulation,libero_goal,manipulation,libero_goal_t8_ep5,0.13671875,0.09969021977499071,0.06607346356510653,False,7.237544046466823,2.293087576094174,7.27692368087461,19599.894729521373,12990.571524608462,1.4722665145533198,7.033365997706774,6.967759088536443,0.0,2.4334049157914706e-06,2.027206225540567,6.259722622351891,6.2934184876532795,0.0,7.493594694096828e-06,2.9557900561921504,6.037398600844528,6.031384267297975,0.015625,1.804937346605584e-05,10.431626853217914,10.920055328539682,12.086287589770993,0.53125,1.5934449947963003e-05
libero_goal_t08_ep006_s0016_approach,libero_goal,approach,libero_goal_t8_ep6,0.3359375,0.09292427048858863,0.1952409408376193,True,7.210433054113551,4.312625745395263,7.914943778837488,18269.654972220436,38385.93089620264,2.317761992343608,7.404588886942923,7.312733192133392,0.0,1.8985169276675151e-06,3.4537634386235228,6.383931732800916,6.855212449527686,0.0,4.682838607550366e-06,5.455450517709548,6.082449054080842,7.288776725035111,0.359375,1.8886129510065075e-05,23.623641198491296,9.97883107433957,21.76868413314953,0.984375,1.744609744491754e-05
libero_goal_t08_ep006_s0032_pre_grasp,libero_goal,pre_grasp,libero_goal_t8_ep6,0.2109375,0.07983891923493346,0.0827170116027629,True,6.731087557940819,2.3655358827027273,6.622572821098645,15696.9702329418,16262.826217196007,1.407016754061753,6.817324383938253,6.350824648608523,0.0,2.687628693820443e-06,2.0008032920923635,6.1775067355063396,6.024069578407425,0.0,8.612777492089663e-06,3.168245487842837,5.575096857920746,5.594108205495072,0.03125,2.5122695660684258e-05,13.330401074674652,9.214332614366882,14.406532932452782,0.8125,2.1944509171589743e-05
libero_goal_t08_ep006_s0056_manipulation,libero_goal,manipulation,libero_goal_t8_ep6,0.31640625,0.10654704990640716,0.16845963332875422,True,7.448136308627623,4.0515792550975105,7.22012265665177,20948.002387998895,33120.51158949971,2.5180371657030634,6.885129811658415,6.837642667962849,0.0,3.065704163418559e-06,3.2798481718106425,6.450345720480669,6.245732450289379,0.0,7.683434887439944e-06,5.852081845864182,6.647576536219621,6.188816089695349,0.296875,1.4306672710517887e-05,18.72372229712169,11.587790084785926,18.44123280486363,0.96875,2.1378185920184478e-05
libero_goal_t08_ep007_s0024_approach,libero_goal,approach,libero_goal_t8_ep7,0.29296875,0.09676328815963924,0.18460980927213724,True,7.532536971546962,3.9208624093146627,8.033917376067677,19024.43655849035,36295.765381376346,2.123143886824211,6.978100337128931,7.159798262545037,0.0,2.266094611513836e-06,3.1217835179296047,6.450663159643698,6.82537846361706,0.0,3.5011717045563273e-06,5.35878778162448,6.744570424469671,7.429470001409241,0.1875,1.2705429526249645e-05,22.657536822457615,10.975687343321889,20.61434239554889,0.984375,1.097353651857702e-05
libero_goal_t08_ep007_s0040_pre_grasp,libero_goal,pre_grasp,libero_goal_t8_ep7,0.18359375,0.07429478543661959,0.05052958128805535,False,6.508706665348259,2.2374414988870086,6.316059900756357,14606.949175122903,9934.519917881986,1.1597441097405992,6.477618396657926,6.159203887487422,0.0,1.7309484405814146e-06,1.6979735371837885,5.657780283209571,5.716953957146277,0.0,7.238987564051058e-06,2.7547969041411253,5.565827037108691,5.450366079168594,0.0,1.9507379874994513e-05,10.39985687232539,8.777163109967582,10.789592715364122,0.734375,2.067330751742702e-05
libero_goal_t08_ep007_s0056_manipulation,libero_goal,manipulation,libero_goal_t8_ep7,0.2109375,0.09749115367605073,0.09355865315276231,False,7.461192918659709,2.6843854603182686,7.269364457267029,19167.540741940982,18394.379679058296,1.5455566999759034,7.2170583199292935,7.0184089734845525,0.0,2.230438440165017e-06,2.112615387480903,6.6679308291431845,6.601798438250954,0.0,6.193803983478574e-06,3.554870787553562,6.160312640447105,5.989266247849567,0.015625,1.755731864250265e-05,15.300680562986534,10.936813097168198,12.562531284217652,0.828125,1.5862166947044898e-05
libero_goal_t08_ep008_s0016_approach,libero_goal,approach,libero_goal_t8_ep8,0.34375,0.10256120751175164,0.20817077655546778,True,7.698098268847476,4.388063151739377,8.349074931355368,20164.35388647046,40928.0400370174,2.455501001595824,7.739436692850969,7.433421321899562,0.0,1.9455811184343474e-06,3.4874228998878314,7.030985909264437,7.234299683787109,0.0,3.523356667756161e-06,6.085053823701605,6.706364839285003,7.805383860234672,0.375,2.5071996788028628e-05,24.53873003554657,10.350109982208386,22.004625883254885,1.0,1.806948239391204e-05
libero_goal_t08_ep008_s0032_pre_grasp,libero_goal,pre_grasp,libero_goal_t8_ep8,0.2421875,0.0891087425001637,0.09184661766332364,True,7.113874354939958,2.7818445254837645,7.414953088105427,17519.491645472182,18057.779805550734,1.5325506146002317,7.035399994056071,7.112721719681922,0.0,1.434224031982012e-06,2.2482044125271208,6.494092087057293,6.683534643205684,0.0,7.343950301219593e-06,3.5929886910632893,6.318654291479639,6.559783201990099,0.0,1.552391222503502e-05,14.07080150564374,9.254892016087723,14.651418343040245,0.96875,2.0057705114595592e-05
libero_goal_t08_ep008_s0056_manipulation,libero_goal,manipulation,libero_goal_t8_ep8,0.19140625,0.10429377228685172,0.10002320997395571,False,7.1967769517717315,2.9611674813992748,7.25989361589736,20504.989981773342,19665.363266559492,1.687702413433394,7.199477449496282,7.0848878391647006,0.0,2.1490794779310818e-06,2.3233104041566586,6.143407038681833,6.260679681052609,0.0,7.1767753979656845e-06,3.953683254341687,6.21131180743658,6.119367607790737,0.03125,1.555695371280308e-05,13.818584187542085,11.212144036560701,11.959676061015294,0.734375,1.3413515262072906e-05
libero_goal_t08_ep009_s0016_approach,libero_goal,approach,libero_goal_t8_ep9,0.36328125,0.08728743284172519,0.1797170836973998,True,7.161877132408067,4.722434822651582,7.880331693751804,17161.407596145902,35333.81639157839,3.110293182607216,7.194584857959001,7.4238511125884425,0.0,2.7463577225717017e-06,4.243658184773475,6.376844583892531,6.636917539872199,0.0625,4.589071750160656e-06,5.859311118523642,6.7039063614377685,7.396892351537588,0.390625,1.3475523246597731e-05,22.694398971542363,9.394377172469788,20.82599384745035,1.0,2.7528232749318704e-05
libero_goal_t08_ep009_s0032_pre_grasp,libero_goal,pre_grasp,libero_goal_t8_ep9,0.234375,0.08836699059447622,0.12231700997622481,True,7.133159723318616,2.8828110174574624,7.270239315266787,17373.65728679878,24048.502697405616,1.6399037521640198,6.676060033333515,6.782369112408127,0.0,2.7122551955471863e-06,2.3342486370714886,6.102041225606028,6.184102203614751,0.0,8.256271485151956e-06,3.800959809091794,6.87905425988588,6.548902038711291,0.03125,1.6691741620888934e-05,18.011688775553324,9.644329327517287,18.28042148989339,0.90625,2.0683543880295474e-05
libero_goal_t08_ep009_s0056_manipulation,libero_goal,manipulation,libero_goal_t8_ep9,0.17578125,0.08719106128988273,0.07375766578280939,False,7.066741125176458,2.4033976490980313,6.990951207516552,17142.460178081263,14501.347154226592,1.3809608382136256,7.450522078103843,7.463592186080149,0.0,1.760114855642314e-06,1.9950327095445701,6.247593139033057,6.11227471347094,0.0,7.78298158365942e-06,2.951519984424136,5.763338136439363,5.480025073859958,0.0,1.784794767445419e-05,13.178019863802977,10.256424007957882,11.810476378619914,0.703125,1.7265877431782428e-05
libero_object_t00_ep000_s0024_approach,libero_object,approach,libero_object_t0_ep0,0.171875,0.057630822159112395,0.11709477997323425,True,5.695674020518004,1.9343703227031994,5.435387081173559,11330.680683058768,23021.770500977644,1.2313489728407174,4.994142616069906,4.794450989706201,0.0,1.4240052337299858e-06,1.6214882592375448,4.879590298768729,4.5525210561206375,0.0,9.070063697436126e-06,2.402511180166078,5.471494929770174,4.884810553381133,0.0,6.617611916226451e-06,15.028918672598714,8.843922280101019,14.130623069623361,0.6875,1.749774492054712e-05
libero_object_t00_ep000_s0040_pre_grasp,libero_object,pre_grasp,libero_object_t0_ep0,0.171875,0.07977762516503321,0.1004920956903252,True,5.943436099874282,1.902360535263675,5.935241835856604,15684.91932844685,19757.54994948345,1.1916343634767852,4.995809548086136,5.0501038321683245,0.0,2.974481844830734e-06,1.6418967289123143,5.594021509457928,5.886800270676975,0.0,6.125039590187953e-06,2.5506663922556223,5.508050897479185,5.052316158505061,0.0,9.564476386003662e-06,14.822035234272983,11.095708791328171,12.408974814312774,0.6875,2.384122126386501e-05
libero_object_t00_ep000_s0056_manipulation,libero_object,manipulation,libero_object_t0_ep0,0.21484375,0.07536700497492128,0.16741754964359387,True,5.812609933056773,2.434287408977074,6.003425092153751,14817.756114109316,32915.629600327695,1.4719909864810468,4.860236301028473,5.196781914605692,0.0,2.5908204861480044e-06,2.0345608011090315,5.499894804210058,5.7973312011287685,0.0,5.794638809675234e-06,3.3369828988386008,5.546453643582038,4.935306574406475,0.03125,7.0189780672080815e-06,22.457280143539563,10.3321652891712,20.291702253214435,0.828125,1.5995366993593052e-05
libero_object_t00_ep001_s0024_approach,libero_object,approach,libero_object_t0_ep1,0.16796875,0.05255232801627798,0.11101991161557008,True,5.667716859457091,1.8583671406326316,5.732770419567807,10332.208106624383,21827.40278291401,1.2576340795670014,4.704553407173216,4.9153391895482965,0.0,1.2517311347437499e-06,1.654119522319832,5.1049594862750585,4.992917270056109,0.0,6.031784550941666e-06,2.3073567875664316,5.125074500863477,5.125167068576061,0.0,1.35480186145287e-05,13.768701165942513,8.204379912785262,12.835203120731412,0.671875,2.2404544324672315e-05
libero_object_t00_ep001_s0048_pre_grasp,libero_object,pre_grasp,libero_object_t0_ep1,0.0703125,0.06136466624214287,0.025597829202309786,False,5.705677961722964,1.313307930314162,5.469452815538455,12064.784300535222,5032.738003807722,0.8725599651686691,4.9078006516953785,4.680272945527564,0.0,2.7597295684245182e-06,1.0791117172484483,5.497905118150692,5.245883429702724,0.0,5.127753411215963e-06,1.5873670889629565,4.927325787432784,4.793824817334748,0.0,1.1211176115466515e-05,7.621768802411597,9.097149112234003,9.18573930929195,0.28125,3.6526624171528965e-05
libero_object_t00_ep001_s0064_manipulation,libero_object,manipulation,libero_object_t0_ep1,0.2265625,0.066486739049171,0.16847219279828082,True,5.695394731545605,2.400804979535284,5.88229566934786,13071.824790979415,33122.98088168439,1.6393961211435233,4.620184208946064,5.051275086118199,0.0,2.667968374225893e-06,2.0768819496225177,5.074135095380797,5.590371351953551,0.0,7.549863539679791e-06,3.2854987850054376,5.680995446145902,5.084320846192964,0.046875,9.599867553333752e-06,21.224700562520475,8.329417910872621,20.454703827362188,0.859375,1.719453121040715e-05
libero_object_t00_ep002_s0024_approach,libero_object,approach,libero_object_t0_ep2,0.15625,0.05283816670429767,0.1031320873292151,True,5.489887264142013,1.9094848604344974,5.402333500527613,10388.406279398558,20276.593425622326,1.1356223086638435,4.7196315860584335,4.516364864050721,0.0,1.1039073797292076e-06,1.6200284676416894,4.797947033823481,4.724281484400319,0.0,6.672074277958018e-06,2.330339301846145,5.300753297543899,4.989921897930264,0.0,6.4745913732622284e-06,11.603498197826568,8.321775375766173,11.520611978404807,0.625,1.1825041838164907e-05
libero_object_t00_ep002_s0048_pre_grasp,libero_object,pre_grasp,libero_object_t0_ep2,0.16015625,0.06323113713007926,0.08155056245877014,True,5.683634249180863,1.696197156896495,5.77463558029566,12431.747408870622,16033.49298389388,1.112105605731671,4.599583651863198,4.699225971855331,0.0,4.698689963333891e-06,1.4333591805557746,5.399745655400436,5.473776508133344,0.0,4.3876941617781995e-06,2.292934767112804,4.957873280688609,4.896498551512074,0.0,8.409336260228883e-06,12.40226773942561,9.251074446477702,13.924868962107631,0.640625,3.4078737371601164e-05
libero_object_t00_ep002_s0064_manipulation,libero_object,manipulation,libero_object_t0_ep2,0.19921875,0.05978294343309246,0.1553543884190821,True,5.871393849952065,2.23057105601521,5.750696439844484,11753.804942493447,30543.915598298896,1.226027899480666,4.813879073141134,4.482030572784695,0.0,3.733263952199195e-06,1.74725549359647,5.22434733565398,5.3083047181734635,0.0,5.209953087614849e-06,3.004009145866565,5.702756417845553,5.342112428862926,0.0,1.049844058798044e-05,19.80290125052862,8.14997553831478,19.790013601562624,0.796875,1.66992140293587e-05
libero_object_t00_ep003_s0024_approach,libero_object,approach,libero_object_t0_ep3,0.1640625,0.05838636131127667,0.11001201194497014,True,5.684716937181132,1.7728552083575047,5.58036108668141,11479.225724687483,21629.241644476693,1.2436059955753724,4.574212083955215,4.597119933674398,0.0,1.9098122834293463e-06,1.5569660802457972,5.050237726078913,5.032567226881574,0.0,5.7463541907054605e-06,2.140391450825767,5.608690611431411,5.464012210342927,0.0,7.807749852872803e-06,14.040988365409754,8.985683180053453,12.1015228232285,0.65625,1.6839767340570688e-05
libero_object_t00_ep003_s0048_pre_grasp,libero_object,pre_grasp,libero_object_t0_ep3,0.09765625,0.06343022892749262,0.041136477998585094,False,5.552373631086025,1.4954818655932902,5.316347496749012,12470.890448976468,8087.7606663458155,0.9432670319258689,4.832344061229223,4.68329485686652,0.0,3.902937464772549e-06,1.2244515914799663,4.922393482545554,5.085455569349984,0.0,3.923298436347977e-06,1.8594489245236392,4.928243030548446,4.508022819144299,0.0,1.1274762982793618e-05,8.098663246107902,9.217310509136063,8.039533386896863,0.390625,3.6507330150925554e-05
libero_object_t00_ep003_s0064_manipulation,libero_object,manipulation,libero_object_t0_ep3,0.20703125,0.06709476043842703,0.14739759397772384,True,5.215732236956235,2.1572732238934798,5.230143181375555,13191.366660278265,28979.546156772332,1.257876940340081,4.624444832770842,4.598116936021178,0.0,2.2453846213466022e-06,1.767967228325094,4.774502373191723,4.690520819740074,0.0,5.965272976027336e-06,2.974756552734377,5.019137800397337,4.7962855577426335,0.015625,1.0687540907383664e-05,20.999727582221375,9.239269955277475,20.938039762325708,0.8125,1.800111658667447e-05
libero_object_t00_ep004_s0024_approach,libero_object,approach,libero_object_t0_ep4,0.13671875,0.05536498670152205,0.08771464751726922,True,5.616526717663735,1.5906836646353235,5.415205880525329,10885.19930541285,17245.401419075268,1.0550113835780206,4.788996042719936,4.568580292447033,0.0,1.0941531058961118e-06,1.3763393355779634,4.9044357497530715,4.719595467283783,0.0,6.9885418270132504e-06,1.955662344891863,5.5329715654837965,5.212996994474541,0.0,6.6240936575923115e-06,8.370297619787369,8.404003474137257,11.16841928630859,0.546875,1.9742746189876925e-05
libero_object_t00_ep004_s0048_pre_grasp,libero_object,pre_grasp,libero_object_t0_ep4,0.16796875,0.059695150983326783,0.07019914599186515,True,5.710284562620107,1.7853832132471275,5.676136825933872,11736.54424452991,13801.713695168624,0.9643294265938749,5.063266109935371,5.165025371469946,0.0,2.598810624476755e-06,1.3945434021973564,5.27954878296597,5.457269673945635,0.0,4.3223592456342885e-06,2.3449175568460747,5.128755699630624,4.79720984236105,0.0,1.2490841982071288e-05,12.95778893785975,8.821085316229006,11.464043745650887,0.671875,3.0277055884653237e-05
libero_object_t00_ep004_s0064_manipulation,libero_object,manipulation,libero_object_t0_ep4,0.19921875,0.06546508381711977,0.16382100821929896,True,5.961725918196735,2.262393885624634,5.771143391912785,12870.959199116283,32208.520783979926,1.452006426313349,5.155676366853897,5.079733403372012,0.0,1.770198650774546e-06,1.9345973990005128,5.237070039959875,5.29151580976164,0.0,5.642611995426705e-06,3.305479067880542,5.648426587341618,5.222633528953551,0.015625,1.0096234291268047e-05,20.494625774612054,8.883462472152313,19.835449741010308,0.78125,2.115093138854718e-05
libero_object_t00_ep005_s0024_approach,libero_object,approach,libero_object_t0_ep5,0.15625,0.05621086975698999,0.10530037089451433,True,5.575679792818073,1.666059981311665,5.50023895525662,11051.506681182287,20702.895320828673,1.1096368344486223,4.712252546273984,4.713181935145743,0.0,1.1607394299062435e-06,1.433840794072193,4.80260801110597,4.796747923459851,0.0,7.226775551316678e-06,2.001355047226653,5.033018635377552,4.973875320377088,0.0,7.678194833715679e-06,10.589319361189967,8.552206253691251,12.422078836758597,0.625,1.909027105284622e-05
libero_object_t00_ep005_s0048_pre_grasp,libero_object,pre_grasp,libero_object_t0_ep5,0.09375,0.048759182759251646,0.027961476894728523,False,4.935554253158672,1.3149536504856243,5.047291168761314,9586.445403930946,5497.450049318786,0.8845186766014843,4.321726774212167,4.320478875811059,0.0,2.994667852362909e-06,1.11734478003381,4.264143333911795,4.599027355745722,0.0,6.959105348869343e-06,1.6614746227041892,4.385714809564886,4.622191303813324,0.0,8.486134902341291e-06,7.038308305580889,8.276176242408905,9.425267950535728,0.375,3.1921768822940066e-05
libero_object_t00_ep005_s0064_manipulation,libero_object,manipulation,libero_object_t0_ep5,0.20703125,0.05869035251245419,0.14185451913577074,True,5.438479031912194,2.2535820055431266,5.749935529854269,11538.992826768592,27889.733298245603,1.3141393111446078,4.806430895903999,4.969379564195535,0.0,3.6058364685231936e-06,1.7976423085917261,4.700156941106959,4.993735486096272,0.0,9.233133823727258e-06,2.9684744026155903,5.105527021482086,5.225218360311816,0.015625,9.963914180843858e-06,19.708304155516835,9.024489135328544,18.6538515966162,0.8125,1.6824990780150983e-05
libero_object_t00_ep006_s0024_approach,libero_object,approach,libero_object_t0_ep6,0.16015625,0.053772030531758275,0.11296483185744606,True,5.317837776519401,1.9362929239394975,5.228385591224718,10572.01137878793,22209.78966182876,1.2236539274054672,4.718108566474079,4.541897057732232,0.0,1.1777844974858453e-06,1.6937651226143413,4.5292387069166935,4.332076176067172,0.0,6.11313157605764e-06,2.308432109422862,5.3831884352427055,5.161731536062071,0.0,7.4659233177953865e-06,13.82105564164511,8.222435284106936,10.839332848170324,0.640625,1.6198163393710274e-05
libero_object_t00_ep006_s0048_pre_grasp,libero_object,pre_grasp,libero_object_t0_ep6,0.171875,0.06777512521117272,0.0791384910597884,True,5.9991281825724405,1.7268304929732026,5.926342196780803,13325.131817518246,15559.260450282876,1.1255441665049597,5.197779602432696,5.356069202494101,0.0,2.7286291697237175e-06,1.4869867357396336,5.244390032560228,5.366497066867001,0.0,5.353054120860179e-06,2.3490827790606454,5.516124587804025,5.461446778680841,0.0,6.881727131258231e-06,12.642693648497122,9.245086998174578,12.28109284642219,0.6875,2.6630732463672757e-05
libero_object_t00_ep006_s0064_manipulation,libero_object,manipulation,libero_object_t0_ep6,0.1953125,0.06646793379314675,0.15704582210522142,True,5.470686329903106,2.139620472307544,5.435665106837762,13068.127527202998,30876.464992463374,1.2477831448968628,4.6118994199050505,4.669220735250536,0.0,2.289715666847769e-06,1.7575389897076548,4.547103373726347,4.446903474661559,0.0,8.871164936863352e-06,2.8760401354667957,5.238089303057997,5.393439374249716,0.0,1.1168926448590355e-05,20.74182001924516,9.338052803855877,20.143021448390805,0.78125,1.9270159100415185e-05
libero_object_t00_ep007_s0024_approach,libero_object,approach,libero_object_t0_ep7,0.15625,0.05650537895901225,0.09998951877783957,True,5.605095354804416,1.7890731078819506,5.564447431927604,11109.409546373483,19658.739307873475,1.1491356761441982,4.764075588751677,4.593179561338299,0.0,1.5686380265833577e-06,1.5715436756499839,4.821083466866648,4.7809522853681745,0.0,5.028247642258066e-06,2.1114949158314955,5.43927330959,5.176401053340479,0.0,8.795330359134823e-06,12.885668291906072,7.973406434270711,11.776138408835273,0.625,1.6377375686715823e-05
libero_object_t00_ep007_s0048_pre_grasp,libero_object,pre_grasp,libero_object_t0_ep7,0.15625,0.06161608162445214,0.06735944776403806,True,5.579357208201007,1.7803173061717863,5.496217407597905,12114.214576020286,13243.406305991994,1.13508397999153,4.758437971832233,4.60607235067614,0.0,2.7195014808967244e-06,1.5401270917549388,4.965182551527698,4.771372547076519,0.0,4.340939312896808e-06,2.2085954576653375,5.112652271326105,4.861160805278329,0.0,8.351487394975265e-06,11.23919204446792,9.248112789889408,11.756950886065468,0.625,2.703438076423481e-05
libero_object_t00_ep007_s0064_manipulation,libero_object,manipulation,libero_object_t0_ep7,0.20703125,0.06396062492573616,0.16260687034153945,True,5.464261177854066,2.080463229347373,5.626454467527303,12575.170545399133,31969.81156410939,1.3588577646670705,4.39510442490481,4.526862789568678,0.0,2.238230194961943e-06,1.8731174881599906,5.018490665605436,5.28503264237798,0.0,4.192977939965203e-06,2.903229499112978,5.514250672117122,5.427824459444021,0.03125,6.931641109986231e-06,21.512903990845302,9.199518694358833,20.901884163529242,0.796875,1.4478954653895926e-05
libero_object_t00_ep008_s0024_approach,libero_object,approach,libero_object_t0_ep8,0.16796875,0.059297987833694166,0.11502964973134283,True,5.724904420304969,1.8573971620067724,5.249770529448803,11658.458792006944,22615.74937437986,1.2401011236683956,5.058203503436342,4.813014626439622,0.0,1.1331670179970388e-06,1.6282664852874271,4.771623545698848,4.390548535932928,0.0,6.130615702204523e-06,2.321415180125342,5.289224029923847,4.820526572708754,0.0,5.651921583194053e-06,13.66289192439622,8.33959450123132,14.354169047792386,0.671875,1.7376460164086893e-05
libero_object_t00_ep008_s0040_pre_grasp,libero_object,pre_grasp,libero_object_t0_ep8,0.1953125,0.07147341517825011,0.11369442849704343,True,6.119561875673317,1.8381456729899628,5.81609968378249,14052.245211365396,22353.234197946724,1.0876960970139073,5.151184861335109,5.246378969811419,0.0,2.672839514161751e-06,1.4999572488281925,5.585338024102252,5.433770521223034,0.0,4.2651854528230615e-06,2.536805105496425,5.492187407641733,5.351572805454214,0.0,7.898004696471617e-06,16.154002308086053,10.036486496451573,13.810549084828772,0.78125,2.693991336855106e-05
libero_object_t00_ep008_s0056_manipulation,libero_object,manipulation,libero_object_t0_ep8,0.23046875,0.05739919647234152,0.1602773171444595,True,5.586138488322145,2.3397610107151703,6.007223327006951,11285.141220034122,31511.8027691379,1.4698133288222728,4.657994099925392,4.92574849376604,0.0,2.624310809551389e-06,1.8786018250980083,4.9657069294563865,5.346777243456046,0.0,4.396815711515956e-06,2.995562192864416,5.566263573740683,5.699137648411208,0.078125,8.447566415270558e-06,21.506644372487436,8.681884049802942,20.568886127459706,0.84375,1.7823849702836014e-05
libero_object_t00_ep009_s0024_approach,libero_object,approach,libero_object_t0_ep9,0.1640625,0.05514565549018368,0.11464092572248381,True,5.649349637870829,1.9132058668323808,5.589507715991601,10842.077034614036,22539.323124446102,1.1710083003537017,4.574581702893774,4.615170685564805,0.0,1.4124787526270666e-06,1.6394673742544341,5.008312586420345,4.937735235677076,0.0,5.986912583466619e-06,2.378618672442612,5.473828403547666,5.185588195414347,0.0,1.0179252058151178e-05,12.425178008793093,8.085675293973399,11.744521018071596,0.65625,1.1246208032389404e-05
libero_object_t00_ep009_s0048_pre_grasp,libero_object,pre_grasp,libero_object_t0_ep9,0.16015625,0.05948092162626781,0.07140274098149417,True,5.470798919834607,1.8155166778368548,5.821210326849806,11694.425039097263,14038.350098889605,1.281955301064818,4.430776755486976,4.610968641233997,0.0,4.9718780701368814e-06,1.5367262419913077,4.93744548959179,5.520278196523915,0.0,4.859762839259929e-06,2.2016545818563973,5.1165991941817515,5.223807168014309,0.0,9.47903663472971e-06,11.479512810780701,9.549420158140798,11.982943807674177,0.640625,2.3295429855352268e-05
libero_object_t00_ep009_s0064_manipulation,libero_object,manipulation,libero_object_t0_ep9,0.203125,0.06288263053655048,0.15683747241388113,True,5.502893250208192,2.2865578245781264,5.866999000001884,12363.228224530114,30835.50177634834,1.496000948346241,4.566306657662672,4.704209540333629,0.0,2.9819930205121636e-06,1.9177630245161472,4.923902731335049,5.518482532472962,0.0,4.774991339218104e-06,2.9592241925797396,5.42530807419722,5.223012581038533,0.03125,7.186883294707513e-06,19.305163597951257,9.05196411218834,18.22724191765951,0.78125,1.2465853160392726e-05
libero_spatial_t02_ep000_s0024_approach,libero_spatial,approach,libero_spatial_t2_ep0,0.27734375,0.10431163642812258,0.18175650095518278,True,7.7798319627890455,3.334645459046194,8.314980585437821,20508.50221486032,35734.78213979658,2.0390792241911706,7.4219505829974395,7.4403278331888,0.0,1.8597531266095757e-06,2.7681893273275784,6.99285038034684,7.029194500640688,0.0,6.837873343101819e-06,4.18709931405885,6.547062940579099,7.072445130899256,0.15625,9.424443760508439e-06,21.907990107445215,10.789836162391993,21.50350370032517,0.953125,1.885620349639794e-05
libero_spatial_t02_ep000_s0040_pre_grasp,libero_spatial,pre_grasp,libero_spatial_t2_ep0,0.234375,0.07955351167114019,0.07298024288469912,False,6.938594134006044,2.3539254406758077,6.750738860823784,15640.856822639527,14348.499593074921,1.567519367528054,6.775591368524279,6.601278289923698,0.0,1.5237831121339696e-06,2.0659538516444367,6.100256030252058,6.0260944754378185,0.0,4.687234650191385e-06,3.0035085542187523,5.903917936469583,5.641944358337229,0.03125,1.3007771030970616e-05,13.055549540404328,9.44952535233385,11.72019350307588,0.90625,1.9915449229301885e-05
libero_spatial_t02_ep000_s0064_manipulation,libero_spatial,manipulation,libero_spatial_t2_ep0,0.36328125,0.10064232063475388,0.2525601964843633,True,7.5722810486708205,3.836123067881343,8.41062077637235,19787.08537535769,49655.35511039771,2.299244021387013,7.422362699101182,7.177395757925044,0.0,9.444381248613354e-06,3.1824643723308927,6.579961962815734,6.434970779572446,0.0,5.332505679689348e-06,6.846841388960721,7.082543881612333,7.9354969475393276,0.46875,7.081210696924245e-06,26.08654488777556,10.635723516296846,24.46431000974701,0.984375,1.6597250578342937e-05
libero_spatial_t02_ep001_s0016_approach,libero_spatial,approach,libero_spatial_t2_ep1,0.2890625,0.09325810517734807,0.19639996392261316,True,7.541122262931182,4.074902486923334,7.7701565947614935,18335.28954270805,38613.80410689712,2.875814359817336,7.114001630039528,7.021202572405398,0.0,2.1332291453290964e-06,3.4904740978748094,6.518163096718387,6.201194813138561,0.015625,5.660703209287021e-06,4.78163864649952,6.748200086553929,7.035851735735346,0.15625,8.795042958809063e-06,23.704246619837008,10.3078906604294,22.360443392664827,0.984375,1.725214042380685e-05
libero_spatial_t02_ep001_s0032_pre_grasp,libero_spatial,pre_grasp,libero_spatial_t2_ep1,0.26171875,0.0862479959138563,0.1229925451601715,True,7.407213960062568,2.988453571761853,7.319985907757021,16957.04598063146,24181.318318851,1.7487527318257716,7.123926215983628,6.8648768677966245,0.0,2.2909888457434135e-06,2.541962384227882,6.140934492016641,6.056710327429755,0.0,8.931581305660075e-06,3.8199598527949545,6.5603255955598065,6.149997713492685,0.0625,1.375131114400574e-05,16.73841684950186,9.605150714188097,15.647104094092,0.984375,2.344273161725141e-05
libero_spatial_t02_ep001_s0056_manipulation,libero_spatial,manipulation,libero_spatial_t2_ep1,0.30859375,0.10496844616527602,0.20848584226351297,True,7.907817323326695,3.381527944170923,7.971718927660124,20637.63626366259,40989.98447574476,2.3000050981959355,7.622360861425957,7.4030307279742384,0.0,2.5739658440215862e-06,2.902521282936683,6.55281837850404,6.471128251485773,0.0,5.3667620250053005e-06,4.702218233548459,7.012177763369614,7.327868636401361,0.234375,9.773845704330597e-06,23.528613276551383,10.474888717044198,20.440895492520546,1.0,1.4731134797330014e-05
libero_spatial_t02_ep002_s0016_approach,libero_spatial,approach,libero_spatial_t2_ep2,0.30078125,0.08620427506961882,0.17192522177116584,True,6.881607575934983,4.05189381441256,7.729603614516655,16948.450112887618,33801.87400198537,2.8404397257647975,6.493504822381562,6.57627366529929,0.0,3.6670901408797363e-06,3.6231314363300076,5.997579755674413,6.342919524293688,0.0,6.6090974542021286e-06,4.870817350255509,6.314476057097432,7.00498766342502,0.234375,6.72817850499996e-06,22.366718477508876,9.65971083394549,21.197235153299967,0.96875,1.7727649719745386e-05
libero_spatial_t02_ep002_s0032_pre_grasp,libero_spatial,pre_grasp,libero_spatial_t2_ep2,0.3046875,0.08612406137256662,0.1515502321361458,True,7.242953820220556,3.0041854988367844,7.259411051354916,16932.67945833758,29795.98803982335,1.9170169270989927,6.554990596652479,6.769636566215349,0.0,1.9411207858865964e-06,2.5419340082257555,6.264243506913192,6.164726304720537,0.0,1.0470018423802685e-05,4.2711458501502015,6.596080102114438,6.575295004312133,0.21875,1.09094535218901e-05,18.35951860789602,9.620754146412832,16.256394687069033,1.0,2.3027297174849082e-05
libero_spatial_t02_ep002_s0056_manipulation,libero_spatial,manipulation,libero_spatial_t2_ep2,0.296875,0.09851512161513343,0.201227087654355,True,7.563513575714307,3.56249185880379,8.091501370003833,19368.861030508153,39562.85524954743,2.2885887476994426,6.954397374694844,6.9731092341983985,0.0,2.28050794248702e-06,2.8338194189562733,6.874504351808312,7.039665821799579,0.0,8.174526101356605e-06,5.1673190314745945,6.789670566923167,7.935290696984898,0.21875,1.1205793271074072e-05,23.811128687316938,9.738154228934668,20.51305874975983,0.96875,1.7407023733539972e-05
libero_spatial_t02_ep003_s0016_approach,libero_spatial,approach,libero_spatial_t2_ep3,0.27734375,0.08753022252546853,0.17916053533897147,True,6.96988376901651,3.343590442287729,7.447404607402621,17209.141990287317,35224.39453192451,1.9641194678139933,6.93430689183829,6.789506244541418,0.0,2.188666712754639e-06,2.848092896866075,5.794967333951821,5.8119096980556115,0.0,7.238120588226593e-06,4.129881337532083,5.848636101962105,6.475772632321293,0.15625,1.129946440414642e-05,22.393196470248306,10.042378999981388,21.122838589091245,0.953125,1.7337838471576106e-05
libero_spatial_t02_ep003_s0032_pre_grasp,libero_spatial,pre_grasp,libero_spatial_t2_ep3,0.19140625,0.07584366606401698,0.0579281323194999,False,6.902910721685538,2.145011011089803,6.730004728377667,14911.471497514249,11389.134239072235,1.5024095076994166,6.447671343901308,6.391680525369457,0.0,2.2950816855882294e-06,1.9285315107717322,5.6779446343924995,5.580005199153339,0.0,7.103193865987123e-06,2.593791123357268,5.659759048463615,5.228495812172634,0.0,1.0080540050694253e-05,12.122759576620556,8.782933114229866,12.401917234164983,0.765625,1.969810818991391e-05
libero_spatial_t02_ep003_s0056_manipulation,libero_spatial,manipulation,libero_spatial_t2_ep3,0.3359375,0.09600489043403508,0.24227435880318424,True,7.353076849957253,3.7495512626584677,7.92634843613234,18875.329498454776,47633.07713557643,2.492807110658375,6.281142330077097,6.234940827913624,0.0,5.62017362426559e-06,3.2006258677098116,5.8922842877421004,5.779213704509047,0.0,5.9111671362188645e-06,5.795144450379,7.171992229685023,8.130406413641126,0.34375,7.727315960437409e-06,26.5247047402293,10.395801451652085,24.70202646159308,1.0,1.795445405150531e-05
libero_spatial_t02_ep004_s0016_approach,libero_spatial,approach,libero_spatial_t2_ep4,0.29296875,0.09336234955181777,0.186343927474154,True,7.1061668989075475,3.997478752653282,7.40013137450709,18355.78482068378,36636.70689283847,2.7176960429254726,7.080286514215052,6.953947017195192,0.0,2.4933480062827584e-06,3.4989808416555004,6.552245114615797,6.317878768624118,0.0,8.248813628597418e-06,4.839837419079393,6.207338130184622,6.521400557318934,0.203125,8.262064056907548e-06,23.557694091996716,10.42989612894678,21.500845089710108,0.96875,1.8443332919559907e-05
libero_spatial_t02_ep004_s0032_pre_grasp,libero_spatial,pre_grasp,libero_spatial_t2_ep4,0.2421875,0.08546049689433788,0.12020202375249021,True,7.35681919527557,2.7056546052601798,7.13089510268493,16802.21737340198,23632.67948592959,1.6189533674346348,7.111663151872424,6.680136873170664,0.0,2.0353479044388223e-06,2.2858025109732134,6.708187252726598,6.4276349573691665,0.0,9.700831014924916e-06,3.4154488754825625,6.396977957943202,6.405318735546855,0.015625,9.202841283695307e-06,17.011181218929757,9.806215765269233,16.42134139201897,0.953125,2.8293738978391048e-05
libero_spatial_t02_ep004_s0056_manipulation,libero_spatial,manipulation,libero_spatial_t2_ep4,0.32421875,0.10152602982358054,0.21382713207389328,True,7.364654332110151,4.026018239686863,7.560857019754591,19960.82967155453,42040.12478278403,2.601290876095428,6.964226494692532,6.857685762008767,0.0,2.399303184574819e-06,3.3760576963375186,6.614705743594868,6.491508236729741,0.0,9.072306056623347e-06,4.946873585979912,6.640876107040754,6.435829242175621,0.296875,8.893078302207869e-06,23.726988394615635,11.1901379921438,21.175602589943985,1.0,1.9868925846822094e-05
libero_spatial_t02_ep005_s0016_approach,libero_spatial,approach,libero_spatial_t2_ep5,0.39453125,0.09874419931111394,0.1916264414285691,True,7.713489043847055,5.372684513711047,7.865141269810864,19413.899538159487,37675.291396388115,3.671365358710178,6.316405163228395,6.52005553781119,0.015625,6.739545369782718e-06,4.735480659725136,7.205563602225369,7.113012702686401,0.09375,6.727973868692061e-06,6.425100579947007,6.856283072522261,7.339161058862585,0.46875,5.613849452856812e-06,22.610997505906575,10.722427964024817,18.836687962297304,1.0,1.972315840248484e-05
libero_spatial_t02_ep005_s0032_pre_grasp,libero_spatial,pre_grasp,libero_spatial_t2_ep5,0.23828125,0.09430783933053634,0.13805258431163855,True,7.4991748100688085,3.063649982710412,7.727816968102584,18541.675675098086,27142.242496342635,1.6407998009073546,6.7514529286539275,6.68728996939724,0.0,2.3943073301779805e-06,2.5789565355340462,6.849879702562625,6.979925713937133,0.0,7.81887729317532e-06,4.109711008143346,6.7095253429641275,6.67315353537609,0.0625,2.029180177487433e-05,18.595439371464433,11.001600440297686,18.667552632290793,0.890625,2.5643975277489517e-05
libero_spatial_t02_ep005_s0056_manipulation,libero_spatial,manipulation,libero_spatial_t2_ep5,0.2734375,0.10660423425229892,0.18621890699878443,True,7.748391124077958,3.3317410303025374,7.409642733479346,20959.245287875987,36612.126867217,2.1049244704105137,7.14033715225399,6.996374104528031,0.0,2.468926481924427e-06,2.803286837372836,6.658927311914307,6.377232439876678,0.0,9.118759862758452e-06,4.608233750479099,7.085890517970682,6.709437631561464,0.09375,1.4431852378038457e-05,22.31314179774678,11.30664795948394,19.86331411247537,1.0,2.3461519958800636e-05
libero_spatial_t02_ep006_s0016_approach,libero_spatial,approach,libero_spatial_t2_ep6,0.3125,0.08472911376785143,0.17585472524654444,True,7.1982541264354865,4.168107863542443,7.539644569706876,16658.42159966973,34574.4458212726,2.6879278341265294,6.515868203741633,6.479192256135903,0.0,5.556293217523489e-06,3.5955435005854834,6.12181101058253,6.667699248001135,0.03125,3.7447024396897177e-06,5.019687647206806,6.363780386100716,6.834700348955263,0.234375,5.113329962114221e-06,22.760681536849674,9.648446536685787,20.943884799921584,0.984375,1.74139640876092e-05
libero_spatial_t02_ep006_s0032_pre_grasp,libero_spatial,pre_grasp,libero_spatial_t2_ep6,0.29296875,0.0945912449470811,0.15243591818677607,True,7.48185941203604,3.249159938249049,7.215481229691848,18597.39548655572,29970.12100286567,2.010572554747864,6.437432715917286,6.456608351459079,0.0,3.7338699030442513e-06,2.81368731115173,6.787292965070195,6.2861433267347975,0.0,1.0224220204690937e-05,4.19454418730866,6.778032337361802,6.41872630728033,0.203125,1.3354377642826876e-05,19.13018435241967,10.623666550905263,15.598120420020184,0.96875,2.6307541702408344e-05
libero_spatial_t02_ep006_s0056_manipulation,libero_spatial,manipulation,libero_spatial_t2_ep6,0.3046875,0.11716688490664212,0.2160834390630837,True,7.812091482018676,3.7438054708249817,8.330414354154037,23035.946907725098,42483.73278731475,2.536674279578757,7.101895898688053,6.900805873199861,0.0,3.106649614892376e-06,3.126420273543526,6.863031271401285,6.813083450940148,0.0,7.594966291435412e-06,4.80172342042284,7.271673588021287,7.98512879058574,0.234375,1.103807016988867e-05,23.911535977545533,12.172452661864007,20.886280091335344,0.984375,2.2382317183655687e-05
libero_spatial_t02_ep007_s0016_approach,libero_spatial,approach,libero_spatial_t2_ep7,0.328125,0.08085210738174975,0.16528047131294374,True,6.976439558344163,4.465075219271564,7.326818635423836,15896.171128111053,32495.462903895237,2.9026165713885472,6.667885737796236,6.6632639037575725,0.0,3.7821977230123593e-06,3.88524030405955,6.027301853775256,6.327277333157407,0.0625,6.897121465954115e-06,5.265397471926423,6.146525100360975,6.797558575128633,0.296875,6.298700554907555e-06,21.253804953927443,9.36044222389648,18.88499769598753,0.953125,1.4127857866697013e-05
libero_spatial_t02_ep007_s0032_pre_grasp,libero_spatial,pre_grasp,libero_spatial_t2_ep7,0.26171875,0.08290785578043344,0.14079310701328135,True,7.312676172740912,2.868994060264635,7.352889243563832,16300.347709279458,27681.051183667216,1.9327231646460579,7.0015868453538275,6.965820077455691,0.0,2.345179609619663e-06,2.5085387696523753,6.330800823628547,6.314210238772585,0.0,7.755072601867141e-06,3.55992531463193,6.216679510365438,6.427136785305612,0.078125,1.4383292636921396e-05,18.487534886497166,9.121121935396204,16.68607049036187,0.96875,2.458919789205538e-05
libero_spatial_t02_ep007_s0056_manipulation,libero_spatial,manipulation,libero_spatial_t2_ep7,0.30859375,0.09828428232740433,0.1996151209846306,True,7.3722930102918305,3.752680080063622,7.612995639280866,19323.47617982631,39245.929706546245,2.474404205525105,7.123981587393441,7.277147192044209,0.0,1.8949032778436958e-06,3.1955477163543575,6.014928107233754,6.402407710095115,0.0,6.574627377631259e-06,4.999330787887187,6.780000341359501,6.580596782208717,0.25,1.3249773019197164e-05,22.615173870779024,10.99988015405255,20.326887726325623,0.984375,1.8536269635660574e-05
libero_spatial_t02_ep008_s0016_approach,libero_spatial,approach,libero_spatial_t2_ep8,0.3203125,0.09346901148608557,0.19403514114736478,True,7.378240859227336,4.126377840412188,7.783910421525949,18376.755410256308,38148.8610307011,2.834149975423176,6.699862204790006,6.617759333207914,0.0,3.061383495150949e-06,3.656790832523652,6.273615823853042,6.40505981455407,0.03125,7.402360324704205e-06,4.993785205572204,6.30498363439844,7.127579944639762,0.265625,6.0852723891002825e-06,22.88982486824958,10.732089918156204,20.92306990508941,0.984375,1.8890265891968738e-05
libero_spatial_t02_ep008_s0032_pre_grasp,libero_spatial,pre_grasp,libero_spatial_t2_ep8,0.28125,0.09438611588104223,0.1291978222073362,True,7.251124885452728,2.7184645307822377,7.133043067072295,18557.065471139955,25401.32542853996,1.6017314763849089,6.626120798661338,6.649429379590107,0.0,3.107144948444329e-06,2.260736059714591,6.405711999786307,6.666895782743113,0.0,7.649934332221164e-06,3.5747107859195535,6.089302351376723,5.8160613835500365,0.15625,2.0359843801998068e-05,17.048521782889093,10.835963596313047,16.560261678222886,0.96875,2.5579469365766272e-05
libero_spatial_t02_ep008_s0056_manipulation,libero_spatial,manipulation,libero_spatial_t2_ep8,0.30078125,0.10434859985861127,0.19047216870944159,True,7.43149265880473,3.4915701120819804,8.476587329921564,20515.769521001843,37448.352145625875,2.317536201594346,6.903696237959021,6.974282406381581,0.0,2.0432039491424803e-06,2.891602909594549,6.33700800855388,6.691927217032358,0.0,7.592081828988739e-06,4.817526541320455,6.778835009278801,7.954718095583676,0.265625,1.3427498288365314e-05,23.029738193335334,10.395196558770998,21.375218184606986,0.9375,1.7478485460742377e-05
libero_spatial_t02_ep009_s0016_approach,libero_spatial,approach,libero_spatial_t2_ep9,0.35546875,0.08085190113569903,0.15752684876515918,True,6.8077978704741025,4.418723215986876,7.041617465662302,15896.130578487513,30971.03868202042,2.956014175990205,5.801593848467611,5.87370235167984,0.0,8.42874078443856e-06,3.8610427915129506,5.908077971677651,5.9580617501279045,0.078125,5.962555178484763e-06,5.50034550491559,6.46690118388785,6.667066251794594,0.375,4.64760591967206e-06,19.879093151433224,9.349547685789057,19.154369601434226,0.96875,1.982286721613491e-05
libero_spatial_t02_ep009_s0032_pre_grasp,libero_spatial,pre_grasp,libero_spatial_t2_ep9,0.26953125,0.08410707042072625,0.14251134025745574,True,7.2524519957820335,2.836767048866693,7.32157186544627,16536.122901278144,28018.86958533786,1.8688486648580631,6.710524636629994,6.9953944881163155,0.0,1.7138380030701228e-06,2.4845185752525483,6.419065750022912,6.198035910310233,0.0,6.180990339998971e-06,4.083909369054959,6.077295616333531,6.187455205440247,0.125,1.652012451813789e-05,19.318932285862967,9.303670491893346,18.027008730278922,0.953125,2.3933459488034714e-05
libero_spatial_t02_ep009_s0056_manipulation,libero_spatial,manipulation,libero_spatial_t2_ep9,0.359375,0.10621264077854593,0.22866782524670656,True,7.715880627732802,4.268202828801141,8.501756366756656,20882.254878188356,44957.92378610447,2.741504709051192,7.477830988169442,7.8146193272655236,0.0,2.432433120702626e-06,3.6614137125596935,6.481206996747527,6.641406794847057,0.0,1.0167066193389473e-05,5.737432109252082,6.476328430555457,7.602966917015268,0.4375,1.0699700396799017e-05,24.842934175684015,10.633135602517802,21.074068117124828,1.0,1.578934461576864e-05
