state_id,condition,family,suite,task_id,episode_idx,phase,episode_success,episode,token_budget,eef_treatment_mm,eef_nuisance_mm,wall_sec,recovery_A_random,residual_mm_A_random,eef_dev_from_pred_mm_A_random,obj_dev_from_pred_mm_A_random,recovery_B_top_D,residual_mm_B_top_D,eef_dev_from_pred_mm_B_top_D,obj_dev_from_pred_mm_B_top_D,recovery_C_top_S,residual_mm_C_top_S,eef_dev_from_pred_mm_C_top_S,obj_dev_from_pred_mm_C_top_S,recovery_D_top_D_times_S,residual_mm_D_top_D_times_S,eef_dev_from_pred_mm_D_top_D_times_S,obj_dev_from_pred_mm_D_top_D_times_S,recovery_E_top_attention,residual_mm_E_top_attention,eef_dev_from_pred_mm_E_top_attention,obj_dev_from_pred_mm_E_top_attention,recovery_F_top_D_times_attention,residual_mm_F_top_D_times_attention,eef_dev_from_pred_mm_F_top_D_times_attention,obj_dev_from_pred_mm_F_top_D_times_attention,recovery_G_top_U_oracle,residual_mm_G_top_U_oracle,eef_dev_from_pred_mm_G_top_U_oracle,obj_dev_from_pred_mm_G_top_U_oracle,recovery_H_top_U_times_S_oracle,residual_mm_H_top_U_times_S_oracle,eef_dev_from_pred_mm_H_top_U_times_S_oracle,obj_dev_from_pred_mm_H_top_U_times_S_oracle
A_occlusion_medium_libero_goal_t05_ep000_s0024_approach,A_occlusion_medium,A_occlusion,libero_goal,5,0,approach,False,A_occlusion_medium_libero_goal_t5_ep0,64,1.4034318030533142,0.5881572720706595,1.9,0.20807924471174133,1.1114330014677758,0.5473479300911749,0.0,0.46692310691686006,0.7481056014161819,0.6818916526222681,0.0,0.5129537406581574,0.6837703322475365,1.1700695227186768,0.0,0.7649460815785495,0.3299353063696373,1.0825538477964864,0.0,0.5406431238260071,0.6447965501229368,0.7692201239470483,0.0,0.5304715238341581,0.6589972552444988,0.7578982038696452,0.0,0.5901899838741519,0.5752369280231372,0.8928964805003344,0.0,0.5531921030870172,0.6273034023595008,1.2681328299906867,0.0
A_occlusion_medium_libero_goal_t05_ep001_s0024_approach,A_occlusion_medium,A_occlusion,libero_goal,5,1,approach,False,A_occlusion_medium_libero_goal_t5_ep1,64,1.5930807491634542,0.34690535277292933,1.88,0.10684290690329912,1.4228533230766367,0.31969772234720767,0.0,0.551322643473723,0.7148535121190435,0.9154293065289486,0.0,0.7937987049290616,0.32854124365977727,1.603283794643861,0.0,0.6463955315988587,0.5632545129847838,1.9277679004562065,0.0,0.44139290063430653,0.8900288457598967,1.2224674493044232,0.0,0.7332198417568591,0.4249128119446033,1.8010967322488298,0.0,0.3548581302154548,1.0277553009646099,0.7099935956650102,0.0,0.7637426862200117,0.3763788806101182,1.7398125745513449,0.0
A_occlusion_medium_libero_goal_t05_ep002_s0024_approach,A_occlusion_medium,A_occlusion,libero_goal,5,2,approach,True,A_occlusion_medium_libero_goal_t5_ep2,64,2.0796480136043964,0.5240670363315135,1.93,0.005479697565971849,2.068217720468124,0.3487433215544696,0.0,0.8234441495370476,0.36711080775552646,1.722980754665989,0.0,0.9075859636342519,0.1922515445706446,2.0988845190816154,0.0,0.9340587447209464,0.13708032296014938,2.1309061852133846,0.0,0.6077129720660532,0.8158872724062793,1.4226793495785728,0.0,0.7106292795046052,0.6019065450274433,1.5231945795308277,0.0,0.8091724123752438,0.3968743852541352,1.7364566911547659,0.0,0.873370382848981,0.2633055546554903,1.981661601017132,0.0
A_occlusion_medium_libero_goal_t05_ep003_s0024_approach,A_occlusion_medium,A_occlusion,libero_goal,5,3,approach,False,A_occlusion_medium_libero_goal_t5_ep3,64,1.803719937431837,1.5475122196920363,1.92,0.43163331526690696,1.0259544034849861,1.0283761584065259,0.0,0.7224632317326186,0.5005997509901595,1.3591559518502219,0.0,0.7850115075780743,0.3875254859985862,1.5835117657644775,0.0,0.6000886897965324,0.7214245029583708,1.946934766406154,0.0,0.5526899514596085,0.805900460844835,1.6748736153671742,0.0,0.7596561523830537,0.43379926542542696,1.5678194165184596,0.0,0.38386096101633677,1.1119820939385336,1.1934502055714935,0.0,0.6201744788120692,0.6849361607539298,1.9354739811580142,0.0
A_occlusion_medium_libero_goal_t05_ep004_s0024_approach,A_occlusion_medium,A_occlusion,libero_goal,5,4,approach,False,A_occlusion_medium_libero_goal_t5_ep4,64,1.1646033995231122,0.27850059813417,1.82,0.47944486461353525,0.6062980343373984,0.569152605869634,0.0,0.16308544562836702,0.9747245391991467,0.587197699709084,0.0,0.6611176447410415,0.3946881135168417,1.0376217552934472,0.0,0.7071909626456221,0.34102124687486146,1.2288050627317422,0.0,0.5531300162591347,0.5204125873387396,1.0016105445414925,0.0,0.5263617482388679,0.5515987714331354,0.7247667687964667,0.0,0.2324074765674443,0.8939432508489725,0.4261047177717228,0.0,0.7603084117722867,0.2792052366859596,1.1512619450190977,0.0
A_occlusion_medium_libero_goal_t05_ep005_s0024_approach,A_occlusion_medium,A_occlusion,libero_goal,5,5,approach,False,A_occlusion_medium_libero_goal_t5_ep5,64,2.1472747871577695,0.8910843584957173,1.89,0.008595832709673679,2.1283689424266625,0.40042822158324304,0.0,0.5505490524648029,0.9649273216849891,1.3230616628772272,0.0,0.5036444146769776,1.0655836260736786,1.1309539594122386,0.0,0.6098968991723449,0.8374218335043757,1.8515658986186718,0.0,-0.22613884044780205,2.632360389907668,0.6630081196725995,0.0,0.2354788794148409,1.6414764586450588,0.9903797927284598,0.0,0.25789641540925895,1.5934752556637726,0.9936898137673714,0.0,0.6402248905765369,0.7723589076458902,1.470276115190913,0.0
A_occlusion_medium_libero_goal_t05_ep006_s0128_approach,A_occlusion_medium,A_occlusion,libero_goal,5,6,approach,False,A_occlusion_medium_libero_goal_t5_ep6,64,0.508728529848108,1.392253243829772,2.19,0.17033090460569714,0.4200053329016429,0.4335750949970878,0.0,-0.5023153717948036,0.7622761830038297,0.2612257325462127,0.0,0.03824296750699174,0.48750626414744974,0.36488625758428445,0.0,-0.06921892329121404,0.542221108672737,0.32035451706688894,0.0,0.44599414353315897,0.2818060098254865,0.47469149398224014,0.0,0.2828009155749276,0.36449721894402604,0.31891297075637465,0.0,-0.45026047589240115,0.7364471234328335,0.38026109679751846,0.0,0.0159711870654472,0.4990332301799402,0.27147731230629185,0.0
A_occlusion_medium_libero_goal_t05_ep007_s0024_approach,A_occlusion_medium,A_occlusion,libero_goal,5,7,approach,True,A_occlusion_medium_libero_goal_t5_ep7,64,1.681687904730613,0.6847162029914298,1.91,-0.01986481342422956,1.7151630672534182,0.7467355797829963,0.0,0.6864901822747914,0.5268137563906996,1.9123459735864472,0.0,0.4347915563613143,0.9502704321831459,2.2173820999657234,0.0,0.30856364973934,1.1623999035058024,2.4452889349866287,0.0,0.19515058998629975,1.3535219758869677,2.1716042103219215,0.0,0.35470095151273756,1.0850303290995036,2.266298283087402,0.0,0.2651318005962598,1.235865795170019,0.7467560145639934,0.0,0.5922827239679863,0.6856597852386123,1.898886808713432,0.0
A_occlusion_medium_libero_goal_t05_ep008_s0136_approach,A_occlusion_medium,A_occlusion,libero_goal,5,8,approach,True,A_occlusion_medium_libero_goal_t5_ep8,64,0.4725920514638999,1.0101190212253475,2.39,0.06707038357151607,0.42812978052858847,0.16263833071050082,0.18664068040012602,-0.2804391869630794,0.5845831014863441,0.8804745552601005,0.8589653968007637,0.6380130149508747,0.16441976775186565,0.5663745517030679,0.5212356931509817,0.6885304198558683,0.14006756754400165,0.5521771544077664,0.5472394333941186,0.15462878743677422,0.39848228545153025,0.14086713393461817,0.09132434220505986,-0.18947696767599875,0.5399951213060864,0.939768759132512,0.8570008583458982,-0.08771901814669274,0.5018807133395224,0.629613817787245,0.6085884090375683,0.7185434300055743,0.13307294102206044,0.39017275029929,0.38317243992659195
A_occlusion_medium_libero_goal_t05_ep009_s0024_approach,A_occlusion_medium,A_occlusion,libero_goal,5,9,approach,True,A_occlusion_medium_libero_goal_t5_ep9,64,1.9016643823485884,1.7136299701579059,1.89,0.466831423544434,0.9528757321273585,1.1179745124003762,0.0,0.3338078209071014,1.2397973379096592,0.7827034272342962,0.0,0.7458555262836168,0.4613899850555423,2.11106121530808,0.0,0.7673468325382541,0.4201412424431912,1.7778602545613342,0.0,0.732384847868972,0.4702921107827635,2.247619559362176,0.0,0.29619993736145034,1.3003967099983016,0.7892722189534808,0.0,0.5398128034157241,0.8532295816813228,1.1497704980280943,0.0,0.8180370671098091,0.3337709029924632,1.9785312472528387,0.0
A_occlusion_medium_libero_goal_t08_ep000_s0024_approach,A_occlusion_medium,A_occlusion,libero_goal,8,0,approach,True,A_occlusion_medium_libero_goal_t8_ep0,64,1.0650442132840954,0.4516714583966264,1.9,0.09554756682151422,0.9633182066674832,0.1988106379740023,0.0,-0.031258918120521395,1.0983645977915255,0.7681163379701103,0.0,0.16058100065319417,0.8939477235604337,0.9159041216276099,0.0,0.259483145100015,0.7886363758888271,0.9359179038033151,0.0,-0.23155843338347223,1.3116216647762355,0.43868747935682406,0.0,-0.06482157776360357,1.1340572317902244,0.7901074232082061,0.0,0.21485396347473418,0.8362478342003211,0.5223431450567718,0.0,0.22894239702094102,0.821147155016302,0.864206906044744,0.0
A_occlusion_medium_libero_goal_t08_ep001_s0024_approach,A_occlusion_medium,A_occlusion,libero_goal,8,1,approach,True,A_occlusion_medium_libero_goal_t8_ep1,64,1.4975047465904885,0.30886611260800384,1.89,0.19065161435363576,1.212447753870591,1.1809703604404946,0.0,0.6661601037644772,0.499973542607927,1.0525216993600315,0.0,0.3255055712155024,1.0094234776364803,1.087001337277571,0.0,0.3886513949842292,0.9145753372125719,1.3093218492212788,0.0,-0.20062822974657837,1.7962594487885477,1.2154253664765113,0.0,0.3110613789023237,1.030706716761716,1.1287059483262927,0.0,0.49528281806170343,0.7556734954734363,1.3695146060181154,0.0,0.40162008170650926,0.895058171430643,1.358679967307295,0.0
A_occlusion_medium_libero_goal_t08_ep002_s0024_approach,A_occlusion_medium,A_occlusion,libero_goal,8,2,approach,True,A_occlusion_medium_libero_goal_t8_ep2,64,4.133428625452665,0.49804046846664135,1.89,0.5366739045679156,1.9153905424095703,2.2304485044568647,0.0,0.9117583746284135,0.3647086565061741,4.486663251475041,0.0,0.7583532800586391,0.9991563788152407,3.1540838704983307,0.0,0.8903170777227077,0.45351028241447705,3.7053715665245552,0.0,0.5876692961021454,1.7048449262982384,2.4581243719726746,0.0,0.8593895863928065,0.581373315224421,3.56793755067455,0.0,0.8149079111953711,0.7649702101066304,4.89638256696487,0.0,0.8799909357777483,0.4962381263129913,3.6452355905823723,0.0
A_occlusion_medium_libero_goal_t08_ep003_s0024_approach,A_occlusion_medium,A_occlusion,libero_goal,8,3,approach,True,A_occlusion_medium_libero_goal_t8_ep3,64,1.0482582673197849,0.5897578113260603,1.88,-0.2673057516419361,1.3232272375231433,1.7929861203384838,0.0,-0.29068678274860255,1.3491036671140773,2.0946386816223987,0.0,0.13204053361686363,0.9059118430005784,1.4188684234906936,0.0,0.5556369826207151,0.46429432015001787,1.3876228066883858,0.0,0.36101628055958407,0.6690454693879917,0.6359298700227906,0.0,0.18392460451232806,0.853418352824933,1.6683773152010846,0.0,-0.3638581858083112,1.4256671894268156,2.1300399265727954,0.0,0.9664565671461918,0.0351186686108315,1.01545788179659,0.0
A_occlusion_medium_libero_goal_t08_ep004_s0024_approach,A_occlusion_medium,A_occlusion,libero_goal,8,4,approach,True,A_occlusion_medium_libero_goal_t8_ep4,64,3.4104839342183886,0.658219692021755,1.89,0.047569828156376226,3.248114024392754,0.21841602384030587,0.0,0.7310207113983701,0.9174293607780449,4.285798116213569,0.0,0.8642326223683394,0.46323196636476066,3.2942389416583144,0.0,0.8365880531428017,0.5572190732874123,3.9068712790756357,0.0,0.23667279908516323,2.603356321767381,1.0823940841603026,0.0,0.7957986363575672,0.6963604100620705,3.8681810911221537,0.0,0.897429597873697,0.34960289335209455,3.646747697055765,0.0,0.8897463127434727,0.3758369681389504,3.7334005251418425,0.0
A_occlusion_medium_libero_goal_t08_ep005_s0024_approach,A_occlusion_medium,A_occlusion,libero_goal,8,5,approach,True,A_occlusion_medium_libero_goal_t8_ep5,64,2.7832387600821042,0.38565020816297046,1.89,0.08186763497886025,2.555196772272034,0.37029140963948537,0.0,0.6772847508771792,0.8977541926336595,3.674689068881914,0.0,0.8752523145889114,0.3470183333130004,3.0418586711210467,0.0,0.844126273952278,0.43366128529020403,3.2016623264364394,0.0,0.8166544444003115,0.5100471127580407,2.397192112477884,0.0,0.7007191557062123,0.8327035376417843,3.6129448015339665,0.0,0.6534716541159484,0.9641317965115439,3.7252531371615363,0.0,0.844086644103526,0.4337681448202133,3.182851996255309,0.0
A_occlusion_medium_libero_goal_t08_ep006_s0024_approach,A_occlusion_medium,A_occlusion,libero_goal,8,6,approach,False,A_occlusion_medium_libero_goal_t8_ep6,64,2.340529486638591,0.47734383715418627,1.9,0.5892125507491742,0.9599195010625742,3.0151185950005814,1.8558300156639606e-14,0.33644886927570955,1.551377509088008,3.8893060634665324,3.550869677182642e-14,0.9291319689701417,0.1653581105001409,2.4971093016276336,1.7701405705655816e-14,0.7025751893139214,0.6953735656837633,3.026840031334899,7.449810928538542e-14,0.8723762735432387,0.2985671393517638,2.3603610532429986,8.073721836331884e-14,0.5933143982246436,0.950748607129897,3.2831471933311125,1.058671032756167e-14,0.376631727738794,1.4574397147054163,3.793822119528123,6.276387159772282e-14,0.7578735374015461,0.5659087162851373,2.898948554997215,2.852933496254766e-14
A_occlusion_medium_libero_goal_t08_ep007_s0024_approach,A_occlusion_medium,A_occlusion,libero_goal,8,7,approach,True,A_occlusion_medium_libero_goal_t8_ep7,64,3.391410244365273,0.8703349767622403,1.88,0.07542336907304932,3.1355200097343476,0.4163603709233327,0.0,0.7741888094220511,0.7657339151748092,3.6950939486921115,0.0,0.9183041023167245,0.2770473408275303,3.416252476523873,0.0,0.9264163713644167,0.24953010821221655,3.352287595665878,0.0,0.6246260066717287,1.2728279575241943,2.2347382091375563,0.0,0.764158424767429,0.7997473178649912,3.1496704718223896,0.0,0.7062700705770303,0.9960864170841773,3.443886070204906,0.0,0.9350309468775313,0.22038419383819205,3.3777356273029575,0.0
A_occlusion_medium_libero_goal_t08_ep008_s0024_approach,A_occlusion_medium,A_occlusion,libero_goal,8,8,approach,False,A_occlusion_medium_libero_goal_t8_ep8,64,1.4987416874689845,0.8363597955904524,1.86,0.45977135167989597,0.8099704830436147,2.2639771873625483,0.0,0.6694527241208975,0.49477964769221017,1.6931321119260874,0.0,0.7959053205004608,0.3053610055854068,1.5862508696988638,0.0,0.4640871841989693,0.8024219757895256,2.178013855542443,0.0,0.8585226922375834,0.2107377057043582,1.6532893749782838,0.0,0.5781686097486278,0.6314448736619668,2.0442583090624638,0.0,0.6579337072725696,0.5120577636051096,1.6689266687778261,0.0,0.6727678566201546,0.4899699820687464,1.4992405222630663,0.0
A_occlusion_medium_libero_goal_t08_ep009_s0024_approach,A_occlusion_medium,A_occlusion,libero_goal,8,9,approach,False,A_occlusion_medium_libero_goal_t8_ep9,64,2.899146879846487,0.8416364696494365,1.87,0.47821632051193735,1.51271899245096,1.4103472418481378,0.0,0.5237227291257762,1.3807699390854424,3.8410658924337575,0.0,0.8339115589114519,0.4814921747909644,2.841189798377419,0.0,0.892967363228098,0.3103048566169005,3.1289663299562798,0.0,-0.2622017594723987,3.6592927047313064,1.314376446940028,0.0,0.6461641171735338,1.0258076732181856,2.992958675037107,0.0,0.6279136824960337,1.078714016895944,3.339297389313789,0.0,0.8704013217289294,0.3756900759401563,2.6067530780459154,0.0
A_occlusion_medium_libero_object_t00_ep000_s0024_approach,A_occlusion_medium,A_occlusion,libero_object,0,0,approach,False,A_occlusion_medium_libero_object_t0_ep0,64,1.832044888281498,0.5766714548855417,1.77,0.07683076420748354,1.6912759233369428,0.411792509989622,0.0,0.5859302687429784,0.7585731366038129,1.4205026133568843,0.0,0.7918836938949886,0.38128678546144035,1.477748416882944,0.0,0.7392231355753683,0.4777783619425848,1.3623684092854358,0.0,0.4979118793119028,0.919858904164451,1.5395696590756671,0.0,0.7132506336734776,0.5253427134262524,1.3748774290848729,0.0,0.7774125970756093,0.40775883758181647,1.512585199399427,0.0,0.7450401228505775,0.46711966660293164,1.3810060277115497,0.0
A_occlusion_medium_libero_object_t00_ep001_s0024_approach,A_occlusion_medium,A_occlusion,libero_object,0,1,approach,False,A_occlusion_medium_libero_object_t0_ep1,64,0.6309409879326745,0.4375643122495804,1.78,-0.31076999873173605,0.8269419642734972,0.5197471702517494,0.0,0.7362294088588507,0.1664048237714114,0.4895027917854556,0.0,0.3377681010232043,0.4177848006488443,0.3742572001352158,0.0,0.5753342820770577,0.2679286504819141,0.5344364123423223,0.0,0.19979975544980744,0.5048131221220508,0.2876821816428537,0.0,0.32235456436910825,0.42752535988105117,0.40751382596265007,0.0,0.6966237952974161,0.19141838686460144,0.4646878564037018,0.0,0.47757772726595693,0.3296344750110953,0.4710590245104278,0.0
A_occlusion_medium_libero_object_t00_ep002_s0024_approach,A_occlusion_medium,A_occlusion,libero_object,0,2,approach,True,A_occlusion_medium_libero_object_t0_ep2,64,1.4530309041777663,0.5482857324348532,1.71,0.27172316204124747,1.058215505586143,0.42525867851893745,0.0,0.7088879014567929,0.4229961910698818,1.058623626201782,0.0,0.7321611981325417,0.3892359367932839,1.072874757955802,0.0,0.7497560811128601,0.3635539723425327,1.2743290274393002,0.0,0.30313677398269867,1.012490410532309,0.7981294639883041,0.0,0.6451486146156283,0.5155862072650587,1.161529082607431,0.0,0.5900033347419158,0.5957104875861607,1.0053581856611138,0.0,0.7899142516699538,0.3052268470541504,1.3069440690740757,0.0
A_occlusion_medium_libero_object_t00_ep003_s0024_approach,A_occlusion_medium,A_occlusion,libero_object,0,3,approach,True,A_occlusion_medium_libero_object_t0_ep3,64,1.7782579762536646,0.411527651448321,1.78,0.2308496899773396,1.3676713482434248,0.8732818617058737,0.0,0.7732535039224703,0.403155846803696,1.51032562520568,0.0,0.5545772808128063,0.7920257261598834,1.8154458631681525,0.0,0.7207971451306149,0.4964733869614589,1.525865208653929,0.0,0.10906425364787016,1.5842212430467992,1.7937197582842925,0.0,0.6875718717952256,0.5555236469744406,1.3780081622118416,0.0,0.7475106225298228,0.4489383410661973,1.4751326923713404,0.0,0.7721519455671908,0.40515250691436916,1.5260769862052979,0.0
A_occlusion_medium_libero_object_t00_ep004_s0032_approach,A_occlusion_medium,A_occlusion,libero_object,0,4,approach,True,A_occlusion_medium_libero_object_t0_ep4,64,2.2955414583876497,0.5827611256051891,1.77,0.12431219575779733,2.0101966823861557,0.3118069190928478,0.0,0.7267672695034769,0.6271456117365463,1.8963066190790618,0.0,0.7200788723230334,0.64253619175332,1.8967115010311144,0.0,0.8804486554063828,0.2744185068132729,2.039689114274697,0.0,-0.08648333427906445,2.49378828537001,1.5536201399118734,0.0,0.5429506886955885,1.049041486896795,1.8788460297919103,0.0,0.8358240084376861,0.3768599787820634,1.967514197533484,0.0,0.8534772331400947,0.3363287529742481,1.9680281997668283,0.0
A_occlusion_medium_libero_object_t00_ep005_s0024_approach,A_occlusion_medium,A_occlusion,libero_object,0,5,approach,True,A_occlusion_medium_libero_object_t0_ep5,64,1.2294170688369184,0.5868662654665767,1.77,0.105654272898282,1.0994276496427167,0.7709996993167874,0.0,0.8335425570251574,0.20462584193686198,1.0929247118327705,0.0,0.5721711323547701,0.5259484439155705,0.8363545808870271,0.0,0.7692865203373228,0.2836656318803356,1.0789292347687438,0.0,0.216018387598346,0.9637075006854895,0.806457377485628,0.0,0.6806635273088174,0.39255333449723756,0.918422509886755,0.0,0.9042589123051701,0.11771200994635382,1.1672928846619441,0.0,0.8227620909048622,0.21791896383470402,1.1121839474421786,0.0
A_occlusion_medium_libero_object_t00_ep006_s0024_approach,A_occlusion_medium,A_occlusion,libero_object,0,6,approach,True,A_occlusion_medium_libero_object_t0_ep6,64,1.036123934009562,0.4678723198518206,1.75,0.13710735005388927,0.8941238204305084,0.4465637164901067,0.0,0.5659656661889928,0.44964445907440326,0.5918332974323514,0.0,0.6018576251910104,0.41249818392781923,0.8245891674605149,0.0,0.879833523695733,0.12457561233970647,1.016473837682003,0.0,0.34441344433483656,0.6792409956128337,0.6727293556523556,0.0,0.6516504821422998,0.3608080779614376,0.6993810533253851,0.0,0.27911959504700773,0.7468252572139255,0.43393108974513717,0.0,0.7253556878967923,0.28453379846636545,0.8423354451777542,0.0
A_occlusion_medium_libero_object_t00_ep007_s0024_approach,A_occlusion_medium,A_occlusion,libero_object,0,7,approach,True,A_occlusion_medium_libero_object_t0_ep7,64,3.2064997143805463,0.6256139934100718,1.8,0.20989304986958787,2.533532811065142,0.6791658747699616,0.0,0.8613277841496562,0.4446316165796516,2.929056040604538,0.0,0.8892673900561672,0.35496621940723844,2.868842235341482,0.0,0.8560386037434514,0.46159811445388127,3.15752834548926,0.0,0.1822799215254652,2.6219780264382604,0.6706395602459132,0.0,0.8149186212627924,0.5934620932970565,2.685692956756354,0.0,0.8854120786014433,0.3674123260242503,2.8485742610416565,0.0,0.8524954170240582,0.472976195744996,3.139484483300803,0.0
A_occlusion_medium_libero_object_t00_ep008_s0024_approach,A_occlusion_medium,A_occlusion,libero_object,0,8,approach,True,A_occlusion_medium_libero_object_t0_ep8,64,4.542037929539551,0.5553047883399157,1.78,0.30933269501693306,3.1370845509531464,1.4169368956792692,0.0,0.9317179984651939,0.31015786136787665,4.233711694885332,0.0,0.9551765341248425,0.20361472132790834,4.370772529133238,0.0,0.9627232256053501,0.16933001492887886,4.39173357589267,0.0,0.8510035564407845,0.6768299716919963,3.88190085617458,0.0,0.8621937445778644,0.6259652444950262,3.947858420106364,0.0,0.9131227845479163,0.3946104317141918,4.198279450279358,0.0,0.9718203297087031,0.12802218410647684,4.433250591523876,0.0
A_occlusion_medium_libero_object_t00_ep009_s0024_approach,A_occlusion_medium,A_occlusion,libero_object,0,9,approach,True,A_occlusion_medium_libero_object_t0_ep9,64,2.1550317685668814,0.5429171674132214,1.76,0.34009680395961056,1.4214210034548553,0.8496566591596221,0.0,0.7669884259336491,0.502011162046892,1.6674392772047677,0.0,0.8082403212649666,0.41322662008014577,1.7909130284169132,0.0,0.8655678770263099,0.28961648174687254,1.99897345843221,0.0,0.38226536893802515,1.3305442223872945,1.5758394047056392,0.0,0.7601866883019648,0.5165358070813314,1.720157598512099,0.0,0.7974071450545693,0.4364094361309296,1.7268979612375492,0.0,0.8186769226405511,0.39058242846354224,1.9273792026489864,0.0
A_occlusion_medium_libero_object_t06_ep000_s0024_approach,A_occlusion_medium,A_occlusion,libero_object,6,0,approach,True,A_occlusion_medium_libero_object_t6_ep0,64,1.9487339729231774,0.4292842914026416,1.74,0.24397416335750644,1.4733399289923774,0.6926183958013241,0.0,0.9202060222224094,0.1555223009508512,1.9529673152025797,0.0,0.9068113146179941,0.18159976456935123,1.903834666237545,0.0,0.9226303767734394,0.15070361814914165,2.03067814923748,0.0,0.26787957069350626,1.4265474025704317,0.5444263233383704,0.0,0.9102912168761174,0.17480560060736994,1.875945017336516,0.0,0.9353193472519005,0.1259366403820886,2.03008854249007,0.0,0.9133215565291147,0.16882339262173196,2.0389687330767976,0.0
A_occlusion_medium_libero_object_t06_ep001_s0024_approach,A_occlusion_medium,A_occlusion,libero_object,6,1,approach,True,A_occlusion_medium_libero_object_t6_ep1,64,1.4454273121447179,0.4571576064755904,1.68,0.3372635678974179,0.9580095080116012,0.6510717679201726,0.0,0.6941396202745479,0.44209762583306195,1.3552258589714512,0.0,0.7506997735528538,0.3603479847456752,1.2891642178269436,0.0,0.72536697444987,0.39694724063371384,1.4450887485210957,0.0,0.31891098445710764,0.9844795457457708,0.5833936588233753,0.0,0.7069210681390673,0.4236854608472355,1.2403988968448871,0.0,0.7897348648283563,0.3039378424837491,1.3023438583407596,0.0,0.7170862347208278,0.4089174527922119,1.3262799287614613,0.0
A_occlusion_medium_libero_object_t06_ep002_s0024_approach,A_occlusion_medium,A_occlusion,libero_object,6,2,approach,True,A_occlusion_medium_libero_object_t6_ep2,64,4.079642126204874,0.5515685781855763,1.65,0.6396596080632465,1.469989036070037,2.682098649400156,0.0,0.9702138240611528,0.12145688374769091,4.191064302858578,0.0,0.8842127026127375,0.4723627380495212,3.7184111191037172,0.0,0.9572101534142067,0.17453657118248297,4.210993310847816,0.0,0.5470756150416719,1.8477261287369735,2.4087122322159074,0.0,0.9075032705218119,0.37732798137532386,4.093389175251203,0.0,0.8984272562143039,0.41435228554975506,4.486589631371996,0.0,0.976194458528243,0.09709510782415781,4.022050706111253,0.0
A_occlusion_medium_libero_object_t06_ep003_s0024_approach,A_occlusion_medium,A_occlusion,libero_object,6,3,approach,True,A_occlusion_medium_libero_object_t6_ep3,64,3.0906250183631094,0.3751489612989702,1.7,0.4062398837462619,1.8352798007672246,1.3168364786295648,0.0,0.8787679938268176,0.37472589933089456,2.7875778801427185,0.0,0.9232676248601784,0.23724396659932065,2.8987158397435238,0.0,0.9551507324839035,0.13862724539921167,3.053201562740668,0.0,0.5196438525887652,1.4845268223117631,1.617948229924347,0.0,0.8812165114193035,0.36704945771664305,2.72451806576441,0.0,0.7012997202992545,0.923286945706601,2.1793154975843483,0.0,0.9815542652262573,0.05701518158800162,3.046918015146409,0.0
A_occlusion_medium_libero_object_t06_ep004_s0024_approach,A_occlusion_medium,A_occlusion,libero_object,6,4,approach,True,A_occlusion_medium_libero_object_t6_ep4,64,5.500116639695997,0.6488995555181981,1.66,0.12365446393657642,4.82005529261883,0.7413372226293541,0.0,0.9097326488710976,0.4963945811229431,5.008984982895849,0.0,0.8541266632307994,0.8021647947246753,4.722827955684249,0.0,0.9460220907503314,0.29672158708702084,5.263415053111559,0.0,0.7310746352544788,1.479318348937005,4.091254036744362,0.0,0.8332404305858407,0.9171250717792824,4.5939205583417895,0.0,0.9379251105590213,0.34133135610024,5.1771584576826335,0.0,0.9430751236267865,0.3129223951488486,5.204108703719108,0.0
A_occlusion_medium_libero_object_t06_ep005_s0024_approach,A_occlusion_medium,A_occlusion,libero_object,6,5,approach,True,A_occlusion_medium_libero_object_t6_ep5,64,6.096733100282344,0.6529449720107273,1.74,0.428995606636881,3.481248642610924,2.616362569498973,0.0,0.9478192534693681,0.31817048469564896,5.812511220590198,0.0,0.8944572202963066,0.6434983702122415,5.759380290727779,0.0,0.9853268497049449,0.0894390292939189,6.039705053356051,0.0,0.3385450437017388,4.032705877435568,2.187761658305414,0.0,0.7623528879018521,1.4488965376625143,5.239202873274004,0.0,0.7105725378727215,1.7645878085580737,4.444690827688402,0.0,0.981591428062099,0.11221390237475981,6.118117733812659,0.0
A_occlusion_medium_libero_object_t06_ep006_s0024_approach,A_occlusion_medium,A_occlusion,libero_object,6,6,approach,True,A_occlusion_medium_libero_object_t6_ep6,64,1.2872006197542343,0.49940745719114155,1.67,-0.09708633260409412,1.4117830923893238,0.1497582598640115,0.0,0.8011676166068381,0.2553811237690335,1.517659856387481,0.0,0.5704928631670043,0.552333334472726,0.7398371154521932,0.0,0.8306476151722767,0.21792328203529543,1.0961354818786486,0.0,-0.11708355261504481,1.4375254293349695,0.20848526376739981,0.0,0.9460645893541878,0.0690100695451949,1.339253425510494,0.0,0.7348115237207696,0.34092150372766516,0.9969728438330955,0.0,0.7703684862645165,0.2953965867634794,1.0029919053334293,0.0
A_occlusion_medium_libero_object_t06_ep007_s0024_approach,A_occlusion_medium,A_occlusion,libero_object,6,7,approach,True,A_occlusion_medium_libero_object_t6_ep7,64,2.640350100367707,0.48688175319579124,1.68,0.17238474885349409,2.185214654353715,0.49415723376492277,0.0,0.9208259766494241,0.20906288003558057,2.774113226882022,0.0,0.8003761728445978,0.5270849531983903,3.1550569154977257,0.0,0.8943272253305049,0.27903073266842915,2.8855478016410916,0.0,0.8414360935979973,0.4186417967913059,2.890603492779769,0.0,0.75132647854458,0.6566072773697917,3.13904516666153,0.0,0.45846369718211627,1.4297761660820554,1.2492056573761035,0.0,0.8828405783303245,0.3093280051521105,2.8405378578605913,0.0
A_occlusion_medium_libero_object_t06_ep008_s0024_approach,A_occlusion_medium,A_occlusion,libero_object,6,8,approach,True,A_occlusion_medium_libero_object_t6_ep8,64,2.246992464465965,0.5736461026761944,1.7,0.5631129669322344,0.9815587356973414,1.5846803233438747,0.0,0.7667524182306084,0.5240702408189121,2.014291820627374,0.0,0.8549035749820444,0.3258099143332696,2.2043390261018794,0.0,0.9367275430485601,0.1421928441905231,2.2908746914489804,0.0,0.45434052619585213,1.2260406521071991,1.02967974144111,0.0,0.8585893411829998,0.3175796474522059,2.1159469611736355,0.0,0.6264347199112252,0.8392656095618319,1.4546164019358976,0.0,0.9257008174631282,0.16688662839976875,2.2067665478278933,0.0
A_occlusion_medium_libero_object_t06_ep009_s0024_approach,A_occlusion_medium,A_occlusion,libero_object,6,9,approach,True,A_occlusion_medium_libero_object_t6_ep9,64,2.0709100948519494,0.6063025300042787,1.71,0.5864991765991507,0.8562150330342768,1.247123626816907,0.0,0.8943869969635779,0.21849379631396706,2.120565037220828,0.0,0.46311411241486516,1.1113849140409056,1.0059010003730737,0.0,0.9095645745264753,0.1871194671454516,2.033376656232595,0.0,-0.2270710955804521,2.5408229816524694,0.48580577313202483,0.0,0.8796936052835385,0.2490677209509697,1.8377786587440361,0.0,0.9507541932693807,0.10198795281975238,2.0545528270328766,0.0,0.9083793369219298,0.18954403307415982,1.9388684914099878,0.0
A_occlusion_medium_libero_spatial_t02_ep000_s0024_approach,A_occlusion_medium,A_occlusion,libero_spatial,2,0,approach,True,A_occlusion_medium_libero_spatial_t2_ep0,64,2.6193788103198767,0.6482387923186583,2.46,0.17616309139063577,2.157912380595754,0.61212276125711,0.0,0.8375213757729529,0.4255966370561706,2.7109255750216783,0.0,0.850582759019504,0.3913861795445292,2.558247663542098,0.0,0.9229596288427144,0.2017789443987312,2.698894476114795,0.0,0.13860090482474638,2.2563404755509073,0.5152513239558734,0.0,0.7010724937823817,0.7830261209341419,1.962772513504963,0.0,0.7994434753384491,0.5253548040520908,2.8191108430516665,0.0,0.9051651314934809,0.24839905951726052,2.6869740093189294,0.0
A_occlusion_medium_libero_spatial_t02_ep001_s0024_approach,A_occlusion_medium,A_occlusion,libero_spatial,2,1,approach,True,A_occlusion_medium_libero_spatial_t2_ep1,64,4.217571472464839,0.5055418117076299,2.5,0.6860895354549591,1.3240300154755469,2.9794101919286153,0.0,0.7979933613359208,0.8520441658594148,4.8381629331615175,0.0,0.7477394382521864,1.0639635205233733,3.2891766165700775,0.0,0.8621758795120359,0.5812026344065934,3.8964554117750674,0.0,0.07217928590039457,3.9131078221052182,0.4680468281953849,0.0,0.7744106368993399,0.9513422380545763,3.703859875403845,0.0,0.798830144837518,0.8484932759154237,4.777138608687952,0.0,0.840259593349359,0.6736629380473667,3.8632505214923967,0.0
A_occlusion_medium_libero_spatial_t02_ep002_s0024_approach,A_occlusion_medium,A_occlusion,libero_spatial,2,2,approach,False,A_occlusion_medium_libero_spatial_t2_ep2,64,3.633195520192181,0.48086582781522463,2.49,0.749130907611757,0.9114681448162582,2.7644240159371662,0.0,0.7604839357548027,0.8702039408555491,4.480739446176519,0.0,0.8841673506624604,0.4208318685472893,3.9537976354147966,0.0,0.8418698676299025,0.574512473597588,4.100083115625587,0.0,0.10092692523225692,3.2665140346373582,0.3676636494274355,0.0,0.8658414568268831,0.4874217826816832,3.889544122420473,0.0,0.7517403697669457,0.9019701863922247,4.511038201480752,0.0,0.8471193884459794,0.555439444212619,4.143415035735769,0.0
A_occlusion_medium_libero_spatial_t02_ep003_s0016_approach,A_occlusion_medium,A_occlusion,libero_spatial,2,3,approach,True,A_occlusion_medium_libero_spatial_t2_ep3,64,4.5666825718628745,0.43692286231952043,2.45,0.4764063163011172,2.3913516638692633,2.394263011435259,0.0,0.7167540541662003,1.293434169732959,5.580945852723468,0.0,0.7785683548523193,1.0111978436949738,4.102494918320375,0.0,0.7687227256426312,1.0561825370309375,4.692466193097103,0.0,0.30526726543774235,3.172650060173206,1.4446589684868687,0.0,0.6788381608683709,1.4666232412972473,4.275947744798391,0.0,0.8050240545119981,0.8903637795424184,5.267216805345107,0.0,0.7966072901674234,0.9288234862681651,4.624794653448073,0.0
A_occlusion_medium_libero_spatial_t02_ep004_s0024_approach,A_occlusion_medium,A_occlusion,libero_spatial,2,4,approach,True,A_occlusion_medium_libero_spatial_t2_ep4,64,0.9936205295367405,0.48909567773201634,2.47,0.6408377108829336,0.3568741835098687,0.7947902801045483,0.0,0.80034310382063,0.1983132726466832,0.9900793921931591,0.0,0.5900675290629424,0.40727052314789347,1.0400844558182005,0.0,0.5435824046373038,0.45342473797927724,1.2416652574769536,0.0,-0.2953931209523934,1.2870477245749836,0.36525609622889976,0.0,0.7154656455943215,0.28265283627721566,1.0179072315181144,0.0,0.7641121065342462,0.23437103280691338,0.9876106217693934,0.0,0.5600357868256317,0.4370642158219689,1.2050609360078601,0.0
A_occlusion_medium_libero_spatial_t02_ep005_s0024_approach,A_occlusion_medium,A_occlusion,libero_spatial,2,5,approach,True,A_occlusion_medium_libero_spatial_t2_ep5,64,7.687916396793532,0.8163364030056693,2.47,0.7325085742641484,2.0565107919202705,5.658055422326096,0.0,0.9689674977409894,0.23856825093383935,7.889941599202643,0.0,0.9623446095570315,0.2894550516927558,7.957627646571098,0.0,0.9537431887951443,0.35557155854289335,7.951357928724918,0.0,0.6536435849859521,2.6629649392154713,5.2465407147712435,0.0,0.8580819528918108,1.0912623456420398,6.63986801392923,0.0,0.940077840528831,0.4606414965673933,8.12353800687052,0.0,0.9551843873792478,0.34449640002164955,7.978118912922656,0.0
A_occlusion_medium_libero_spatial_t02_ep006_s0024_approach,A_occlusion_medium,A_occlusion,libero_spatial,2,6,approach,True,A_occlusion_medium_libero_spatial_t2_ep6,64,2.4006700568384454,0.48775670910637564,2.48,0.5444164249022901,1.0937314055517542,1.3383640598560733,0.0,0.6494831277560547,0.8414320967248021,3.2370670506088506,0.0,0.9838999016837428,0.03865354480358394,2.3704798663659457,0.0,0.8972222709530255,0.24670291857263596,2.618147836240426,0.0,0.015648830143794996,2.363114348677034,0.36045605249582446,0.0,0.8285347347028985,0.41167362295530924,2.0031714654308512,0.0,0.6600129946983001,0.8161508935764658,3.2117376357060983,0.0,0.8347659147308081,0.39664186641339194,2.780092562622137,0.0
A_occlusion_medium_libero_spatial_t02_ep007_s0024_approach,A_occlusion_medium,A_occlusion,libero_spatial,2,7,approach,True,A_occlusion_medium_libero_spatial_t2_ep7,64,1.254319015459245,0.32448805497828026,2.42,0.13360380574913908,1.0850670497614645,1.8586596368695212,0.0,0.07853385861061397,1.1547464243385934,2.042156852069676,0.0,0.6375675330551716,0.45409531313082746,1.2823610801705747,0.0,0.541789411458246,0.574277424076975,1.261807922572767,0.0,0.27606204301906045,0.9078350882658671,0.5052379459957645,0.0,0.3184872834473701,0.8536604801917006,1.8167327773728121,0.0,0.1882974932018241,1.0171022015782307,1.8252945174629591,0.0,0.5528116100439388,0.5604469006060853,1.260311442848251,0.0
A_occlusion_medium_libero_spatial_t02_ep008_s0024_approach,A_occlusion_medium,A_occlusion,libero_spatial,2,8,approach,True,A_occlusion_medium_libero_spatial_t2_ep8,64,3.525021292152657,0.49499592756511324,2.46,0.6978818554415329,1.0649664194971038,2.916549451993239,0.0,0.8343231130279506,0.5840207133074989,4.014245391720166,0.0,0.6995120756123994,1.059228266112476,2.6098791601624574,0.0,0.7809964868117042,0.7719990063753368,2.9642583771676425,0.0,0.5061819238340491,1.7407223448607028,2.0440391782236857,0.0,0.7403197981624938,0.9153898899182403,3.2024171263175027,0.0,0.9270565526799471,0.25713072009093846,3.7374121357559633,0.0,0.8049732965140662,0.6874723867132181,2.9844429557275127,0.0
A_occlusion_medium_libero_spatial_t02_ep009_s0024_approach,A_occlusion_medium,A_occlusion,libero_spatial,2,9,approach,False,A_occlusion_medium_libero_spatial_t2_ep9,64,3.049101032692839,0.39298721528043484,2.41,0.6127109234970542,1.1809301385832163,2.0488341282857783,0.0,0.7514196243493817,0.7578378913900911,3.7240976543881623,0.0,0.908845794127345,0.27799966731402004,2.9021677119221585,0.0,0.9338057159146861,0.2019091101943702,2.9512986816450577,0.0,0.4232240427488485,1.7586950404420918,1.350260462706646,0.0,0.8561228820018179,0.4386492245137012,3.3547361748797346,0.0,0.6459770512595807,1.079355958613794,4.033507871989072,0.0,0.9545154332635155,0.1387468160184198,3.032765705215013,0.0
A_occlusion_medium_libero_spatial_t07_ep000_s0016_approach,A_occlusion_medium,A_occlusion,libero_spatial,7,0,approach,True,A_occlusion_medium_libero_spatial_t7_ep0,64,4.255035870362811,0.7967025905739478,2.66,0.44457067813793943,2.363006079442997,2.308241279837014,0.0,0.7709884905846844,0.9738142260790786,4.0535035092015415,0.0,0.8626509013598027,0.5843864961169476,4.77371750794165,0.0,0.8239714779462716,0.7488149060138539,4.920283774549117,0.0,0.12825137341201087,3.709527445913746,1.2740166246221711,0.0,0.5248785052684518,2.0218375126410155,2.272736043680933,0.0,0.6559172759677317,1.4633646958940003,5.351205309551006,0.0,0.8512869031764888,0.6325958148998448,4.820070978228437,0.0
A_occlusion_medium_libero_spatial_t07_ep001_s0024_approach,A_occlusion_medium,A_occlusion,libero_spatial,7,1,approach,True,A_occlusion_medium_libero_spatial_t7_ep1,64,2.8674866661300045,0.6315190574239713,2.59,0.5055146744931819,1.417120736556739,4.1499838781595,0.0,0.28374680946650066,2.052969333880615,4.847089714809638,0.0,0.3488336237539082,1.8667948297865309,1.3291608873239857,0.0,0.7202823318984196,0.8020688288532538,2.1137329353908307,0.0,-0.24801342300813997,3.577997074908055,0.8685611961921028,0.0,0.6287749997194098,1.064078292353612,2.3399368289548996,0.0,0.2359062499303292,2.1902011805573625,4.9768837334538185,0.0,0.7941452136327097,0.590221236601118,3.2141915499125138,0.0
A_occlusion_medium_libero_spatial_t07_ep002_s0016_approach,A_occlusion_medium,A_occlusion,libero_spatial,7,2,approach,True,A_occlusion_medium_libero_spatial_t7_ep2,64,2.5288619500363576,0.6217247157910566,2.66,0.20278922208532357,2.0158808834143316,0.9135274106246842,0.0,0.7772442674206301,0.5629397880768724,3.012386875464765,0.0,0.7118462505685498,0.728516409573258,3.2205384398957584,0.0,0.797808129425679,0.5112364742766881,2.9835283832471355,0.0,0.38880062266884236,1.545462512426803,1.1746456681505115,0.0,0.7635613702683237,0.598076762841774,1.9525604067525937,0.0,0.7484323600762798,0.6357524663457741,3.0880220503921527,0.0,0.7706852515230976,0.5798273681691151,3.0502648851179477,0.0
A_occlusion_medium_libero_spatial_t07_ep003_s0016_approach,A_occlusion_medium,A_occlusion,libero_spatial,7,3,approach,True,A_occlusion_medium_libero_spatial_t7_ep3,64,6.969642727386378,0.7112726177066818,2.64,0.5122601757816705,3.3993099228876402,3.620569503786255,0.0,0.884473134994988,0.8052683649036058,7.391011717479863,0.0,0.9748257620802611,0.17549376212539558,7.047612453760695,0.0,0.9409285447842511,0.4116968526147038,7.367248034660535,0.0,0.43768597189982694,3.9191787732921086,3.1017891106186313,0.0,0.8294888866176651,1.188375970465769,8.10295051894485,0.0,0.8262781328293052,1.2108532788754582,8.10411483352855,0.0,0.9548525899516728,0.3146650796350107,7.258554740756711,0.0
A_occlusion_medium_libero_spatial_t07_ep004_s0016_approach,A_occlusion_medium,A_occlusion,libero_spatial,7,4,approach,True,A_occlusion_medium_libero_spatial_t7_ep4,64,6.768404617193835,0.6626839003039687,2.65,0.5748695706140348,2.8774661540614592,3.8975132563691433,0.0,0.9058653589724442,0.6369826408565252,7.377544800933987,0.0,0.9619765413075602,0.25743246353931176,7.024716746169354,0.0,0.9589962596024327,0.2776076847494849,7.027297791849976,0.0,0.27545373571764636,4.903915104705201,1.8886034307099706,0.0,0.6339467859705797,2.4777046641997758,4.351824292747142,0.0,0.9030770568642965,0.6558351442223157,7.409134628990787,0.0,0.9558946100479867,0.29865190984547807,6.976883385300515,0.0
A_occlusion_medium_libero_spatial_t07_ep005_s0016_approach,A_occlusion_medium,A_occlusion,libero_spatial,7,5,approach,True,A_occlusion_medium_libero_spatial_t7_ep5,64,5.648717512953437,0.6199537270484109,2.66,0.30866818753208247,3.9050385369831253,1.8748511229137155,0.0,0.877906277871146,0.6895631883960994,6.134675443979744,0.0,0.901361520911065,0.5572667751812231,6.042704381235615,0.0,0.9422302499675274,0.3263874454495528,5.788593878296254,0.0,0.8321210548723991,0.9483151673443911,5.761257140964102,0.0,0.8131697540373777,1.0552990946933647,5.916960870348672,0.0,0.9052802129173796,0.5349978993460753,6.135769718899525,0.0,0.9476623186899832,0.29570607029657753,5.7688313417455745,0.0
A_occlusion_medium_libero_spatial_t07_ep006_s0016_approach,A_occlusion_medium,A_occlusion,libero_spatial,7,6,approach,True,A_occlusion_medium_libero_spatial_t7_ep6,64,4.455656635693964,0.42777566452625493,2.62,0.7441885847245322,1.139836206161451,5.455331207362342,0.0,0.8216701606225203,0.7946330900448345,3.6803582695032127,0.0,0.9169486037238445,0.37004208282502393,4.8053200698690075,0.0,0.9200956847114554,0.35606931795807834,4.768932005727776,0.0,0.41930986389459113,2.587447238520474,2.0231505948471207,0.0,0.9107216369768526,0.3975801744628784,4.7914450675832105,0.0,0.8608109525978355,0.6200464571583909,5.0313778511054705,0.0,0.8540591504953455,0.6503091971085887,5.061660183815347,0.0
A_occlusion_medium_libero_spatial_t07_ep007_s0016_approach,A_occlusion_medium,A_occlusion,libero_spatial,7,7,approach,True,A_occlusion_medium_libero_spatial_t7_ep7,64,6.98836577524384,0.6499531974694267,2.54,0.2983189206768828,4.903816405168127,2.1038626804010296,0.0,0.8727522990008502,0.8894252276069364,6.289638641971831,0.0,0.8733037983298443,0.8853550642207031,7.720164994994522,0.0,0.9383079442959078,0.4310366009689437,7.151209466192003,0.0,-0.0697837602815865,7.475890719637808,0.5519118669212026,0.0,0.5676150437041024,3.0215588725997162,4.109605181250681,0.0,0.8571479619505714,0.998117907987591,7.91573082100158,0.0,0.936234496835763,0.44555229854293726,7.328114130591282,0.0
A_occlusion_medium_libero_spatial_t07_ep008_s0024_approach,A_occlusion_medium,A_occlusion,libero_spatial,7,8,approach,True,A_occlusion_medium_libero_spatial_t7_ep8,64,1.9441181995812082,0.4675025137889148,2.58,0.6630139523174967,0.6554101551783008,1.3155665216547583,0.0,0.46501614571173516,1.039084842602766,2.267268101417292,0.0,0.6896199041731087,0.6028819784738709,2.4883368723000356,0.0,0.7532262564361489,0.4792438500321245,2.418019460182474,0.0,0.39539428867451704,1.17537956801614,1.6900955093821413,0.0,0.9468353606132601,0.10384586479844926,1.9090894781232697,0.0,0.48057429768364984,1.0089132226276523,2.2424078830197263,0.0,0.7994078175085008,0.3894229431345881,2.321720423364749,0.0
A_occlusion_medium_libero_spatial_t07_ep009_s0024_approach,A_occlusion_medium,A_occlusion,libero_spatial,7,9,approach,True,A_occlusion_medium_libero_spatial_t7_ep9,64,2.705922319448699,0.44607887021373677,2.58,0.22604691247526199,2.094188508774366,0.7301932758553425,0.0,0.58224728901237,1.130312729780498,2.923589970590124,0.0,0.6893950430545898,0.8403815131620948,1.9262139953441821,0.0,0.7737724755853451,0.6121485738653035,2.2502648584806892,0.0,0.42586264301028437,1.553449683279639,1.547767812699048,0.0,0.7698285942778069,0.6227627236677377,2.1356293158355224,0.0,0.5818281154023136,1.1314532620289375,2.945953014628673,0.0,0.7463632805520231,0.6862985679096001,2.2898372524055053,0.0
B_camera_shift_strong_libero_goal_t05_ep000_s0136_approach,B_camera_shift_strong,B_camera_shift,libero_goal,5,0,approach,False,B_camera_shift_strong_libero_goal_t5_ep0,64,1.6733287509822106,1.2489355402325117,2.17,0.07013969301251215,1.5555063659517876,0.2220820881484664,0.1310860024208713,0.2518662862885635,1.2517461283405005,0.5134949951996414,0.42112429992006684,0.394470799016797,1.0129628894194462,1.4142661497569688,1.4433156029318936,0.45601716454957236,0.9101152617428291,1.2123044935622875,1.226855157269361,-0.009279146263727686,1.6893681210059919,0.3359097211046104,0.19190870432830384,0.12883414345145386,1.4571560181304966,0.40488393010564067,0.24308837184451418,0.5708565238054965,0.7169875733858154,0.9720094910107785,0.8830321445797349,0.773321346342814,0.37930479032198866,1.3643494576955337,1.2718236072833697
B_camera_shift_strong_libero_goal_t05_ep001_s0112_approach,B_camera_shift_strong,B_camera_shift,libero_goal,5,1,approach,False,B_camera_shift_strong_libero_goal_t5_ep1,64,0.5721772649854286,0.34524120525755936,1.98,0.6953306875566998,0.17416722531146345,0.49176672735484567,0.0,-0.2932456521948453,0.7394565129615085,0.187389413209507,0.0,0.46976340802404587,0.3031685804286381,0.27513478992781376,0.0,0.5109053253027965,0.27975682167337873,0.3268962612025444,0.0,0.6760321262689475,0.18471334920571789,0.7092094304181226,0.0,0.12108213960778857,0.5022080833212517,0.18702489310461487,0.0,-0.35712597847083755,0.7758975682814654,0.22672651887700687,0.0,0.09186867811456478,0.5187767284027588,0.25909215901694554,0.0
B_camera_shift_strong_libero_goal_t05_ep002_s0176_approach,B_camera_shift_strong,B_camera_shift,libero_goal,5,2,approach,False,B_camera_shift_strong_libero_goal_t5_ep2,64,1.4978630692087604,1.4711528628287074,2.28,0.4498662437612226,0.8239629238859028,0.6785904789860385,0.7883490377467289,0.5733174663898742,0.6380094617442328,0.9938026150480425,0.814389676694958,0.8156230752034371,0.2754465040063154,1.418604547352599,1.4878469905399727,0.8709690930968542,0.1929245602441859,1.4639379356585691,1.4590500969995102,0.21758977686811257,1.169051703500128,0.45046843837492007,0.39759846511906116,0.6116034986684182,0.5801360252157696,0.9843032700246432,0.9370542815387787,0.607710309674288,0.5847997372769748,2.0699322862308867,1.9318733250082945,0.7575535514747607,0.36226495011309495,1.7871469286431447,1.760946483055073
B_camera_shift_strong_libero_goal_t05_ep003_s0168_approach,B_camera_shift_strong,B_camera_shift,libero_goal,5,3,approach,False,B_camera_shift_strong_libero_goal_t5_ep3,64,2.0067444999330486,0.8773416986874975,2.41,0.6424871406893672,0.719030375917003,1.323068613253474,1.4788034057955972,0.9192989454537698,0.16124641355006064,2.1098023429270025,2.135581180691286,0.9303887253550847,0.13932111808436828,2.106066504443304,2.2929691077757903,0.8287284764112194,0.34447603685815253,1.667270160561228,1.854352242453996,0.8062764889877957,0.3912368952525626,1.6793558278166387,1.928101275994458,0.8964594818613193,0.20808809110905035,1.8550490901471817,2.0301408978946305,0.9513220656440814,0.09783873589196623,1.9859459509731014,2.0268373577394487,0.8605901475326975,0.2805050265915748,1.733006132684305,1.9024312842285036
B_camera_shift_strong_libero_goal_t05_ep004_s0136_approach,B_camera_shift_strong,B_camera_shift,libero_goal,5,4,approach,False,B_camera_shift_strong_libero_goal_t5_ep4,64,1.1592744580115795,0.8451827628269117,2.3,0.07139518329365128,1.076372609502424,0.1266090343349767,0.14301393377060756,0.19255366186843811,0.9353630643254055,0.5751710790017583,0.7251566703730733,0.6765310542568755,0.37420336703029955,1.0160188392420928,1.0412887473931993,0.7930231709554345,0.24021450688071286,0.951487039513288,0.9023237459808623,0.036261418547048785,1.1165708434666408,1.0169462739159207,1.1807995604422632,0.040675013009666285,1.1109544094463883,0.9001323505821212,1.1001854967000588,0.38841157707073587,0.7092432819769133,0.7951656969225166,0.6127565383567801,0.8673592262655543,0.15351923029755785,1.2708028221555614,1.2585637798854303
B_camera_shift_strong_libero_goal_t05_ep005_s0152_approach,B_camera_shift_strong,B_camera_shift,libero_goal,5,5,approach,False,B_camera_shift_strong_libero_goal_t5_ep5,64,0.5281177263298935,0.8029917312768973,2.24,0.6793017359205624,0.16910676404433878,0.38248088377025313,0.3990220215872378,0.47268967344699037,0.2780941115031283,0.26279978367096074,0.2935996744681298,0.1375201230121249,0.45625818244926036,0.6327917376922237,0.6733260910181587,0.34593028832961165,0.34588979031734074,0.45208054458223956,0.4989263244457151,0.039039584125704484,0.5064505112862691,0.5424996564625343,0.4621253571340373,0.1663134311871457,0.44004283384909243,0.2357208711465324,0.1836323697472846,0.5382827763637169,0.2437572213596065,0.3063089438642083,0.3451429581478021,-0.2788367546949883,0.675736847271135,0.9790999355121007,1.0173591077013515
B_camera_shift_strong_libero_goal_t05_ep006_s0160_approach,B_camera_shift_strong,B_camera_shift,libero_goal,5,6,approach,False,B_camera_shift_strong_libero_goal_t5_ep6,64,0.888620178844142,2.3459897749719576,2.15,-0.0769457018211815,0.9456827736669212,0.7988766242830004,0.373657224839865,0.26702460607167605,0.6422308030130132,0.7573207587405651,0.5545548828764185,0.24713472339531972,0.6580539821828307,1.02321934974138,1.5197662643415535,0.5938275686771088,0.3554821762460328,0.879713009950513,1.2759016361192954,-0.13688844247105636,1.006891068886829,0.527611007998953,0.1936622711256857,0.418144033582629,0.5154765225823117,0.3854366703479051,0.48685099481860455,0.7475559936408267,0.22346774015205995,0.8993531786915621,0.7039408007141437,0.7727115773782888,0.20210484535287201,0.8581375598537059,1.0370776739858047
B_camera_shift_strong_libero_goal_t05_ep007_s0176_approach,B_camera_shift_strong,B_camera_shift,libero_goal,5,7,approach,False,B_camera_shift_strong_libero_goal_t5_ep7,64,0.6385341282048368,2.469952497154536,2.19,-0.05444730810980477,0.6666814263724644,0.5922130949608445,0.5735814248498916,0.22527415398573913,0.49025567918506546,0.5065145957962613,0.582684591294961,0.5527604067994264,0.28563292696087744,0.4401898342742104,0.6602567563018624,0.1312266519914775,0.549817945197807,0.7560022307172679,0.9788510582696673,0.12933706211292192,0.5559338906460343,0.6655078372442502,0.49573600539437584,0.4685604816900822,0.33622979909062306,0.702211543761115,0.9408139179386721,0.13641416317932495,0.5490172514689101,0.44686612273872467,0.4467008381320196,0.3424269447177976,0.4158401187188372,0.7147535781771183,0.9515040395632296
B_camera_shift_strong_libero_goal_t05_ep008_s0096_approach,B_camera_shift_strong,B_camera_shift,libero_goal,5,8,approach,True,B_camera_shift_strong_libero_goal_t5_ep8,64,2.6158248040500296,0.6281301472457702,2.28,0.2295369117503631,2.0155727540153765,0.6007077723228759,0.5942131422865254,0.13440402083072123,2.2640861431712938,0.4840987476109598,0.503958697844086,0.532759681781153,1.2224650712338299,1.3997028933796816,1.3823291890144116,0.4578625690802111,1.4182232198791456,1.2008796549230958,1.1799269588698442,0.03377736022723329,2.5277092347793655,0.15270551079116712,0.16027108649634283,0.12808252032081827,2.2810409602493387,0.35487877506787485,0.3442570924140765,0.09955227911689397,2.355947956971993,0.3224707756258666,0.3730588619171238,0.42535364233925427,1.5034081492374363,1.124143104836683,1.1021356778779448
B_camera_shift_strong_libero_goal_t05_ep009_s0144_approach,B_camera_shift_strong,B_camera_shift,libero_goal,5,9,approach,False,B_camera_shift_strong_libero_goal_t5_ep9,64,2.2056603752201256,0.8250898574831385,2.27,0.7440125052543151,0.5649407024764551,1.65412319150896,1.5909634306914893,0.3999518207455994,1.3195525688791563,0.9005573184512174,0.8750901088626976,0.6711707502637644,0.7228025797835924,1.4860445867869034,1.4825406468485378,0.7212738593435241,0.6111826095274414,1.596498062673291,1.6142664557746924,0.2180942223059088,1.7276841355237942,0.5773610128175889,0.6223934881827023,0.45947597204817264,1.1926433169814108,1.0380356883738389,1.0827422167808258,0.5384505622504451,1.01295175490744,1.2397466368756094,1.1867707234028015,0.8407723487571555,0.3481097160055837,1.8633252523881978,1.8523746106733003
B_camera_shift_strong_libero_goal_t08_ep000_s0016_approach,B_camera_shift_strong,B_camera_shift,libero_goal,8,0,approach,True,B_camera_shift_strong_libero_goal_t8_ep0,64,2.7733667528554586,0.42157426263627157,1.88,0.1853702218377764,2.258969669124413,0.7401532101891649,0.0,0.6762858933413881,0.8972589020931093,1.9366477845181318,0.0,0.7562816340853651,0.6759457308074959,2.1353754960119935,0.0,0.7743392008028991,0.6258544150566893,2.177986179539747,0.0,0.811571534588897,0.5226677230418662,2.2773793966849367,0.0,0.892110616458238,0.2988717106222589,2.4959589549258467,0.0,0.24708964742971842,2.0878170603818718,0.7298176833273534,0.0,0.6936198121701728,0.8498892962534198,1.9458734613436288,0.0
B_camera_shift_strong_libero_goal_t08_ep001_s0016_approach,B_camera_shift_strong,B_camera_shift,libero_goal,8,1,approach,True,B_camera_shift_strong_libero_goal_t8_ep1,64,2.059010325407204,0.40056675505812117,1.86,0.1811309847619943,1.6859036693356517,0.7395760837538571,0.0,0.6261653105711572,0.7695202875770035,1.403970023284626,0.0,0.7129735237164424,0.5908135154474673,1.5243611091773255,0.0,0.8208052241380068,0.3684327721177025,1.872961445148456,0.0,0.6014335225404848,0.8206218615606963,1.2996988743828501,0.0,0.6901666408602319,0.637742241991697,1.475735910544748,0.0,0.47981983811017986,1.0710190633441037,1.0332014707509474,0.0,0.80206473091877,0.4072401734441853,1.7583919919935331,0.0
B_camera_shift_strong_libero_goal_t08_ep002_s0016_approach,B_camera_shift_strong,B_camera_shift,libero_goal,8,2,approach,True,B_camera_shift_strong_libero_goal_t8_ep2,64,1.4294162454755248,0.5866722592102777,1.89,0.11235154399766438,1.2689740113728838,0.3910579303371471,0.0,0.7507307868296712,0.35606329176694645,1.1621812340944258,0.0,0.5237424525789938,0.6809355066286734,0.9753397688367914,0.0,0.5014512939752088,0.712730782880172,0.9625745349220974,0.0,0.35979419999271806,0.9154635046407554,0.7265510072766035,0.0,0.5727252327261968,0.6107294974035219,1.0704178635512962,0.0,0.3656063381150177,0.90669328470874,0.6884578589627789,0.0,0.5679566202216274,0.6176811461618056,1.0295665651022083,0.0
B_camera_shift_strong_libero_goal_t08_ep003_s0016_approach,B_camera_shift_strong,B_camera_shift,libero_goal,8,3,approach,True,B_camera_shift_strong_libero_goal_t8_ep3,64,1.3619782016893565,0.5879503294590347,1.91,0.034054179093996585,1.3153828229389213,0.1323095875086212,0.0,0.5527086350863747,0.6093121198009049,0.7561114550100659,0.0,0.7389818812664916,0.3554143061665716,1.311733483112005,0.0,0.7250642165821021,0.37436806981796494,1.168688950884179,0.0,0.4124935618820338,0.8002466570083886,0.5831681233751714,0.0,0.7046728668486703,0.4024361067259406,1.0165255428587294,0.0,0.2891688269625669,0.9681916370852481,0.4408739435091644,0.0,0.6558656617334417,0.46853929519472254,1.0316404074924483,0.0
B_camera_shift_strong_libero_goal_t08_ep004_s0016_approach,B_camera_shift_strong,B_camera_shift,libero_goal,8,4,approach,False,B_camera_shift_strong_libero_goal_t8_ep4,64,1.8250280932307827,0.4884182841988771,1.86,-0.1325639372523549,2.0670675207247062,0.6528510449438326,0.0,0.8094571429413705,0.34737119215275597,1.7611156544363487,0.0,0.589678895989425,0.7489285424257043,1.1476296443171872,0.0,0.7019367526850093,0.5440512651118801,1.4357676594112245,0.0,0.7086410192166248,0.5320312102497234,1.4019312813838287,0.0,0.8102566116208857,0.34640574978113775,1.5947254007301401,0.0,0.5451462775084946,0.8300465175380073,1.0016232551478599,0.0,0.6788715287940844,0.5860669333991605,1.2784661514590991,0.0
B_camera_shift_strong_libero_goal_t08_ep005_s0016_approach,B_camera_shift_strong,B_camera_shift,libero_goal,8,5,approach,True,B_camera_shift_strong_libero_goal_t8_ep5,64,1.688555438803883,0.5050142433365615,1.9,0.18912664727881065,1.3692176422410354,0.5262339689478233,0.0,0.763946344402905,0.3984793410379468,1.4379166752766201,0.0,0.6661245541694427,0.5637213540893492,1.2669959856451414,0.0,0.7124388742972453,0.4854938884843744,1.2677714635178179,0.0,0.7435712528271066,0.43304533029047404,1.44047395176608,0.0,0.81053748173199,0.31977434379204955,1.4559440134411332,0.0,0.4840566482774962,0.8710919717060728,1.2095947826112194,0.0,0.6176096527228497,0.6456879753965482,1.102811255766683,0.0
B_camera_shift_strong_libero_goal_t08_ep006_s0016_approach,B_camera_shift_strong,B_camera_shift,libero_goal,8,6,approach,True,B_camera_shift_strong_libero_goal_t8_ep6,64,2.174477239652148,0.43245024853426056,1.88,0.17016364922515728,1.804319244472974,0.4682694234114311,4.251440344910146e-13,0.7542864198226665,0.5341573850023569,1.7909028619639002,2.9652841077484157e-13,0.6498170387482461,0.7614433099391998,1.460551306244777,2.5024560259871947e-13,0.676268433720694,0.7039937098000565,1.5060229469153088,3.3567762714268196e-13,0.5914341933535071,0.8883396278377212,1.4470876827466306,1.570899162979655e-13,0.7919010766126539,0.45249732679631355,1.798875246000759,3.9380098609951235e-13,0.5063455827908631,1.0733392181481882,1.1519240516955778,4.3385230247637633e-13,0.6655809155834463,0.7272061138285237,1.459030131556564,1.483088037591687e-13
B_camera_shift_strong_libero_goal_t08_ep007_s0016_approach,B_camera_shift_strong,B_camera_shift,libero_goal,8,7,approach,True,B_camera_shift_strong_libero_goal_t8_ep7,64,1.4432924975502477,0.7183691032686955,1.9,0.2618775301102647,1.0651562558396792,0.400299179464255,0.0,0.5943254644414206,0.5855372369628633,0.9006333238670393,0.0,0.32320597094144793,0.976673223445467,0.8405117847398591,0.0,0.7762472270477945,0.32277721700306555,1.16043473797537,0.0,0.3659472970367961,0.9149749975127378,0.5944082214199563,0.0,0.46452323953098557,0.7726101738310494,1.095697728878508,0.0,0.3223622308095034,0.9777900955186798,0.8310430760046771,0.0,0.3996809649998781,0.8663996619446023,0.84716980185102,0.0
B_camera_shift_strong_libero_goal_t08_ep008_s0016_approach,B_camera_shift_strong,B_camera_shift,libero_goal,8,8,approach,True,B_camera_shift_strong_libero_goal_t8_ep8,64,0.8409315661089866,0.8970310323768279,1.92,-0.5433839154903811,1.2976128642525362,0.6838342570267993,0.0,0.5698342441382097,0.3616941147443389,0.6584157665199871,0.0,0.028863833176084614,0.8166049355620753,0.4949054052050533,0.0,0.20027590750043556,0.6726357391626082,0.321991699598039,0.0,0.18032223817084694,0.6891105099648552,0.7391887560852483,0.0,0.02337539604652746,0.8211918104992665,0.4240734086731659,0.0,0.40891081084038544,0.49689782961076273,0.4384279492717264,0.0,0.1433576429884098,0.7204031384477695,0.28845380047380736,0.0
B_camera_shift_strong_libero_goal_t08_ep009_s0016_approach,B_camera_shift_strong,B_camera_shift,libero_goal,8,9,approach,True,B_camera_shift_strong_libero_goal_t8_ep9,64,3.10535493408261,0.50569649629988,1.91,0.17115873089730363,2.573801931551989,0.5553300045778388,0.0,0.7276172638669759,0.8456748348326476,2.3570106650772487,0.0,0.743494198547551,0.7965624317204133,2.348474675269704,0.0,0.7674242099253137,0.7223128503695863,2.422778952170741,0.0,0.6936215537349405,0.9516727068835465,2.1828280542524845,0.0,0.8056828429598034,0.6033804618062196,2.528282810404166,0.0,0.3955109151381248,1.8766993529825047,1.3344360276567084,0.0,0.7689173359790192,0.7177953233730578,2.3959605968054016,0.0
B_camera_shift_strong_libero_object_t00_ep000_s0024_approach,B_camera_shift_strong,B_camera_shift,libero_object,0,0,approach,False,B_camera_shift_strong_libero_object_t0_ep0,64,9.53972195133955,0.923695190167002,1.78,0.036824322112972485,9.18879413623737,0.4018397069487696,0.0,0.9503440933973778,0.4740065230868186,9.297504800888019,0.0,0.9731081153102353,0.25665888582802143,9.454766526243965,0.0,0.9718544386649756,0.26840523990103204,9.755104350020114,0.0,0.6044304069334914,3.7741882252605756,5.858463787800485,0.0,0.9204523595575916,0.7589730684454623,8.82459633408528,0.0,0.7758512198108446,2.1408520784833382,7.404358845000818,0.0,0.9491921522208556,0.48401370232003305,10.022975934687048,0.0
B_camera_shift_strong_libero_object_t00_ep001_s0024_approach,B_camera_shift_strong,B_camera_shift,libero_object,0,1,approach,True,B_camera_shift_strong_libero_object_t0_ep1,64,2.3510388679025636,0.3757548876584398,1.79,0.0029834464620400367,2.3440244638616154,0.039075376621880764,0.0,0.8928220737169793,0.25201626827632045,2.524807354529866,0.0,0.9052362214667206,0.22279683266098246,2.179758313840562,0.0,0.8732846224382714,0.29792293691637517,2.102491926846721,0.0,0.6386031724068663,0.8497048596283717,1.546862668408041,0.0,0.6790062329140533,0.754686003594982,1.7691413666171918,0.0,0.629753052363898,0.8704400912945228,1.497905477017307,0.0,0.8683076725585744,0.3096248427510549,2.0987723107785565,0.0
B_camera_shift_strong_libero_object_t00_ep002_s0024_approach,B_camera_shift_strong,B_camera_shift,libero_object,0,2,approach,True,B_camera_shift_strong_libero_object_t0_ep2,64,2.172623535434646,0.4970381489403879,1.73,0.6327103044602763,0.7980169276733134,1.4172253140033533,0.0,0.7842163444156913,0.4688357813482131,2.3384466785567546,0.0,0.8914209205714861,0.23586881404846707,1.989054230479993,0.0,0.8437444515504032,0.33948486722066695,1.8973811369357791,0.0,0.688798397650177,0.6761132505046602,1.6989088856076304,0.0,0.7741352652242105,0.49074886953542807,1.734797001943383,0.0,0.7180263021227095,0.612622156551522,1.8199987712957382,0.0,0.8666974637695599,0.28963209545459356,1.9408989774611485,0.0
B_camera_shift_strong_libero_object_t00_ep003_s0024_approach,B_camera_shift_strong,B_camera_shift,libero_object,0,3,approach,True,B_camera_shift_strong_libero_object_t0_ep3,64,8.821843103712668,0.4870950287244809,1.79,0.07664590639142865,8.145221073294703,0.7076599583214734,0.0,0.9758102696370718,0.21332114604576088,8.874814612741202,0.0,0.9762066930985885,0.20988036190647066,8.667933128672944,0.0,0.9671500052193812,0.28963973938606963,8.630857264187377,0.0,0.36446317243041815,5.60706058536717,3.389639906204056,0.0,0.9625095617377922,0.330706775154409,8.53306936040409,0.0,0.6700601737813434,2.9105374903819468,6.1590643381721835,0.0,0.9742810392388268,0.2267584691725205,8.685373225774915,0.0
B_camera_shift_strong_libero_object_t00_ep004_s0024_approach,B_camera_shift_strong,B_camera_shift,libero_object,0,4,approach,True,B_camera_shift_strong_libero_object_t0_ep4,64,3.9900654872604235,0.5279462557387481,1.79,0.26980459638462845,2.9135128576194274,1.2106916144824387,0.0,0.8995628939166639,0.40075907674886374,3.8203508441678906,0.0,0.9590427344474651,0.1634005702240003,4.074813060948994,0.0,0.9812031099850064,0.0749986370901601,3.9785462925360733,0.0,0.6029867083621255,1.584112630431196,2.4600941709811126,0.0,0.677155628575024,1.2881824747199067,2.7332416288045924,0.0,0.40062261837983854,2.391562512346685,1.6000851447917501,0.0,0.9566627650952823,0.17291619134571304,3.912800481968814,0.0
B_camera_shift_strong_libero_object_t00_ep005_s0016_approach,B_camera_shift_strong,B_camera_shift,libero_object,0,5,approach,False,B_camera_shift_strong_libero_object_t0_ep5,64,7.87894650371518,0.5436247807547839,1.76,0.052124767524451575,7.468149371795359,0.49853153853390686,0.0,0.9454979030086385,0.4294505060061608,8.30176623434125,0.0,0.8490137504582868,1.1896837919638663,6.745684143988039,0.0,0.9612170013006814,0.30547917209799896,8.079558146417002,0.0,0.48885087031642777,4.0272906630795715,3.886369846539831,0.0,0.8701530199429879,1.0229245198838424,6.974571778564653,0.0,0.7417685251356779,2.0345346401024162,5.8491950124043335,0.0,0.9721014416552398,0.2197379530714366,7.937482052029591,0.0
B_camera_shift_strong_libero_object_t00_ep006_s0024_approach,B_camera_shift_strong,B_camera_shift,libero_object,0,6,approach,False,B_camera_shift_strong_libero_object_t0_ep6,64,4.840490185732853,0.5327213436123344,1.78,0.06395477995110843,4.530914068147659,0.31716480496868277,0.0,0.9076723326045749,0.446911179862048,4.700155092704222,0.0,0.8644325993823249,0.6561854677432742,5.357308337742444,0.0,0.9365910043327391,0.30693867286786203,5.127493098633312,0.0,0.6289187922236356,1.796260575298497,3.1267828728383154,0.0,0.6935579059962959,1.4833235480526143,3.4732438694921703,0.0,0.39596953517937417,2.9238293109485105,2.019432402443249,0.0,0.8537515263313217,0.7078900881420581,5.521214361173308,0.0
B_camera_shift_strong_libero_object_t00_ep007_s0024_approach,B_camera_shift_strong,B_camera_shift,libero_object,0,7,approach,True,B_camera_shift_strong_libero_object_t0_ep7,64,4.507938682226546,0.5031940348612197,1.79,0.3496845193326988,2.93157077607519,1.5917164665125485,0.0,0.9200444576602479,0.3604375148551926,4.201378935906451,0.0,0.9172500285555326,0.37302756919111046,4.1531212650196565,0.0,0.8831385532551558,0.5267939454160521,4.087131643981461,0.0,0.5938930336049671,1.8306921897328532,2.6941525830203994,0.0,0.619268542131218,1.7163193523647877,2.796835370310747,0.0,0.8416341585826492,0.7139026638733977,3.965634090210044,0.0,0.8994996520499211,0.45303791375387975,4.206669627129609,0.0
B_camera_shift_strong_libero_object_t00_ep008_s0016_approach,B_camera_shift_strong,B_camera_shift,libero_object,0,8,approach,False,B_camera_shift_strong_libero_object_t0_ep8,64,6.715938577180718,0.4642581603170049,1.75,0.2846789264538158,4.804155593323404,1.9292059575627853,0.0,0.8826694827124442,0.7879339146195957,6.2001216195783,0.0,0.8355891822429108,1.1039425505386478,7.52090320958231,0.0,0.9329656253283178,0.4501438386894537,6.6396583489228505,0.0,0.7363403081920312,1.7707630980068565,5.119966751015265,0.0,0.7944026889514252,1.3806922256857408,5.348844557899862,0.0,0.8675856975506901,0.8893256353168445,6.164501102904416,0.0,0.849043258379738,1.0137534385027092,7.322250915389945,0.0
B_camera_shift_strong_libero_object_t00_ep009_s0024_approach,B_camera_shift_strong,B_camera_shift,libero_object,0,9,approach,True,B_camera_shift_strong_libero_object_t0_ep9,64,5.877118346465998,0.3473589763766438,1.76,0.2962097058068684,4.136256544703687,1.7856945740732728,0.0,0.9152282477896517,0.4982108267733252,6.170924105852382,0.0,0.9252648451422386,0.4392073165393163,5.497029487285183,0.0,0.9775921771486091,0.1316987157954498,5.951702251347499,0.0,0.36836368888383236,3.7121785888222956,2.2857191177117184,0.0,0.8528691431005755,0.8646786541956751,5.045730523900759,0.0,0.9111438713985596,0.5222165042939846,5.380272184650866,0.0,0.9683574856338696,0.18597733383772266,6.040180360250443,0.0
B_camera_shift_strong_libero_object_t06_ep000_s0016_approach,B_camera_shift_strong,B_camera_shift,libero_object,6,0,approach,False,B_camera_shift_strong_libero_object_t6_ep0,64,4.62382846733979,0.3494966075673262,1.68,0.17914213161485723,3.7961156286350737,0.9141178589360562,0.0,0.8576401364520363,0.657797649694065,3.9692777123464253,0.0,0.8939709952432583,0.49072546684731866,4.143892411423265,0.0,0.9188679613505467,0.3751791477179352,4.3341561888019,0.0,0.5039328408186522,2.295447811170288,2.5183642373423285,0.0,0.776676637032598,1.0331193627491864,3.596530077371291,0.0,0.7865288238294418,0.9865405004390541,3.739246117860153,0.0,0.9230678501598707,0.35574664672866635,4.357127973145869,0.0
B_camera_shift_strong_libero_object_t06_ep001_s0016_approach,B_camera_shift_strong,B_camera_shift,libero_object,6,1,approach,True,B_camera_shift_strong_libero_object_t6_ep1,64,10.93147511926067,0.5505241246523972,1.71,0.2610299586098407,8.077974891942251,2.9044485598364234,0.0,0.9395283933840385,0.660942378329526,10.376484232705817,0.0,0.9010514777900912,1.0817183126083276,9.964820816941522,0.0,0.9396815676340715,0.6593242143151596,10.32274452907447,0.0,0.8195480977927462,1.9726585410195625,9.005292598640983,0.0,0.88966219632044,1.2061192259308837,9.754776537953774,0.0,0.6836977623531277,3.4577977834349447,7.5009777339468,0.0,0.9236408868777639,0.8346946077344976,10.133232192434436,0.0
B_camera_shift_strong_libero_object_t06_ep002_s0016_approach,B_camera_shift_strong,B_camera_shift,libero_object,6,2,approach,False,B_camera_shift_strong_libero_object_t6_ep2,64,3.4686074812046095,0.3858637084335949,1.75,0.11066754691389669,3.084737672868521,0.4071006455485693,0.0,0.7330633647922452,0.9258880413374452,2.5521441337544384,0.0,0.9010090132838183,0.34337339658239047,3.4570178676251824,0.0,0.891903380069282,0.3749397715780027,3.2133048933867783,0.0,0.8512430761937305,0.515937908148012,2.9640497942589863,0.0,0.798311260155927,0.6995675381587613,2.7740663699517065,0.0,0.7297349476503531,0.9374624421917911,2.535716052211198,0.0,0.91021709608914,0.31142280644359666,3.296944785771114,0.0
B_camera_shift_strong_libero_object_t06_ep003_s0016_approach,B_camera_shift_strong,B_camera_shift,libero_object,6,3,approach,True,B_camera_shift_strong_libero_object_t6_ep3,64,11.292141867908235,0.5872653621741349,1.67,0.19545524025842329,9.085151952045933,2.213532706659297,0.0,0.9477755844166066,0.5897092244955262,11.007567253374978,0.0,0.9924211537267201,0.08558182465422685,11.235111435629134,0.0,0.9945414769279775,0.061645107629263084,11.242886281885069,0.0,0.7428867080658489,2.9033720740104925,8.481867447640825,0.0,0.9378175277610135,0.7020571793945966,11.780442579894784,0.0,0.9131287002936034,0.9809204176900407,10.492890409901989,0.0,0.9970776955815186,0.03304411473858655,11.293848600386477,0.0
B_camera_shift_strong_libero_object_t06_ep004_s0016_approach,B_camera_shift_strong,B_camera_shift,libero_object,6,4,approach,True,B_camera_shift_strong_libero_object_t6_ep4,64,5.902313375070334,0.4608108488315761,1.71,0.04714802621657636,5.623993039474577,0.3951517467182801,0.0,0.9589477852293063,0.24226936737153407,6.058024504265378,0.0,0.8161429585502379,1.085138447018392,4.83643990028114,0.0,0.9474770876701504,0.3099804204787577,5.947371909558034,0.0,0.7958000975111025,1.205243154041961,4.841599583825851,0.0,0.8468545123966479,0.9038931789131567,5.234429761134875,0.0,0.9500923310472675,0.2945525019845188,6.067030112938414,0.0,0.9476780511019088,0.3088051586205505,6.026032355305496,0.0
B_camera_shift_strong_libero_object_t06_ep005_s0016_approach,B_camera_shift_strong,B_camera_shift,libero_object,6,5,approach,True,B_camera_shift_strong_libero_object_t6_ep5,64,9.216503054759514,1.0274992917609012,1.7,0.036628284168605606,8.878131235572011,1.5187034731646845,0.0,0.9362383001326336,0.5875480190046978,8.693962379718544,0.0,0.86715448733433,1.223726650154757,8.721924207936015,0.0,0.8772049726734759,1.1312979474698688,8.60178748927796,0.0,0.4694178837635148,4.88899014011397,4.438721732140715,0.0,0.9398737936813116,0.5540527801704836,8.705830307263005,0.0,0.8177286605410532,1.6798997956239783,7.723200424094837,0.0,0.923553416384911,0.7044632515859798,8.845833547131546,0.0
B_camera_shift_strong_libero_object_t06_ep006_s0016_approach,B_camera_shift_strong,B_camera_shift,libero_object,6,6,approach,False,B_camera_shift_strong_libero_object_t6_ep6,64,5.04265224422769,0.16543039554796932,1.7,0.10573343859814899,4.509555588435566,0.6514636923222743,0.0,0.8538263628344458,0.736816389476893,4.3401052202111465,0.0,0.9484759503264119,0.2598490591056926,4.976432475075311,0.0,0.9837498959389533,0.08194150993989642,5.054897258316747,0.0,0.638973546783454,1.820774125994627,3.607981689463914,0.0,0.8053196975644722,0.9815438788085987,4.064911250936526,0.0,0.8655314784413868,0.6779136095954833,4.376404240230497,0.0,0.975248751453444,0.12483021734884255,5.010110382609304,0.0
B_camera_shift_strong_libero_object_t06_ep007_s0016_approach,B_camera_shift_strong,B_camera_shift,libero_object,6,7,approach,False,B_camera_shift_strong_libero_object_t6_ep7,64,4.284154543014209,0.3519877842609416,1.7,0.2984154607366473,3.0058001607658187,1.3848674292177445,0.0,0.8679755369968355,0.5656193903197608,3.777743492530759,0.0,0.9305567208534317,0.2974376030448897,4.060079170682662,0.0,0.9408505204017933,0.2533294576606886,4.277136434380432,0.0,0.4696559920389844,2.272222846119653,2.0460372935457865,0.0,0.8085753573651063,0.8200510315466779,3.505645979963647,0.0,0.7492622467832887,1.0741890617083605,3.211206148862896,0.0,0.9298191676074667,0.30061518592938946,4.381423918297867,0.0
B_camera_shift_strong_libero_object_t06_ep008_s0016_approach,B_camera_shift_strong,B_camera_shift,libero_object,6,8,approach,False,B_camera_shift_strong_libero_object_t6_ep8,64,5.897145029853689,0.4070680251259735,1.73,0.3131724242942873,4.050502296008637,1.8596467201978186,0.0,0.8392003027495606,0.9478511203471256,4.975020580261863,0.0,0.9676173531515494,0.1906742405947313,5.959456459171704,0.0,0.9315254192759083,0.4037284678387099,6.167408694995633,0.0,0.7360018005576219,1.55747359885006,4.412187664696774,0.0,0.6144337731057944,2.274020656142343,3.6398985876276266,0.0,0.8402346149440406,0.9421615368462058,5.016553831907878,0.0,0.9226649753675641,0.4559882124844537,6.1834966329417,0.0
B_camera_shift_strong_libero_object_t06_ep009_s0016_approach,B_camera_shift_strong,B_camera_shift,libero_object,6,9,approach,True,B_camera_shift_strong_libero_object_t6_ep9,64,10.10594435544032,0.5000117745935821,1.74,0.13461265722397694,8.745526980522461,1.473522756819534,0.0,0.9207290988096442,0.8010722390537991,10.83436698997775,0.0,0.97121348145259,0.29091025161240064,10.309613631923467,0.0,0.9585135828706707,0.4192701769689438,10.29285960280498,0.0,0.5000338382978048,5.05261445762716,5.372052252044861,0.0,0.9460072952817312,0.5456353654955045,10.27661769122808,0.0,0.9319938887322191,0.6872545919251488,10.082765729676971,0.0,0.9431987080743113,0.5740372089590671,10.393838882037317,0.0
B_camera_shift_strong_libero_spatial_t02_ep000_s0016_approach,B_camera_shift_strong,B_camera_shift,libero_spatial,2,0,approach,True,B_camera_shift_strong_libero_spatial_t2_ep0,64,2.5921593603885342,0.4944246114994832,2.46,0.1076104411612157,2.3132399271564332,0.3504564950696652,0.0,0.736483835663195,0.6830595693063747,2.3480353285991766,0.0,0.7880154728171407,0.549431713888194,2.1711716699437145,0.0,0.7193888596519621,0.7272705176493272,1.984584670714863,0.0,0.4129139517273385,1.5217487222855428,1.2509696063307052,0.0,0.5124217343747733,1.2637992795666113,1.4220240276101144,0.0,0.7264837909075578,0.7090273334257707,1.9959780199589698,0.0,0.7505930429957127,0.6463870289622734,1.9935251471146902,0.0
B_camera_shift_strong_libero_spatial_t02_ep001_s0016_approach,B_camera_shift_strong,B_camera_shift,libero_spatial,2,1,approach,True,B_camera_shift_strong_libero_spatial_t2_ep1,64,1.9356748704265463,0.5750417749848049,2.51,0.10208317641092728,1.738061278108465,0.22651353239277494,0.0,0.7252648756885941,0.5318370316333086,1.4099502250986167,0.0,0.7432085807992754,0.4970323460062354,1.610934624684197,0.0,0.7748220196307107,0.43584686529987565,1.5112497597807917,0.0,0.46366186543861376,1.0381142166533965,0.9247368831165979,0.0,0.4590752376586196,1.0469952625204557,0.9249077185283264,0.0,0.5013348215730544,0.9652766270553413,1.032333968878554,0.0,0.8040930758234625,0.3791513656499215,1.668062787723314,0.0
B_camera_shift_strong_libero_spatial_t02_ep002_s0016_approach,B_camera_shift_strong,B_camera_shift,libero_spatial,2,2,approach,True,B_camera_shift_strong_libero_spatial_t2_ep2,64,1.8345826690928366,0.5126003788168267,2.5,0.195343843599823,1.4762280100307985,0.43542696360232824,0.0,0.6249279994081833,0.6881043848822449,1.2446278222959217,0.0,0.7816717067577393,0.4005731055375197,1.5017397490063462,0.0,0.8922996488694656,0.19760925333471957,1.7781583953538338,0.0,0.6057409235834917,0.7232951658459713,1.383721113003732,0.0,0.8032794267020172,0.3608842085438983,1.512318014087383,0.0,0.5272416685772509,0.8673533262693559,1.3945147199259373,0.0,0.7352376173817334,0.4857649469535419,1.3748641537551354,0.0
B_camera_shift_strong_libero_spatial_t02_ep003_s0016_approach,B_camera_shift_strong,B_camera_shift,libero_spatial,2,3,approach,True,B_camera_shift_strong_libero_spatial_t2_ep3,64,0.5490887598368257,0.5031930101013777,2.49,0.17759993270535682,0.4519127841372897,0.3721954662769649,0.0,0.774913749325289,0.12331952089189081,0.5162814198523203,0.0,0.7361420655092582,0.1446268271139901,0.5291284606431573,0.0,0.5955642335736405,0.22195071964192184,0.4363511898849957,0.0,0.6431021998405634,0.1953792653416937,0.4531308496607853,0.0,0.6771192407505496,0.1771252288808076,0.3728914144363369,0.0,-0.02217245876929989,0.5603828569480296,0.8382184643259293,0.0,0.3679205670964174,0.3467302846452429,0.4710010731564782,0.0
B_camera_shift_strong_libero_spatial_t02_ep004_s0016_approach,B_camera_shift_strong,B_camera_shift,libero_spatial,2,4,approach,True,B_camera_shift_strong_libero_spatial_t2_ep4,64,1.053824470734267,0.4460769299863925,2.5,0.2557210894669411,0.784367121892947,0.3384006747112915,0.0,0.8099587885968743,0.2001535260463555,1.007847244993546,0.0,0.9399869626377267,0.06323000720499239,1.0384583537704328,0.0,0.7834539507331687,0.228026600092046,0.9611718233466684,0.0,0.5699218670359799,0.4528942744558117,1.0302245785442672,0.0,0.8519189440911061,0.15585388797316888,0.8995756621594149,0.0,0.3854484753055087,0.6477392490171875,0.619745786838361,0.0,0.8340407124855095,0.174886989791603,0.9762405806294261,0.0
B_camera_shift_strong_libero_spatial_t02_ep005_s0016_approach,B_camera_shift_strong,B_camera_shift,libero_spatial,2,5,approach,True,B_camera_shift_strong_libero_spatial_t2_ep5,64,0.7995865378726966,0.6248826595705973,2.44,-0.03849892247254708,0.8303818594135352,0.21444055716626012,0.0,-0.19982766712499847,0.9591354444352347,1.4353392175066013,0.0,0.7062966632709943,0.23465885705505554,0.8335673236114206,0.0,0.47143729505316334,0.4224951834758981,0.9336271489465076,0.0,0.29659834499325494,0.5622335391514173,1.0894968868161505,0.0,0.42971110036246163,0.45592356575676934,1.096284511642535,0.0,0.11530788927790063,0.7073248895111027,0.8339913854532277,0.0,0.41543502546298966,0.4672677148120797,0.9532687696174303,0.0
B_camera_shift_strong_libero_spatial_t02_ep006_s0016_approach,B_camera_shift_strong,B_camera_shift,libero_spatial,2,6,approach,True,B_camera_shift_strong_libero_spatial_t2_ep6,64,2.1800869819717366,0.4035569743635044,2.49,0.1975386835071216,1.7494065056443813,0.6246545483665904,0.0,0.6451849234855838,0.7734295046820076,1.6828155130256164,0.0,0.8322812773096165,0.36565357255109987,1.8610092951514272,0.0,0.8821777942810843,0.2568658004261413,1.967666690709125,0.0,0.7458156783973982,0.5541309115089467,1.6578236090131468,0.0,0.8344937959818908,0.3607865566101162,1.9641690009663415,0.0,0.33344299496119545,1.4532055806369388,0.9052806142931056,0.0,0.7691353892305072,0.5033290785995123,1.7297407829557592,0.0
B_camera_shift_strong_libero_spatial_t02_ep007_s0016_approach,B_camera_shift_strong,B_camera_shift,libero_spatial,2,7,approach,True,B_camera_shift_strong_libero_spatial_t2_ep7,64,2.225648278844705,0.5208897413286282,2.45,0.27995882018991386,1.602541801403868,0.6642797795977976,0.0,0.564251605829783,0.9698572207459772,1.74355674028597,0.0,0.8320051804222922,0.3739135386994032,2.0335293924000033,0.0,0.827163885310228,0.384716548233419,2.121719007447542,0.0,0.5286204860754272,1.049054256744654,1.17838587388651,0.0,0.6630174386053931,0.7500114773942368,1.7574581933074824,0.0,0.31143712454794187,1.532526982466426,1.0712726003879809,0.0,0.8269216651775729,0.3852411875008103,1.9573710922815775,0.0
B_camera_shift_strong_libero_spatial_t02_ep008_s0016_approach,B_camera_shift_strong,B_camera_shift,libero_spatial,2,8,approach,True,B_camera_shift_strong_libero_spatial_t2_ep8,64,2.8857679044284392,0.5768478749706437,2.45,0.00512089631859484,2.871033618552476,0.19505739593752605,0.0,0.9043533086053263,0.2759769945963724,2.6216331796793404,0.0,0.751582779342681,0.7169474965298575,2.2274879242106214,0.0,0.8117984390554596,0.5430142528281844,2.3451030789733402,0.0,0.20068179005045142,2.306571759892797,0.5817416185648105,0.0,0.6807291084779251,0.9213252003558385,2.012723268250015,0.0,0.6308137704612978,1.0653003757102544,1.9118114139259905,0.0,0.8259229105206191,0.5022817000513459,2.4455591182432226,0.0
B_camera_shift_strong_libero_spatial_t02_ep009_s0016_approach,B_camera_shift_strong,B_camera_shift,libero_spatial,2,9,approach,True,B_camera_shift_strong_libero_spatial_t2_ep9,64,1.1321682147056176,0.4994953450003356,2.45,0.014253419061793782,1.1161093570922573,0.06692086470977628,0.0,0.749425915062039,0.2835885531292019,0.9144040329303498,0.0,0.8382636749792488,0.18324394015060883,0.9533676478969505,0.0,0.8957165562235846,0.11804880519688947,1.0584401549441416,0.0,0.48630433378631954,0.5815230170072999,0.6968011605087914,0.0,0.6533738030506943,0.3924939158697153,0.8278012996521925,0.0,0.5580082627421324,0.5005558198644015,0.8445181571027867,0.0,0.8470557774826695,0.1731410551218169,1.0021614734443067,0.0
B_camera_shift_strong_libero_spatial_t07_ep000_s0016_approach,B_camera_shift_strong,B_camera_shift,libero_spatial,7,0,approach,True,B_camera_shift_strong_libero_spatial_t7_ep0,64,1.000030754932659,0.3657204900730096,2.65,-0.16881081182619262,1.1685653199385135,0.9270772360649978,0.0,0.17266707558335267,0.8270669406403975,0.8825195725995499,0.0,0.6157559062106752,0.38412405271654015,0.7710413543926529,0.0,0.5978682426944475,0.40201843797056447,0.653279730527793,0.0,0.002850806975704908,0.9970876248564743,0.36752511954042566,0.0,0.2553199231503111,0.7445339574228091,0.5797733436368014,0.0,0.03208147699436348,0.9677271780033457,0.5888660123864418,0.0,0.7106121963160206,0.28929305206634837,0.7832385707409258,0.0
B_camera_shift_strong_libero_spatial_t07_ep001_s0016_approach,B_camera_shift_strong,B_camera_shift,libero_spatial,7,1,approach,True,B_camera_shift_strong_libero_spatial_t7_ep1,64,1.5860309475118726,0.3628327035224219,2.62,0.27968924720878724,1.1423976084514238,0.5101055257696024,0.0,0.6654409753823228,0.5306153960727871,1.3645513922752281,0.0,0.8656809268169661,0.21303959889975946,1.461246547876932,0.0,0.793991506629664,0.3267381083810677,1.4365584280406445,0.0,0.5145555982312057,0.7699218080284265,1.026618123830069,0.0,0.26534497656606093,1.165187878201509,0.6208312146270346,0.0,0.30364225279379164,1.1044420399425465,0.5288641947244442,0.0,0.844339171453259,0.2468858968345163,1.4671327546799402,0.0
B_camera_shift_strong_libero_spatial_t07_ep002_s0016_approach,B_camera_shift_strong,B_camera_shift,libero_spatial,7,2,approach,True,B_camera_shift_strong_libero_spatial_t7_ep2,64,1.498992056824316,0.37591351232533426,2.65,0.6084334096752824,0.5871472753814156,1.0142232759040717,0.0,0.6872060793732867,0.4688939818921926,1.2793674317815833,0.0,0.9252684226057467,0.11199948577144354,1.4675014990711919,0.0,0.8863948745364342,0.17009520701297057,1.4222272774379965,0.0,0.40847461716224903,0.8866087476313494,0.6333766759796641,0.0,0.5819943506079859,0.6264501048441388,0.9166326096026512,0.0,0.2677305382944768,1.097676645149664,0.6481546475338963,0.0,0.8147093605135839,0.2774687361022468,1.3635188520993833,0.0
B_camera_shift_strong_libero_spatial_t07_ep003_s0016_approach,B_camera_shift_strong,B_camera_shift,libero_spatial,7,3,approach,True,B_camera_shift_strong_libero_spatial_t7_ep3,64,1.4799271496949693,0.44643227114102807,2.58,0.2746811540438263,1.0734201811519422,0.4311458450530263,0.0,0.4354071062163897,0.8356030632129996,0.6702891314057983,0.0,0.7223221049480704,0.4109170344325606,1.1041147351916134,0.0,0.8193332003820055,0.26735854336694925,1.2392879252700137,0.0,0.6215632579797009,0.5600472007053819,1.003627680722488,0.0,0.528461776233108,0.697849220312925,0.8147450832448867,0.0,0.3140451805726214,1.0152123685723498,0.47377370622760284,0.0,0.7966184410557746,0.30097887592255196,1.2042208193179407,0.0
B_camera_shift_strong_libero_spatial_t07_ep004_s0016_approach,B_camera_shift_strong,B_camera_shift,libero_spatial,7,4,approach,True,B_camera_shift_strong_libero_spatial_t7_ep4,64,0.6294983206464341,0.3552809169609619,2.59,0.21477361585817215,0.4942703560618947,0.22526490210160288,0.0,-0.292491624385858,0.8134312465627155,0.40634464170254936,0.0,0.2687712117530228,0.46014898928670717,0.24419389739060796,0.0,0.37829237544030425,0.3912204918415065,0.2570005960397627,0.0,-0.17874179376399443,0.7417600815928469,0.47518733631542026,0.0,-0.15292356086082073,0.7253225633260193,0.19831770075191893,0.0,-0.0831899353364498,0.6816197556584522,0.16108837381350558,0.0,0.35840207549444747,0.40373747837654544,0.25175154684074647,0.0
B_camera_shift_strong_libero_spatial_t07_ep005_s0016_approach,B_camera_shift_strong,B_camera_shift,libero_spatial,7,5,approach,True,B_camera_shift_strong_libero_spatial_t7_ep5,64,0.43909134104177455,0.30868256390145016,2.6,0.1497476042500451,0.37321752262028496,0.41393036338841466,0.0,0.21335031600264162,0.34551288801470864,0.5243530978448874,0.0,0.11465922782933013,0.38852177787472186,0.4870106828876855,0.0,0.2217862583824071,0.3415311199827717,0.46286789386540567,0.0,-0.14808042441980387,0.5036994446161686,0.3969797894267549,0.0,0.4615062598511106,0.2364443300837229,0.6543565501882451,0.0,-0.44613270802813676,0.634787485442896,0.5090996963189486,0.0,-0.14363063013660474,0.5019401140273335,0.6282543894554785,0.0
B_camera_shift_strong_libero_spatial_t07_ep006_s0016_approach,B_camera_shift_strong,B_camera_shift,libero_spatial,7,6,approach,True,B_camera_shift_strong_libero_spatial_t7_ep6,64,1.0372391668437027,0.34451712400131845,2.6,-0.1071926846648134,1.14834264794039,0.2734772072990764,0.0,0.37774732921932336,0.6452347089168953,0.7843126152840422,0.0,0.5361273697115297,0.481073581241003,0.8019418274123163,0.0,0.5656106256683396,0.45058468549343217,0.6793629951489891,0.0,0.65562973642391,0.35736761067183015,0.874140751024453,0.0,0.5052307650269886,0.5130736359744738,0.8597469581959906,0.0,0.2290784739912097,0.7995469987115741,0.4171976384983904,0.0,0.5025067855740274,0.5159774661330097,0.6521582996211278,0.0
B_camera_shift_strong_libero_spatial_t07_ep007_s0016_approach,B_camera_shift_strong,B_camera_shift,libero_spatial,7,7,approach,True,B_camera_shift_strong_libero_spatial_t7_ep7,64,1.142638722835362,0.36497683483735877,2.62,0.4461595453523166,0.6328389979577028,0.7105767944413893,0.0,0.26590197875225463,0.8388837140425379,0.34140038905335324,0.0,0.7713426086659219,0.26118358038663564,1.275183630712606,0.0,0.7337043236210157,0.30420143162786745,1.357206254010789,0.0,-0.05339141573231898,1.2035393038707078,0.578506577598831,0.0,0.643237684454689,0.4075647426095724,0.7673936821197437,0.0,-0.03888539763390312,1.1871002455773942,0.2707781247581615,0.0,0.6731416454349729,0.3733645292975505,1.306889478278718,0.0
B_camera_shift_strong_libero_spatial_t07_ep008_s0016_approach,B_camera_shift_strong,B_camera_shift,libero_spatial,7,8,approach,True,B_camera_shift_strong_libero_spatial_t7_ep8,64,1.8507873256190495,0.41348024781264275,2.66,0.2831339257435742,1.3267573046099688,0.5435765714285568,0.0,0.6973617451217061,0.5601496041337716,1.348595471140003,0.0,0.9063269884449533,0.17338265047720883,1.6962740935455713,0.0,0.909602108938624,0.16731178251414833,1.6896050551372295,0.0,0.41784473750380496,1.0774181368732987,0.9387955169504657,0.0,0.6325728715733764,0.6799893822849045,1.3225984845707883,0.0,0.16547265758127414,1.5445413995589732,0.46433758652350327,0.0,0.8705799491741137,0.2395194187685358,1.613427883142862,0.0
B_camera_shift_strong_libero_spatial_t07_ep009_s0016_approach,B_camera_shift_strong,B_camera_shift,libero_spatial,7,9,approach,True,B_camera_shift_strong_libero_spatial_t7_ep9,64,2.054305560249618,0.4007471403210017,2.64,0.21652681293957235,1.6094504070983893,0.5892736180272665,0.0,0.5442433608462878,0.9362395722551416,1.361449952946579,0.0,0.7269950439706397,0.5609083893178851,1.5740467209931277,0.0,0.6980735223516055,0.6202945388655848,1.6559981574373657,0.0,0.6357855704895764,0.7482481634212648,1.5647326653000297,0.0,0.7506289371160803,0.5122839478650354,1.7073876498827663,0.0,0.2003347103531541,1.6426939874468098,0.5935493666203734,0.0,0.7247323470892756,0.5655369843192831,1.6789582614143483,0.0
