state_id,suite,phase,episode,spearman_U_S,pearson_U_S,spearman_Umse_S,top_quartile_overlap_U_S,frac_highU_highS,frac_highU_lowS,frac_lowU_highS,spearman_U_tokennorm,spearman_S_tokennorm,U_snr_over_render_floor,E_action_total,errdev_sum,superposition_ratio,flow_noise_scale,ctrl_zeros,U_global,U_trivial_h_t,eef_displacement,spearman_U_only_mse,auroc_U_only_mse,auprc_U_only_mse,spearman_U_only_l2,auroc_U_only_l2,auprc_U_only_l2,spearman_U_only_cos,auroc_U_only_cos,auprc_U_only_cos,spearman_S_only,auroc_S_only,auprc_S_only,spearman_R_mul_U_l2_S,auroc_R_mul_U_l2_S,auprc_R_mul_U_l2_S,spearman_R_mul_U_mse_S,auroc_R_mul_U_mse_S,auprc_R_mul_U_mse_S,spearman_attention_only,auroc_attention_only,auprc_attention_only,spearman_attention_x_U_l2,auroc_attention_x_U_l2,auprc_attention_x_U_l2,spearman_attention_x_S,auroc_attention_x_S,auprc_attention_x_S
libero_goal_t08_ep000_s0016_approach,libero_goal,approach,libero_goal_0,0.15025678072785534,0.0905614050584352,0.15025678072785534,1.25,0.078125,0.05859375,0.0546875,-0.46223249027237356,-0.4752546349279011,9.730426489540617,0.01835057218864343,0.06728883599169384,3.666852199482734,0.00457343204976385,0.06072021195119135,0.09581349047879975,0.1734527324529521,0.07777240585465724,0.29772402151522087,0.6464029947916666,0.3644623563635129,0.29772402151522087,0.6464029947916666,0.3644623563635129,0.30146558136873425,0.6481119791666666,0.3697635364185575,0.8665183680476082,0.9267578125,0.8609004576613226,0.8817778667887388,0.937255859375,0.8731385565859339,0.8763361181048295,0.934326171875,0.8452271492696433,0.1310718986037995,0.6048177083333334,0.3518535413343188,0.2665412565804532,0.6790364583333334,0.39180870912640875,0.8103885328450446,0.8951009114583334,0.8055819497319372
libero_goal_t08_ep000_s0032_pre_grasp,libero_goal,pre_grasp,libero_goal_0,0.06880436026550699,0.07451149565010841,0.06880436026550699,1.3125,0.08203125,0.046875,0.0625,-0.5329280155642023,-0.3297915712977798,27.285205346603867,0.005612035891754933,0.04526733166958802,8.066115852197894,0.004497670297317969,0.0067657826429357555,0.09123426356519959,0.12467923951564794,0.07906674189409853,0.2715567063401236,0.6371256510416666,0.38263125829185907,0.2715567063401236,0.6371256510416666,0.38263125829185907,0.27237711718928814,0.6377766927083334,0.38392931425216015,0.8543888761730373,0.918701171875,0.8395120170993943,0.8857547493705653,0.9309895833333334,0.8508942105947853,0.8689016365300984,0.9154459635416666,0.7968919482354906,0.058754148546578164,0.6123046875,0.33626455821824197,0.21003233005264363,0.6883138020833334,0.4268489555399949,0.770992360952163,0.8924153645833334,0.7931802992997645
libero_goal_t08_ep000_s0056_manipulation,libero_goal,manipulation,libero_goal_0,-0.16669789997711146,-0.0318990259748083,-0.16669789997711146,1.0625,0.06640625,0.08203125,0.08203125,-0.5137209601739529,-0.2673824101625086,39.63464387457201,0.006618093595810767,0.04221106315338837,6.378130279104521,0.004665331157113836,0.0064975049487198105,0.10273472917614435,0.08884584502208606,0.09221926727495605,0.0775256065461204,0.55615234375,0.31859670721319916,0.0775256065461204,0.55615234375,0.31859670721319916,0.08047035934996567,0.5574544270833334,0.3247466853660352,0.7857440203707943,0.8728841145833334,0.6929150896340781,0.8156993877317464,0.8851725260416666,0.7055557087802697,0.8068672751201648,0.8793131510416666,0.6880571533397352,0.2071562428473335,0.61083984375,0.3180191228978621,0.23843914511329825,0.6473795572916666,0.33243857641250374,0.7403710803387503,0.85107421875,0.6393943441912551
libero_goal_t08_ep001_s0016_approach,libero_goal,approach,libero_goal_1,-0.04421492332341497,-0.03831410494101098,-0.04421492332341497,0.9375,0.05859375,0.0703125,0.0703125,-0.3679038395513848,-0.46931506065461204,10.926221849050977,0.004890246823997192,0.04272229048855884,8.736223758464298,0.0041453251042532155,0.04723069810694924,0.09371430992496471,0.18555574129240798,0.07581440510126979,0.10238970588235294,0.563720703125,0.2910713480407302,0.10238970588235294,0.563720703125,0.2910713480407302,0.10728356031128404,0.566162109375,0.29372098568028704,0.8803616388189517,0.93359375,0.8615684989720303,0.8937986381322958,0.9423828125,0.8688268466113704,0.8806069752803846,0.9384765625,0.8399833183195802,0.2816269455252918,0.7093912760416666,0.43158368034118555,0.3255865186541543,0.7350260416666666,0.4445691091031799,0.843316548409247,0.93017578125,0.8565661248601957
libero_goal_t08_ep001_s0032_pre_grasp,libero_goal,pre_grasp,libero_goal_1,-0.033726253147173264,0.0024206451776696103,-0.033726253147173264,1.0625,0.06640625,0.05859375,0.06640625,-0.49576347562371254,-0.30099636644541083,28.721786477117224,0.00620524170071796,0.04801719965744956,7.738167499888661,0.0052489267192487735,0.13243713070464214,0.08344011030521459,0.09589813613516478,0.07303596525928173,0.1716604200045777,0.6277669270833334,0.386492881179955,0.1716604200045777,0.6277669270833334,0.386492881179955,0.17289997711146715,0.628662109375,0.389724998454229,0.8310904955367361,0.90234375,0.7633875947445431,0.8599486438544289,0.9217936197916666,0.8047276197599602,0.8499170290684367,0.9188639322916666,0.7873511201520481,0.060063086518654156,0.57421875,0.32557470818598294,0.13593428130006865,0.626708984375,0.36742340994211775,0.7479493305104142,0.8636881510416666,0.6932738547661992
libero_goal_t08_ep001_s0056_manipulation,libero_goal,manipulation,libero_goal_1,-0.07086790455481803,-0.0794140752018464,-0.07086790455481803,1.125,0.0703125,0.07421875,0.07421875,-0.545771343556878,-0.3283002403295949,13.069229046125372,0.008429605168317882,0.0583899507908389,6.926771731882971,0.004674292898518877,0.004905832176337881,0.09372874150351909,0.08898652175499298,0.08725663651925591,0.15291614213778898,0.630615234375,0.3844223299038133,0.15291614213778898,0.630615234375,0.3844223299038133,0.1548366330968185,0.63134765625,0.38761832154774406,0.8112203879606317,0.8721516927083334,0.7281572934006353,0.8402609292744335,0.89404296875,0.7871276731585438,0.8285892080567636,0.8951009114583334,0.7877086933231978,0.16677085717555504,0.6205240885416666,0.31927141648088275,0.2575539311055161,0.70068359375,0.3680728815402652,0.7691512645914397,0.8560384114583334,0.6909393160233538
libero_goal_t08_ep002_s0016_approach,libero_goal,approach,libero_goal_2,0.1914024948500801,0.18142166997625206,0.1914024948500801,1.5625,0.09765625,0.046875,0.05078125,-0.5630178530556191,-0.5060897802700847,10.731214881343044,0.018157912875418968,0.07430919810270992,4.09238653211653,0.004729803374572544,0.04937298898053426,0.10036110081274334,0.17910071107393138,0.07916799021288169,0.3794482433051041,0.7369791666666666,0.5197056875926429,0.3794482433051041,0.7369791666666666,0.5197056875926429,0.3822427901121538,0.738037109375,0.5230530353585864,0.8792651350423438,0.93115234375,0.8722734950417373,0.9097455081254292,0.956787109375,0.9004712817697078,0.9075796807049669,0.9600423177083334,0.8766642719476709,0.17003891050583658,0.5856119791666666,0.2992678948074169,0.39000200274662394,0.7284342447916666,0.40896269873910174,0.8182629034103914,0.888916015625,0.7768805788855784
libero_goal_t08_ep002_s0032_pre_grasp,libero_goal,pre_grasp,libero_goal_2,0.07179846646829938,0.062206989456597944,0.07179846646829938,1.125,0.0703125,0.0625,0.0546875,-0.4826898317692836,-0.37487339780270085,17.191160497815392,0.004278464222976365,0.04809086448618244,11.240216577696998,0.005264589572352586,0.007017918667076569,0.09181888159629101,0.1259395502209033,0.07320047536729986,0.24642152094300757,0.6466471354166666,0.3513382733531554,0.24642152094300757,0.6466471354166666,0.3513382733531554,0.24918388075074388,0.6485188802083334,0.3617666185480956,0.8525298981460289,0.913818359375,0.7781950170294901,0.8754477569237812,0.9253743489583334,0.8317119267495919,0.864563544289311,0.917724609375,0.8084899827944696,0.1116481174181735,0.5955403645833334,0.3108724773062989,0.206586890592813,0.6671549479166666,0.3718870015354254,0.7930046921492332,0.8849283854166666,0.7296335877649435
libero_goal_t08_ep002_s0056_manipulation,libero_goal,manipulation,libero_goal_2,-0.12337705996795606,-0.06642616430772984,-0.12337705996795606,0.875,0.0546875,0.05078125,0.11328125,-0.5725895513847562,-0.2827742332341497,31.647291691714685,0.007159212581330871,0.04522455115698689,6.316972801578664,0.004440659028772236,0.007250116156133023,0.11319746952818599,0.07251918696873687,0.09006839058887046,0.18577549210345617,0.6360677083333334,0.4001613340487045,0.18577549210345617,0.6360677083333334,0.4001613340487045,0.1875271801327535,0.636962890625,0.40299186137212795,0.7718249313344014,0.87255859375,0.6906845284104011,0.8267588406958114,0.9105631510416666,0.7772558583377539,0.8199645227740902,0.9073893229166666,0.7696829480965635,0.28941119249256125,0.6944986979166666,0.37521919253013636,0.3982354371709773,0.7666015625,0.44062769013711145,0.7374220359349966,0.8690592447916666,0.6718408257741926
libero_goal_t08_ep003_s0016_approach,libero_goal,approach,libero_goal_3,0.09163710231174181,0.06894662176845918,0.09163710231174181,1.0625,0.06640625,0.07421875,0.05078125,-0.46701261730373084,-0.39151050011444266,9.239392712174874,0.01037164812430302,0.05707275447635911,5.5027661748980154,0.004404553196664852,0.04462231267615333,0.09361344223594661,0.1832014299867741,0.08053181473167076,0.2719808594644083,0.6650390625,0.3767452881280706,0.2719808594644083,0.6650390625,0.3767452881280706,0.2744935912108034,0.66650390625,0.37823135855123224,0.8563122281986725,0.9342447916666666,0.8498429351839493,0.8791993305104143,0.9498697916666666,0.8740848731266794,0.8768160620279241,0.9527994791666666,0.8605629912614506,0.2390621423666743,0.6875,0.4119379362281952,0.3409912165255207,0.7518717447916666,0.4889370485594447,0.8372296292057679,0.9345703125,0.8379362505333295
libero_goal_t08_ep003_s0032_pre_grasp,libero_goal,pre_grasp,libero_goal_3,-0.02826161593041886,0.0002696435250781984,-0.02826161593041886,1.0,0.0625,0.08203125,0.07421875,-0.5613462748912794,-0.30484092469672697,68.37157823227969,0.0051954184686262075,0.04193451086355793,8.07144046563133,0.003783313172841072,0.007756145152241966,0.09182998072097968,0.06832019819108769,0.03619101653417755,0.20675354772259097,0.6451009114583334,0.41164663798207024,0.20675354772259097,0.6451009114583334,0.41164663798207024,0.20929489013504235,0.646728515625,0.41380122168453903,0.8305948157473106,0.904541015625,0.7745033141049853,0.8666349565117876,0.9324544270833334,0.8429969437690115,0.8637116617074846,0.93017578125,0.8269202685337929,0.17044160563057908,0.6172688802083334,0.3677383347232094,0.27565876058594646,0.6853841145833334,0.4384562198262253,0.7564781700617991,0.86962890625,0.7035032687609432
libero_goal_t08_ep003_s0048_manipulation,libero_goal,manipulation,libero_goal_3,-0.20214866102082857,-0.009029959277283842,-0.20214866102082857,1.0,0.0625,0.08984375,0.08984375,-0.43181291485465784,-0.27401221675440607,7.1713474281873,0.007015430166888885,0.04458383641587402,6.35511085639464,0.005952947263756943,0.019000546997964874,0.0917704326387992,0.10655595634535073,0.08355329280819904,0.09867031929503318,0.6443684895833334,0.42930814102371134,0.09867031929503318,0.6443684895833334,0.42930814102371134,0.10217011902037079,0.6459147135416666,0.4341625009580242,0.7355573357747769,0.8548990885416666,0.7063100869095361,0.7709294174868391,0.890869140625,0.7806556949186666,0.7694438086518655,0.9060872395833334,0.8053979102368513,0.3342941748683909,0.7263997395833334,0.427690489080769,0.33236796177615013,0.76220703125,0.5035566539798768,0.7175490672922865,0.8693033854166666,0.6950370342655636
libero_goal_t08_ep004_s0016_approach,libero_goal,approach,libero_goal_4,-0.002094300755321584,0.008625666954610714,-0.002094300755321584,0.8125,0.05078125,0.06640625,0.0703125,-0.485912108033875,-0.4238777466239414,13.076065244363393,0.005544949968193087,0.04286448942248968,7.730365407869997,0.005116759094252435,0.07181726558449199,0.09096152433049495,0.18434771833780744,0.07710559540581365,0.1747861352712291,0.5714518229166666,0.3688331849891895,0.1747861352712291,0.5714518229166666,0.3688331849891895,0.1783953707942321,0.572998046875,0.37075011334409386,0.8754041256580454,0.925537109375,0.8102211682438238,0.8927135786221103,0.932861328125,0.8245710137336232,0.8787365529869535,0.92236328125,0.7977130931263886,0.20385743305104143,0.6736653645833334,0.41931158468505736,0.27001888303959715,0.7119140625,0.435640029504356,0.8149583714808881,0.9115397135416666,0.8002090332691522
libero_goal_t08_ep004_s0032_pre_grasp,libero_goal,pre_grasp,libero_goal_4,-0.03812728885328451,-0.04214993780799961,-0.03812728885328451,0.875,0.0546875,0.0625,0.07421875,-0.4739728770885786,-0.2979414625772488,25.645519425277175,0.005269001539264891,0.041983610045307554,7.968039054922146,0.004310518921136543,0.0064929034364090135,0.08522773401606436,0.1124038928723711,0.06243603422541323,0.19620837148088807,0.63134765625,0.3999152585952144,0.19620837148088807,0.63134765625,0.3999152585952144,0.1989356832227054,0.6333821614583334,0.40224677340797443,0.7944523918516823,0.8888346354166666,0.7734958304192432,0.8350473506523232,0.9182942708333334,0.8122193054872453,0.8366202220187686,0.9258626302083334,0.8168217182672939,0.15060583085374227,0.6451822916666666,0.3692430974833161,0.24632567521171894,0.7132161458333334,0.43004784322560663,0.7242368104829481,0.8715006510416666,0.7310575726464958
libero_goal_t08_ep004_s0056_manipulation,libero_goal,manipulation,libero_goal_4,-0.15960746166170747,-0.1456277119457809,-0.15960746166170747,0.8125,0.05078125,0.06640625,0.109375,-0.537461375600824,-0.24970817120622568,20.389179494039556,0.011391479719139126,0.040978399543615006,3.5972850370585405,0.004190878902248913,0.006404142939141489,0.09662140797805215,0.0731153631383155,0.09191497102662331,0.11527380407415885,0.5887858072916666,0.4006301753833378,0.11527380407415885,0.5887858072916666,0.4006301753833378,0.11705338750286107,0.5895182291666666,0.4024831648049232,0.7709158274204624,0.8445638020833334,0.6832634011692046,0.8165469787136644,0.8800455729166666,0.726907622926068,0.8103134298466468,0.884521484375,0.7069894015370197,0.2646057450217441,0.6727701822916666,0.3608560514790222,0.3110487239642939,0.7178548177083334,0.38543996107311396,0.7276028553444724,0.8361002604166666,0.6598965781603463
libero_goal_t08_ep005_s0016_approach,libero_goal,approach,libero_goal_5,0.11647402151522088,0.0966752174249949,0.11647402151522088,1.5,0.09375,0.05859375,0.05078125,-0.4791800183108263,-0.4982704852368963,14.52698684327362,0.013799780840876243,0.06997268270813592,5.070564780338415,0.00487130571748127,0.05689888214637331,0.08871368756934633,0.1720143113934278,0.0813794820841229,0.26213735980773634,0.6476236979166666,0.35172518194334423,0.26213735980773634,0.6476236979166666,0.35172518194334423,0.2651593614099336,0.649658203125,0.35503699921129933,0.8868040455481804,0.9344889322916666,0.8446047840027112,0.8984571698329137,0.947265625,0.8653238235569908,0.8844193465323873,0.9386393229166666,0.8294723815576537,0.19502460517280842,0.5923665364583334,0.2954515858532285,0.3097211890592813,0.6649576822916666,0.34145739697599103,0.8330703536278324,0.9000651041666666,0.782458967721797
libero_goal_t08_ep005_s0032_pre_grasp,libero_goal,pre_grasp,libero_goal_5,0.025874771114671548,0.05714909980335364,0.025874771114671548,1.3125,0.08203125,0.0625,0.05859375,-0.5020170519569696,-0.3180311570153353,24.774937146886003,0.008006446362362297,0.047820606597253734,5.972763000331185,0.005854054129041019,0.007627873904282079,0.09267789012098618,0.11815709601671218,0.07074096635246718,0.2239785992217899,0.6160481770833334,0.36018910650754177,0.2239785992217899,0.6160481770833334,0.36018910650754177,0.22700989929045548,0.6180013020833334,0.3637135259260221,0.8062771801327535,0.8723958333333334,0.7576796947818508,0.8405384527351797,0.8872884114583334,0.7466820806072303,0.8318765735866331,0.882568359375,0.7128492602558473,0.09323286221103227,0.5440266927083334,0.2992195667877368,0.23039454108491644,0.6180013020833334,0.36401395278947135,0.7229078450446327,0.820556640625,0.6674875691824875
libero_goal_t08_ep005_s0056_manipulation,libero_goal,manipulation,libero_goal_5,-0.17640692950331885,-0.05706806783448868,-0.17640692950331885,0.8125,0.05078125,0.0703125,0.09375,-0.5191977569237812,-0.31139133669031815,29.138231532544086,0.0105833413151469,0.05315646474640879,5.022654298253723,0.004436640854404809,0.007610935590581007,0.09968974384293651,0.06607294266251744,0.08351174427025491,0.11850108720531013,0.6566569010416666,0.43782049764506115,0.11850108720531013,0.6566569010416666,0.43782049764506115,0.12070625429159991,0.6576334635416666,0.44027739245175335,0.7823243305104143,0.8126627604166666,0.6466755108418116,0.8282036793316548,0.8622233072916666,0.7305529381802827,0.8263461318379491,0.8841959635416666,0.7424459877744337,0.25313215266651407,0.6513671875,0.3844855418257009,0.3008411535820554,0.7298177083333334,0.45886028044312244,0.7514591439688716,0.81591796875,0.6476340900124374
libero_goal_t08_ep006_s0016_approach,libero_goal,approach,libero_goal_6,0.11935296978713665,0.13558811589306594,0.11935296978713665,1.25,0.078125,0.03125,0.0703125,-0.4507460231174182,-0.440981202792401,16.389094186742046,0.00891214103236901,0.052789020165581145,5.92327028643855,0.005170846124243008,0.06882079471856786,0.09292464255067281,0.19524255363353576,0.08343464492884384,0.2556248569466697,0.6070963541666666,0.3487468311317383,0.2556248569466697,0.6070963541666666,0.3487468311317383,0.25823701075761046,0.608642578125,0.34968853619565693,0.8773818379491874,0.9420572916666666,0.8609700041380716,0.8897666800183108,0.944091796875,0.8657051149416732,0.8740100709544518,0.9261881510416666,0.8219354362220802,0.28244234950789654,0.6883951822916666,0.3810299652607188,0.38677400434882125,0.7353515625,0.42434306472470007,0.8376709487296864,0.929931640625,0.8289609846950836
libero_goal_t08_ep006_s0032_pre_grasp,libero_goal,pre_grasp,libero_goal_6,-0.1150735294117647,-0.061365614189618396,-0.1150735294117647,1.1875,0.07421875,0.06640625,0.078125,-0.47191863126573586,-0.2875500686655985,35.85398405036391,0.005833248231691822,0.03547112310828514,6.0808526740850555,0.004139830282686996,0.13401322908528499,0.079837931444929,0.08271739776329169,0.04613419774597384,0.1308101110093843,0.6083984375,0.37767091263957564,0.1308101110093843,0.6083984375,0.37767091263957564,0.13235723277637904,0.6092936197916666,0.37972769456359234,0.8528939688715953,0.8998209635416666,0.7746461739642277,0.8892252231631952,0.9249674479166666,0.8162297248704341,0.8830968184939345,0.9220377604166666,0.7714985701113042,0.1511608777752346,0.6097005208333334,0.385897997298413,0.22261387045090408,0.6807454427083334,0.3922736431716126,0.7902838178072785,0.8690592447916666,0.7370345371631171
libero_goal_t08_ep006_s0056_manipulation,libero_goal,manipulation,libero_goal_6,0.05883711947814145,0.045175785413242325,0.05883711947814145,1.4375,0.08984375,0.0390625,0.0546875,-0.6118548294804304,-0.4038931963836118,8.943592996924878,0.011606909129868394,0.06604272050978205,5.689948958059162,0.0056642656451467484,0.014575375166853524,0.10654610557331212,0.16845819247494917,0.07257728426955684,0.2924174582284276,0.6524251302083334,0.39225446343534065,0.2924174582284276,0.6524251302083334,0.39225446343534065,0.2953665026321813,0.654052734375,0.3947149260821292,0.8048867017624171,0.888916015625,0.7286546242161055,0.8397509441519798,0.9015299479166666,0.7516380408173654,0.8355444609750515,0.8966471354166666,0.7324091429140043,0.17296649691004806,0.5882161458333334,0.30025748328258195,0.3541893167772946,0.6939290364583334,0.3658461928625586,0.7443150606546121,0.85498046875,0.6919165168612553
libero_goal_t08_ep007_s0024_approach,libero_goal,approach,libero_goal_7,0.1810633154039826,0.11995235399514591,0.1810633154039826,1.25,0.078125,0.0546875,0.04296875,-0.6115444037537194,-0.41304217212176697,13.999529594274186,0.005121810418565269,0.034499351003523256,6.7357727413087805,0.004170562195414918,0.037020903615992896,0.09676484952757226,0.18460970793810247,0.07313689732009261,0.3612368390936141,0.7376302083333334,0.4611622091566947,0.3612368390936141,0.7376302083333334,0.4611622091566947,0.3647545204852369,0.7398274739583334,0.4645413977716435,0.8658910791943236,0.9147135416666666,0.8078270289712112,0.8902759498741131,0.9383951822916666,0.865939358249156,0.8886766136415656,0.946533203125,0.8831507927033577,0.1787694552529183,0.6221516927083334,0.3540855172042599,0.3427479114213779,0.7315266927083334,0.4792480957708408,0.8073629549095903,0.8809407552083334,0.7756109151734485
libero_goal_t08_ep007_s0040_pre_grasp,libero_goal,pre_grasp,libero_goal_7,-0.03311255436026551,0.0025748243057083704,-0.03311255436026551,1.1875,0.07421875,0.0703125,0.06640625,-0.5707935168230717,-0.3264584287022202,28.073030908796323,0.005312188891802491,0.03430295803340699,6.457405550156853,0.004723108058080114,0.0068627774329367034,0.07429602543554795,0.05052960423175484,0.026803488978261073,0.18347090295262072,0.6563313802083334,0.3782416107092955,0.18347090295262072,0.6563313802083334,0.3782416107092955,0.1864428358892195,0.6577962239583334,0.38121643036249747,0.8420769913023575,0.9173177083333334,0.8073661015752435,0.8757910849164569,0.9405924479166666,0.8368928297098718,0.8685161078049897,0.9331868489583334,0.7989732457977297,0.23302886816205082,0.6304524739583334,0.38399899071870264,0.30070811398489355,0.6919759114583334,0.4217813508134149,0.780463921950103,0.8746744791666666,0.7416558356619184
libero_goal_t08_ep007_s0056_manipulation,libero_goal,manipulation,libero_goal_7,-0.10043488212405585,-0.06186655509526075,-0.10043488212405585,0.8125,0.05078125,0.0703125,0.08203125,-0.5286886301213092,-0.31923208972304873,45.10856469752388,0.006624595065390333,0.04199217925848303,6.338829595467323,0.004654932126121444,0.010147256203714015,0.09749026538698047,0.09355733590336292,0.08371329811530742,0.1579358834973678,0.6422526041666666,0.3643264798629999,0.1579358834973678,0.6422526041666666,0.3643264798629999,0.16098506523231862,0.6441243489583334,0.3663655415289065,0.7690825989929045,0.8685709635416666,0.732705558212855,0.8109414339665827,0.8990071614583334,0.7851910408489335,0.8061706054016937,0.8971354166666666,0.7561507936012887,0.2975394827191577,0.6707356770833334,0.3679532006915661,0.3591418230716411,0.72705078125,0.41842030609582,0.737608720531014,0.85791015625,0.6581476921044718
libero_goal_t08_ep008_s0016_approach,libero_goal,approach,libero_goal_8,-0.0019398031586175327,0.09546024507675521,-0.0019398031586175327,0.875,0.0546875,0.05859375,0.06640625,-0.40746166170748455,-0.4572978656443122,15.247629863126305,0.011047652739143137,0.058653296834444035,5.309118436229308,0.004901481073447854,0.06588816399380756,0.10256064963431168,0.2081713999712425,0.08213015702976259,0.1760099565117876,0.61669921875,0.3781348945290086,0.1760099565117876,0.61669921875,0.3781348945290086,0.18048108834973678,0.6189778645833334,0.38128525091762305,0.8724958514534218,0.9117838541666666,0.7940439058090832,0.8921449416342413,0.9297688802083334,0.8100204796025706,0.8837870508125429,0.9302571614583334,0.8084767207462128,0.246425812542916,0.6597493489583334,0.35964222830028797,0.328217984664683,0.7245279947916666,0.4141904388719424,0.8323436427100023,0.9012044270833334,0.7648971255454419
libero_goal_t08_ep008_s0032_pre_grasp,libero_goal,pre_grasp,libero_goal_8,-0.036269741359578854,0.045395217692070375,-0.036269741359578854,1.1875,0.07421875,0.07421875,0.08203125,-0.49387231059739073,-0.3409611753261616,69.2584135095142,0.009887070892584482,0.1825058928433969,18.459045639116464,0.06907373910762389,0.1320351418362462,0.089109364077049,0.09184673604903743,0.05126518758015344,0.18200532158388646,0.6258951822916666,0.40974785036107936,0.18200532158388646,0.6258951822916666,0.40974785036107936,0.18345302128633553,0.6263834635416666,0.41178909012781767,0.8087541485465781,0.8800455729166666,0.7378394011411403,0.8442335202563516,0.9031575520833334,0.7616144359011984,0.8465803101396201,0.9072265625,0.7565406063669895,0.17099093041886015,0.63671875,0.35840659670968855,0.2624256122682536,0.6971028645833334,0.41601866791444186,0.7474736781872282,0.8548990885416666,0.6901955766800303
libero_goal_t08_ep008_s0056_manipulation,libero_goal,manipulation,libero_goal_8,-0.04080667772945754,-0.04932484887516378,-0.04080667772945754,1.0,0.0625,0.0546875,0.07421875,-0.5749113069352254,-0.2841883154039826,9.178708092010512,0.012028175877144722,0.05310599255713532,4.4151326933990385,0.005206031541091761,0.005623524903041768,0.10429500965541551,0.10002198053524355,0.08321632080969026,0.17769154840924697,0.6038411458333334,0.34951908618442556,0.17769154840924697,0.6038411458333334,0.34951908618442556,0.17920576791027695,0.6046549479166666,0.35081553880313715,0.8052650778210116,0.861572265625,0.7037322721470706,0.8360880636301213,0.8822428385416666,0.7345928203174336,0.8255786507209888,0.8795572916666666,0.6913647695112487,0.11240844586861982,0.5667317708333334,0.2959106346304027,0.22634112497138933,0.6376953125,0.3179063915291097,0.734708314259556,0.8229166666666666,0.6616559048252509
libero_goal_t08_ep009_s0016_approach,libero_goal,approach,libero_goal_9,0.09613899061570154,0.06075960692864972,0.09613899061570154,1.0625,0.06640625,0.0546875,0.05078125,-0.46691820210574503,-0.46574945639734494,8.04568480921511,0.009186594394928251,0.06098412468105094,6.638382196858408,0.005221223281253462,0.06264547910696573,0.08729013695235328,0.17971895938508395,0.08377291200916274,0.26798752574959944,0.6255696614583334,0.3507782466084751,0.26798752574959944,0.6255696614583334,0.3507782466084751,0.2711847676813916,0.6270345052083334,0.35504576597973336,0.8833550297550927,0.9393717447916666,0.8545203038093653,0.9007445925841153,0.9457194010416666,0.864246795453766,0.8941784447241932,0.9369303385416666,0.8350406626507066,0.12226267452506294,0.585205078125,0.3088663500728232,0.25368219272144654,0.6538899739583334,0.33603809648249966,0.8197706855115587,0.9039713541666666,0.7893308513237091
libero_goal_t08_ep009_s0032_pre_grasp,libero_goal,pre_grasp,libero_goal_9,0.07571669718471045,0.010637587394243636,0.07571669718471045,1.125,0.0703125,0.046875,0.03125,-0.5511301213092241,-0.3108048180361639,22.858318981143128,0.005064662167693787,0.04288130870431265,8.466765854165317,0.00455650253156442,0.006805781032752542,0.08836841689617105,0.122316458884389,0.07757811906416695,0.29027952620737013,0.6639811197916666,0.39958132985431305,0.29027952620737013,0.6639811197916666,0.39958132985431305,0.2913810368505379,0.6647135416666666,0.400943963289101,0.8393074788281071,0.9120279947916666,0.8223222049902108,0.8734171149004348,0.93408203125,0.8609466403855097,0.871383611810483,0.935546875,0.8378945133477482,0.024409189745937285,0.5592447916666666,0.31170416176742255,0.1613763160906386,0.654541015625,0.39097162234279204,0.7401851110093843,0.8670247395833334,0.7476692842667767
libero_goal_t08_ep009_s0056_manipulation,libero_goal,manipulation,libero_goal_9,-0.16602483405813687,-0.09478321909325767,-0.16602483405813687,0.875,0.0546875,0.0703125,0.07421875,-0.47724593728542003,-0.26227755207141223,22.33510986471288,0.006232889293535617,0.039630556813400254,6.358296280747793,0.004603267401979069,0.007112135658073959,0.0871918640477114,0.07375842364025317,0.0902278685015904,0.042036221103227286,0.552490234375,0.2953052337319368,0.042036221103227286,0.552490234375,0.2953052337319368,0.0443579766536965,0.5537109375,0.29592844424673265,0.801459859235523,0.8435872395833334,0.6746205804585561,0.817813000686656,0.8531901041666666,0.6895279344633849,0.795620422293431,0.8401692708333334,0.6366090088714745,0.2568486781872282,0.7010904947916666,0.378531174177039,0.26338192378118563,0.7176920572916666,0.3831349260906953,0.7558594644083314,0.8438313802083334,0.6716579324361531
libero_object_t00_ep000_s0024_approach,libero_object,approach,libero_object_0,0.0855444609750515,0.036098916866225114,0.0855444609750515,1.625,0.1015625,0.015625,0.10546875,-0.5303344586861982,-0.38887045090409705,18.414160912044387,0.009637004529944995,0.043175856818025375,4.480215473995612,0.004159864325872509,0.04498479736411951,0.05763014841805533,0.11709710088208579,0.05351604354964454,0.2748762588693065,0.6488444010416666,0.4194659307399196,0.2748762588693065,0.6488444010416666,0.4194659307399196,0.2753519111924926,0.6492513020833334,0.4209508401034396,0.888301813916228,0.9129231770833334,0.7971430586368052,0.9157816433966582,0.9379069010416666,0.8656721494222986,0.8976267452506295,0.9309895833333334,0.8341222334860158,0.4086668860151064,0.7285970052083334,0.4981552530015293,0.4968084802014191,0.7935384114583334,0.5538124217743654,0.8566119249256122,0.9009602864583334,0.7582704258758272
libero_object_t00_ep000_s0040_pre_grasp,libero_object,pre_grasp,libero_object_0,0.13777752346074618,0.18543817657833309,0.13777752346074618,1.75,0.109375,0.0078125,0.08203125,-0.620260643167773,-0.326831797894255,72.82548385496372,0.003704909887151802,0.03595453539493716,9.70456407580204,0.0036908357859604096,0.00805167950094659,0.07977728026940205,0.1004916266534032,0.0645234398529499,0.3145585374227512,0.7091471354166666,0.5961696943161643,0.3145585374227512,0.7091471354166666,0.5961696943161643,0.3158982318608377,0.7098795572916666,0.5974633197245734,0.8788767452506294,0.9195149739583334,0.8106743910652159,0.903930390249485,0.93896484375,0.879929431208082,0.8734421492332342,0.9160970052083334,0.8376590972763701,0.3507953765163653,0.705810546875,0.45273340203813184,0.4915362497138933,0.8026529947916666,0.589649240780502,0.8508146887159533,0.9010416666666666,0.7443037411730108
libero_object_t00_ep000_s0056_manipulation,libero_object,manipulation,libero_object_0,0.0035791943236438543,0.1269951156143318,0.0035791943236438543,1.375,0.0859375,0.046875,0.08203125,-0.6488455596246281,-0.23166342412451363,14.987352943630317,0.004209742042581237,0.027257858540970764,6.474947458837025,0.0038159438972117446,0.01108313267240125,0.07536730412157255,0.16742107634882175,0.08306848447902881,0.22477826733806364,0.6800944010416666,0.4815642704750901,0.22477826733806364,0.6800944010416666,0.4815642704750901,0.22588406958113985,0.680908203125,0.48864437275630757,0.8675440604257267,0.9220377604166666,0.8203708452024006,0.9012495708400091,0.9446614583333334,0.8834382608955216,0.8744742790112153,0.928955078125,0.8540749790515364,0.5247482261387045,0.7562662760416666,0.5032562014967868,0.5668616960402838,0.8208821614583334,0.5798712060208686,0.8597877088578623,0.9097493489583334,0.7832195468174361
libero_object_t00_ep001_s0024_approach,libero_object,approach,libero_object_1,0.023967154955367363,-0.032508360842494755,0.023967154955367363,1.375,0.0859375,0.01953125,0.109375,-0.4984271286335546,-0.38671892881666287,15.32921838985557,0.008903602444440398,0.03978735828388959,4.468680911144419,0.004963611574153272,0.014972041663455903,0.05255275658284928,0.11101761061318152,0.049437042322640574,0.22126559281300068,0.6407877604166666,0.4829312915226774,0.22126559281300068,0.6407877604166666,0.4829312915226774,0.22242504005493247,0.6416829427083334,0.48567866813665617,0.87192077706569,0.927001953125,0.7887869083848241,0.8977354657816434,0.9522298177083334,0.8969154517147369,0.8758711947814145,0.9424641927083334,0.8785694887002685,0.4006995307850767,0.7162272135416666,0.4814043213436131,0.46489113641565577,0.769775390625,0.5153382427969754,0.8420412279697871,0.9130045572916666,0.7430725831301216
libero_object_t00_ep001_s0048_pre_grasp,libero_object,pre_grasp,libero_object_1,0.09268925955596247,0.1792878420600027,0.09268925955596247,1.875,0.1171875,0.03125,0.0859375,-0.5922994392309453,-0.3268790054932479,32.923973039784606,0.004723917746018286,0.03844999080724706,8.139428515590884,0.0051780907853507235,0.008764622625532207,0.06136483353208137,0.02559815572689926,0.01841257903652748,0.30642094872968645,0.7442220052083334,0.563501653734592,0.30642094872968645,0.7442220052083334,0.563501653734592,0.3074645227740902,0.7450358072916666,0.5677051704920877,0.8706490329594873,0.9290364583333334,0.8299260878801812,0.9068608377203021,0.9618326822916666,0.9269148580416763,0.880797236209659,0.9562174479166666,0.9061715186928028,0.3291349565117876,0.6499837239583334,0.44679254944769653,0.4483634699015793,0.777587890625,0.6002831373508962,0.8311663138017853,0.9009602864583334,0.7695851286643715
libero_object_t00_ep001_s0064_manipulation,libero_object,manipulation,libero_object_1,0.048419975967040514,0.24463847292868635,0.048419975967040514,1.5,0.09375,0.04296875,0.078125,-0.657001029983978,-0.27912279697871367,11.364477763674493,0.0035321733987557073,0.03396093013490078,9.61474035982048,0.004228772190605638,0.030571085008489304,0.06648700688160189,0.1684735151836886,0.0828306152363482,0.2910462920576791,0.7079264322916666,0.5501624454827961,0.2910462920576791,0.7079264322916666,0.5501624454827961,0.291597047379263,0.7083333333333334,0.5512384719456049,0.8660033760585947,0.9150390625,0.7871827623427283,0.9026200217441062,0.941162109375,0.8760189693437406,0.8804560540169375,0.93408203125,0.8664384161118266,0.4748505092698558,0.754150390625,0.44552536124938436,0.5457262817578393,0.8177083333333334,0.6142950524227216,0.8417894541084916,0.902587890625,0.7145539263080084
libero_object_t00_ep002_s0024_approach,libero_object,approach,libero_object_2,-0.02151307507438773,-0.12011861613662299,-0.02151307507438773,1.0,0.0625,0.0390625,0.12109375,-0.5201411936369879,-0.37740830281528953,16.358525212126924,0.0021673162821921,0.028130066451757987,12.979216131438948,0.0044638178158317,0.005641846563374701,0.05283819324593483,0.10313272760190495,0.05191252923815892,0.16063100823987184,0.5716959635416666,0.3550412241612472,0.16063100823987184,0.5716959635416666,0.3550412241612472,0.1618719958800641,0.5725911458333334,0.35813225585220254,0.8791049153124285,0.931640625,0.8191935476169077,0.9008776321812771,0.9554036458333334,0.8949883586428233,0.8789046406500344,0.935302734375,0.8408914111211119,0.41571226253147175,0.73388671875,0.4792481254536209,0.45268224994277867,0.7496744791666666,0.4664305922486774,0.8456733520256352,0.92138671875,0.7630063618550472
libero_object_t00_ep002_s0048_pre_grasp,libero_object,pre_grasp,libero_object_2,0.09964665827420463,0.12437295638810082,0.09964665827420463,1.625,0.1015625,0.03125,0.078125,-0.6342877374685283,-0.30775205996795607,31.395091213535313,0.0053615666909117435,0.03676902242561591,6.857887730454263,0.004415997350918004,0.008595065342471148,0.06323186456277095,0.08155110890873192,0.059501697376777504,0.2934002346074617,0.7259928385416666,0.5805399004651977,0.2934002346074617,0.7259928385416666,0.5805399004651977,0.2933930819409476,0.7262369791666666,0.582725629633005,0.8972376401922637,0.9265950520833334,0.7939610863619173,0.9245479514763104,0.955078125,0.8782647091322602,0.8994370851453422,0.9484049479166666,0.8624754356434916,0.33836332684824905,0.6840006510416666,0.44876771551653294,0.4522924296177615,0.792236328125,0.5939581766514564,0.8596975852597849,0.9012044270833334,0.7300059762863074
libero_object_t00_ep002_s0064_manipulation,libero_object,manipulation,libero_object_2,-0.08467612726024262,-0.03730130398696854,-0.08467612726024262,1.375,0.0859375,0.0625,0.09765625,-0.5480215724422065,-0.26445053215838865,14.332941166310695,0.003730033611271913,0.03160457865305823,8.473001036117019,0.004079538164365369,0.018265412428124975,0.059782779174787914,0.15535469743775493,0.08451425545006024,0.15531657701991303,0.6448567708333334,0.4166779686155972,0.15531657701991303,0.6448567708333334,0.4166779686155972,0.15793087663080796,0.6465657552083334,0.42025227820171296,0.8539775978484779,0.8929850260416666,0.7812948366717779,0.8875836861982147,0.924072265625,0.841420623245597,0.8552479114213779,0.91259765625,0.7998732294749523,0.5143997482261387,0.7552083333333334,0.5040048858502939,0.5284783417257953,0.8015950520833334,0.5759205706071842,0.8375343327992676,0.8893229166666666,0.7498573945435479
libero_object_t00_ep003_s0024_approach,libero_object,approach,libero_object_3,0.025089408331425957,-0.037528321806075744,0.025089408331425957,1.375,0.0859375,0.0234375,0.11328125,-0.5602605001144426,-0.3248319123369192,14.39873517715067,0.0069835612143917146,0.03570147218149747,5.112215828784305,0.004259273750011306,0.005260497012978758,0.05838544941380461,0.11001312105593264,0.04923626811213313,0.23175783932249944,0.62255859375,0.4862552467239608,0.23175783932249944,0.62255859375,0.4862552467239608,0.23223492217898833,0.6228841145833334,0.48866255890472865,0.875461346990158,0.919189453125,0.793860362061755,0.9036042286564431,0.9466145833333334,0.8645607980447498,0.8851124399176012,0.9413248697916666,0.8436704718943058,0.3398560883497368,0.687255859375,0.4775952972594386,0.4624234664682994,0.7776692708333334,0.5014930764354206,0.8334723334859235,0.9000651041666666,0.7447666240499866
libero_object_t00_ep003_s0048_pre_grasp,libero_object,pre_grasp,libero_object_3,0.09641865987640193,0.17700182586361232,0.09641865987640193,1.5,0.09375,0.03125,0.08203125,-0.6365300984206912,-0.27337062256809336,40.855970435257575,0.003926414200326675,0.04670463429637549,11.894984052494944,0.005457257085813494,0.0070181012663873025,0.06342932286224269,0.041136584832635575,0.030626243031441167,0.289912594415198,0.7236328125,0.5529051514706527,0.289912594415198,0.7236328125,0.5529051514706527,0.2906679159990845,0.724609375,0.5553268328058636,0.8869749942778667,0.92431640625,0.8013803051976364,0.9169661249713893,0.9539388020833334,0.8878776665079363,0.8821469443808652,0.9400227864583334,0.8544904420987015,0.3780141336690318,0.7178548177083334,0.5111688122256854,0.4818830109864958,0.8211263020833334,0.6322393393243148,0.8576004234378576,0.90478515625,0.7511960499969956
libero_object_t00_ep003_s0064_manipulation,libero_object,manipulation,libero_object_3,0.022518024719615472,0.10698131223177108,0.022518024719615472,1.375,0.0859375,0.0390625,0.0859375,-0.6476946955825131,-0.22682965209430075,3.031859226106408,0.008655978541574601,0.03669417961706396,4.239171740181897,0.004034785546878148,0.02497313823845184,0.06709568800668833,0.14739727819118906,0.07847453096387084,0.2897831311512932,0.74609375,0.5990693573885454,0.2897831311512932,0.74609375,0.5990693573885454,0.2906335831998169,0.74658203125,0.6017097120008684,0.8558115415426871,0.8872884114583334,0.7424891438890743,0.9019040398260472,0.9464518229166666,0.8910535859183508,0.8799782558937972,0.952392578125,0.8852239633752845,0.4679553387502861,0.707763671875,0.3798930018210983,0.5584265564202334,0.822998046875,0.5706755179314495,0.8335488670176242,0.8680013020833334,0.6553478365905911
libero_object_t00_ep004_s0024_approach,libero_object,approach,libero_object_4,-0.0157279983978027,-0.12018897204351027,-0.0157279983978027,1.1875,0.07421875,0.03125,0.125,-0.4987346932936599,-0.35323801213092243,21.053682977089338,0.004973361069462502,0.02662159958527143,5.3528386966982415,0.004322006558934694,0.005818441306042504,0.05536429982728312,0.08771445622571075,0.04304539123796476,0.12542772945754177,0.53857421875,0.348214042799305,0.12542772945754177,0.53857421875,0.348214042799305,0.126572156099794,0.5391438802083334,0.3508433173550892,0.9150313286793317,0.943603515625,0.8445873385990847,0.9252746623941406,0.9540201822916666,0.8608268594734494,0.881536106660563,0.91943359375,0.7695388584108037,0.4172028782330053,0.7159016927083334,0.472655337161222,0.4247217612726024,0.7301432291666666,0.41071082816967247,0.8871952964065003,0.9280598958333334,0.811055808073814
libero_object_t00_ep004_s0048_pre_grasp,libero_object,pre_grasp,libero_object_4,0.10318722819867246,0.14493658866675574,0.10318722819867246,1.625,0.1015625,0.02734375,0.08984375,-0.633101110093843,-0.31729872396429387,34.0847350882041,0.0033652182545424415,0.03925043168138538,11.663561978009698,0.0045392612261365576,0.0070774383636615975,0.05969697510946392,0.07019938127774898,0.05216716580290657,0.30136472877088577,0.7294108072916666,0.5758221141009428,0.30136472877088577,0.7294108072916666,0.5758221141009428,0.3019576848249027,0.7300618489583334,0.5768389472256927,0.9010936427100023,0.9207356770833334,0.7678157296746946,0.9275420576791028,0.9520670572916666,0.889184749407634,0.9035055218585488,0.9444173177083334,0.8817613467281611,0.36585531586175324,0.7041829427083334,0.43246488771054586,0.48620679789425497,0.807861328125,0.6023867892861259,0.8725359063859006,0.9049479166666666,0.720037515144378
libero_object_t00_ep004_s0064_manipulation,libero_object,manipulation,libero_object_4,0.05922264820325017,0.1139667777648411,0.05922264820325017,1.625,0.1015625,0.05078125,0.07421875,-0.6323336289768826,-0.2977368963149462,16.029800313978054,0.002947350103738173,0.03476754847498052,11.796205829393754,0.0044796094686892305,0.02155755160997808,0.06546431141076947,0.16382125704212033,0.08289821037356136,0.2363026436255436,0.7159016927083334,0.5313422952468825,0.2363026436255436,0.7159016927083334,0.5313422952468825,0.23790555619134812,0.7167154947916666,0.5318738401783494,0.8848127431906615,0.918701171875,0.7905032529785984,0.9058172636758983,0.9442545572916666,0.8643856041115493,0.8799196040283818,0.9359537760416666,0.8516759975652506,0.47916714351110096,0.7166341145833334,0.38437628411813224,0.5275799668116273,0.7806803385416666,0.5071543169387794,0.8456261444266423,0.8876953125,0.6854559605747657
libero_object_t00_ep005_s0024_approach,libero_object,approach,libero_object_5,0.045400120164797435,0.10423655862288794,0.045400120164797435,1.25,0.078125,0.02734375,0.11328125,-0.5166943236438545,-0.38654726482032503,15.91291908601168,0.010151690433246997,0.04044604382238029,3.9841683597756936,0.0041292704840248246,0.01894112380726781,0.056211312101213516,0.10530001674222833,0.046335407588921226,0.21543402380407417,0.567626953125,0.4276452326162773,0.21543402380407417,0.567626953125,0.4276452326162773,0.21647187571526666,0.568359375,0.43176170171428263,0.8888075074387731,0.947998046875,0.8656316635407042,0.9072621023117419,0.9522298177083334,0.8665284476316156,0.8817106317235065,0.9278157552083334,0.8076183926206292,0.43092526894026095,0.7451171875,0.5242369325217965,0.48768453879606316,0.757568359375,0.5017823900656173,0.8617968928816663,0.9335123697916666,0.8311405269812655
libero_object_t00_ep005_s0048_pre_grasp,libero_object,pre_grasp,libero_object_5,0.08532487411306935,0.17263129391821522,0.08532487411306935,1.625,0.1015625,0.0390625,0.08203125,-0.6437542915999085,-0.25133254177157244,17.602951897330545,0.003922476629516683,0.03427915648890591,8.739161434629043,0.005588652402594654,0.00996875743815211,0.04876021866179045,0.027961770008701748,0.007615797803033062,0.291654983978027,0.6761067708333334,0.4874544530727327,0.291654983978027,0.6761067708333334,0.4874544530727327,0.2920283531700618,0.6763509114583334,0.48868561117915316,0.8903245880064088,0.9334309895833334,0.8232292661914519,0.9193737125200274,0.9490559895833334,0.8800381127447405,0.8855051213092241,0.9287923177083334,0.8409504644967714,0.4383533131151293,0.742919921875,0.5017895692972759,0.5218692778667887,0.81103515625,0.5843976524892933,0.858108262760357,0.91748046875,0.7736691505003904
libero_object_t00_ep005_s0064_manipulation,libero_object,manipulation,libero_object_5,-0.03893267910276951,0.02134564202697018,-0.03893267910276951,1.125,0.0703125,0.0546875,0.09375,-0.6177421892881666,-0.23682121194781414,10.97914616421883,0.013734997794833063,0.04749266371682735,3.457784589866735,0.004593874239243876,0.03511047488027631,0.058690614280570035,0.14185263616645077,0.08375925470116684,0.21013103685053788,0.6322428385416666,0.48028846579734796,0.21013103685053788,0.6322428385416666,0.48028846579734796,0.21157229915312428,0.6331380208333334,0.4820857183885173,0.8332663366903181,0.9102376302083334,0.7630461112333663,0.871913624399176,0.93798828125,0.834941095362642,0.8425805390249484,0.9269205729166666,0.8109553692008736,0.46129334515907533,0.7499186197916666,0.47455598340398714,0.5012960631723506,0.7818196614583334,0.5606860900528133,0.8061133840695811,0.8983561197916666,0.7360449763588762
libero_object_t00_ep006_s0024_approach,libero_object,approach,libero_object_6,0.03924310482948043,-0.05799371768135238,0.03924310482948043,1.4375,0.08984375,0.0234375,0.109375,-0.4777409018081941,-0.4232719157701991,18.95421587765224,0.009173109962362187,0.035646494787063054,3.885977049585444,0.0048676572616612405,0.006101458686037254,0.0537717816638061,0.11296613340477109,0.055851941257243604,0.19047264820325016,0.6214192708333334,0.4854918727149875,0.19047264820325016,0.6214192708333334,0.4854918727149875,0.19055490386816204,0.621337890625,0.48546816346618094,0.8959351396200503,0.9453938802083334,0.8152657389583695,0.9107018196383612,0.9671223958333334,0.9029494840142269,0.8828665026321812,0.956298828125,0.8958950186019787,0.3567084859235523,0.7001139322916666,0.4158623696949878,0.4101918345159075,0.745361328125,0.4538522449863436,0.8489557106889448,0.9256184895833334,0.7415833342873719
libero_object_t00_ep006_s0048_pre_grasp,libero_object,pre_grasp,libero_object_6,0.13517252231631952,0.14257720404777066,0.13517252231631952,1.5,0.09375,0.02734375,0.078125,-0.5615465495536736,-0.35797665369649806,30.951509472154534,0.004032784980356694,0.03529267039095892,8.7514386615865,0.0040960702544170224,0.008019070511833558,0.06777475535302224,0.07913728381794832,0.050599144288071815,0.30825632295719846,0.6863606770833334,0.4977179612185615,0.30825632295719846,0.6863606770833334,0.4977179612185615,0.3096646829938201,0.687744140625,0.5024032605862094,0.8798280498970016,0.93408203125,0.8310926242394421,0.9053680762188143,0.9512532552083334,0.8848810504999431,0.8826676585030899,0.9354654947916666,0.8437445275760288,0.34177014190890365,0.6890462239583334,0.4275715278611747,0.4379785133897917,0.7618815104166666,0.4963539568238383,0.8490601396200503,0.9132486979166666,0.7672731969306381
libero_object_t00_ep006_s0064_manipulation,libero_object,manipulation,libero_object_6,0.014249542229343099,0.06495319937615941,0.014249542229343099,1.625,0.1015625,0.04296875,0.1015625,-0.6157594701304646,-0.2949266136415656,19.77915648753146,0.0061287697270723425,0.036828848162292746,6.009174728756786,0.004298538311887087,0.018199866651005085,0.06646836991347989,0.15704693854594842,0.08382458761222324,0.23853141451132984,0.6644694010416666,0.4408335354842929,0.23853141451132984,0.6644694010416666,0.4408335354842929,0.23927529182879378,0.6650390625,0.44188152939398384,0.8672050240329595,0.9198404947916666,0.7709069910484047,0.899248970016022,0.9427083333333334,0.8477614020623401,0.8785069523918517,0.9274088541666666,0.8168670977850861,0.4586475738155184,0.744140625,0.4956258443973726,0.5165162222476539,0.78857421875,0.576204174461028,0.8314273861295491,0.90234375,0.7295944595373021
libero_object_t00_ep007_s0024_approach,libero_object,approach,libero_object_7,-0.007547493705653468,-0.1259142978281506,-0.007547493705653468,1.0625,0.06640625,0.0234375,0.125,-0.5144405184252689,-0.35552471961547266,20.43168335934666,0.0036229558470171758,0.03323490880380025,9.173423637266504,0.00474458530265319,0.008425009218474527,0.056505295418899676,0.09998871020714593,0.050325849872233985,0.17061756122682536,0.57373046875,0.3710274776644095,0.17061756122682536,0.57373046875,0.3710274776644095,0.1716132124055848,0.57421875,0.37169421328383456,0.8776965552758068,0.919921875,0.7716338046071923,0.8991659990844587,0.9441731770833334,0.8663385871507491,0.8686655985351339,0.9247233072916666,0.8330594230284059,0.3827985523002975,0.7188313802083334,0.44869207043281933,0.4421520943007553,0.74658203125,0.4702417226498556,0.8375829709315633,0.907958984375,0.7157999927180274
libero_object_t00_ep007_s0048_pre_grasp,libero_object,pre_grasp,libero_object_7,0.13555232890821697,0.2430710843259753,0.13555232890821697,1.625,0.1015625,0.015625,0.08984375,-0.6087727454795148,-0.33646429388876176,58.69249773830465,0.005558714721364688,0.04112236065478113,7.397818149711669,0.004968660772067142,0.008922468366670974,0.06161539949539256,0.06735990446021535,0.043971241151108544,0.29683208400091554,0.7390950520833334,0.6049481451865298,0.29683208400091554,0.7390950520833334,0.6049481451865298,0.29746080338750286,0.739990234375,0.607148359846295,0.8956833657587548,0.9315592447916666,0.7961754063931976,0.9147538052185855,0.9583333333333334,0.9051296018370393,0.8856116960402838,0.94580078125,0.8875502018671138,0.3701991302357519,0.6966959635416666,0.47288577393707093,0.45889362554360263,0.79541015625,0.6301959421668241,0.867297293430991,0.90771484375,0.740979412658268
libero_object_t00_ep007_s0064_manipulation,libero_object,manipulation,libero_object_7,0.009300612268253605,0.1463483793962854,0.009300612268253605,1.375,0.0859375,0.046875,0.09375,-0.6855315861753262,-0.25328808079652093,15.9051689316722,0.0031855484717831796,0.032367050780893435,10.160589633965067,0.004220132815504842,0.016092039713101285,0.06396094713711108,0.1626037920273454,0.08486286242290447,0.24179016937514305,0.7202962239583334,0.5416678385654694,0.24179016937514305,0.7202962239583334,0.5416678385654694,0.2429825188830396,0.7213541666666666,0.5434246477243603,0.8639863241016251,0.8893229166666666,0.7548618379542575,0.9016994735637446,0.9305013020833334,0.8481273834654367,0.8825460631723506,0.9330240885416666,0.8395735639057632,0.526084344243534,0.7803548177083334,0.5478678789202716,0.5628976882581826,0.8465169270833334,0.691384106316161,0.8489871824216068,0.895751953125,0.7428037766890823
libero_object_t00_ep008_s0024_approach,libero_object,approach,libero_object_8,0.040077821011673155,-0.00046379632497681254,0.040077821011673155,1.375,0.0859375,0.015625,0.11328125,-0.5499477855344472,-0.3563501373311971,16.05559010499315,0.010719044902105736,0.044854269178842,4.184539722380532,0.005009530396662027,0.02992565861835124,0.059298383746828755,0.11503173441977292,0.049606271760408216,0.24590009155413137,0.62890625,0.49894347368105973,0.24590009155413137,0.62890625,0.49894347368105973,0.24778624971389335,0.6302897135416666,0.5022918494774123,0.9003075646601053,0.932861328125,0.8051983603356091,0.92748984321355,0.9586588541666666,0.9112089752492382,0.9073643854428931,0.9471028645833334,0.8733641464002635,0.37388060769054704,0.7290852864583334,0.47168763780641676,0.4557528896772717,0.7794596354166666,0.5495566258258974,0.8533388647287709,0.9178873697916666,0.7780164865000024
libero_object_t00_ep008_s0040_pre_grasp,libero_object,pre_grasp,libero_object_8,0.16268453879606318,0.15607633726286893,0.16268453879606318,1.875,0.1171875,0.015625,0.05859375,-0.6142202162966354,-0.32273689631494623,11.192476705324708,0.002968049016417754,0.038328377729272264,12.91366062934236,0.003775547967787103,0.010700710457008192,0.07147320169243815,0.11369480532730405,0.07064397584344755,0.3458471618219272,0.6968587239583334,0.5251178440694669,0.3458471618219272,0.6968587239583334,0.5251178440694669,0.3469393739986267,0.6975911458333334,0.5261893935846206,0.8901050011444266,0.9263509114583334,0.8542709090018429,0.9152745193408103,0.9449055989583334,0.8781264938849014,0.8945160505836576,0.93408203125,0.8367443072154337,0.39340953307392995,0.7355143229166666,0.5017554984765655,0.4984385728999771,0.7938639322916666,0.5696793186476508,0.843777895399405,0.9004720052083334,0.815384844941206
libero_object_t00_ep008_s0056_manipulation,libero_object,manipulation,libero_object_8,0.02338421263447013,0.12653320719250874,0.02338421263447013,1.375,0.0859375,0.0625,0.0859375,-0.6291528381780728,-0.23614814602883955,14.844238504369653,0.007403113098370783,0.034202461237610636,4.620010633788323,0.00379760920419508,0.009215155672725447,0.05739882317667121,0.16027807218255308,0.07879235594814374,0.20014591439688717,0.6624348958333334,0.47389345654834225,0.20014591439688717,0.6624348958333334,0.47389345654834225,0.2005049782558938,0.662841796875,0.47368452766591074,0.8837705996795605,0.9312337239583334,0.8348461395506837,0.9026350423437858,0.955322265625,0.8968140424787888,0.8713800354772259,0.938720703125,0.8568612619962414,0.4690861753261616,0.7506510416666666,0.49438935769227926,0.5103656443121996,0.810302734375,0.5937006370742298,0.8486181048294804,0.9095052083333334,0.7830131605641609
libero_object_t00_ep009_s0024_approach,libero_object,approach,libero_object_9,-0.032327191577019916,-0.10523851151528854,-0.032327191577019916,1.0625,0.06640625,0.03125,0.12109375,-0.5513869020370794,-0.2964823186083772,14.347059119291638,0.0035245606868775027,0.023846391487200476,6.7657769593766295,0.0046573932808014525,0.004434545620812673,0.055145432604579,0.11464198505116792,0.055663762695630135,0.12642409590295262,0.5721028645833334,0.361960220454075,0.12642409590295262,0.5721028645833334,0.361960220454075,0.12715795948729686,0.5724283854166666,0.3654338951875443,0.8832899404898146,0.9315592447916666,0.8098053186875875,0.9014569981689173,0.9561360677083334,0.8826361044535389,0.8606124113069352,0.9327799479166666,0.8231968856210091,0.4493512531471733,0.7080891927083334,0.4163656825380257,0.46269955939574275,0.7211100260416666,0.4272426781488482,0.8463707370107576,0.9015299479166666,0.7140752611406208
libero_object_t00_ep009_s0048_pre_grasp,libero_object,pre_grasp,libero_object_9,0.09018725680933852,0.12000450166719422,0.09018725680933852,1.5625,0.09765625,0.02734375,0.07421875,-0.6282837891966125,-0.2922429331654841,40.1413014310132,0.003187950916527093,0.03615318859848922,11.340572532363193,0.0042280646245710166,0.007502368506363635,0.05948061352812315,0.07140196517008027,0.06241398594048254,0.30912751773861297,0.7549641927083334,0.6293252828361457,0.30912751773861297,0.7549641927083334,0.6293252828361457,0.30979128519111926,0.7557779947916666,0.634123716415913,0.8891694323643854,0.9253743489583334,0.792666382225898,0.9226746681162737,0.9656575520833334,0.91396432900713,0.8907601853971161,0.96240234375,0.9088268515700494,0.3214966239414054,0.6494140625,0.3460495400121622,0.45266937514305333,0.7893880208333334,0.5143037267617288,0.8542644197756923,0.8912760416666666,0.6817333235626497
libero_object_t00_ep009_s0064_manipulation,libero_object,manipulation,libero_object_9,0.05761830510414283,0.1338915936469106,0.05761830510414283,1.4375,0.08984375,0.04296875,0.078125,-0.6899383440146487,-0.21157229915312428,10.89989663590728,0.0023735094482061356,0.02721524857274435,11.466248256695689,0.0036907147183645435,0.013853391691787186,0.06288323788522449,0.1568389340965706,0.08377193646890987,0.2824580853742275,0.7245279947916666,0.5563489667692746,0.2824580853742275,0.7245279947916666,0.5563489667692746,0.28348949988555733,0.7252604166666666,0.5579262117743871,0.877695124742504,0.904052734375,0.7468791892424267,0.9113169489585717,0.93798828125,0.8440012778062039,0.888542143511101,0.9330240885416666,0.8540002624773558,0.5339880407415885,0.7427571614583334,0.43472774663888064,0.5906371595330739,0.8121744791666666,0.5720053243994614,0.8482855058365759,0.882080078125,0.6587602784819068
libero_spatial_t02_ep000_s0024_approach,libero_spatial,approach,libero_spatial_0,0.08833614671549554,0.023137060300869303,0.08833614671549554,1.125,0.0703125,0.03515625,0.0703125,-0.5086604486152437,-0.4083915083543145,18.79032782935396,0.005564785427439824,0.04740834662313961,8.51934854295912,0.004271670067079784,0.037192891362937505,0.10431162022040386,0.18175612020243032,0.07474720549783082,0.2450145914396887,0.599853515625,0.35297716979885174,0.2450145914396887,0.599853515625,0.35297716979885174,0.24802657930876632,0.6012369791666666,0.35541526635546233,0.8562142366674296,0.8949381510416666,0.76512979292612,0.8701276035706111,0.9049479166666666,0.7813360348131985,0.8492353799496453,0.8938802083333334,0.7450319879672848,0.21942878805218585,0.6595052083333334,0.4289181823447991,0.33506523231860835,0.7023111979166666,0.45063545590089193,0.8082949473563744,0.8777669270833334,0.7330399856609678
libero_spatial_t02_ep000_s0040_pre_grasp,libero_spatial,pre_grasp,libero_spatial_0,0.08366259441519798,0.07417160654635614,0.08366259441519798,1.5,0.09375,0.04296875,0.06640625,-0.5696140421149004,-0.3188351167315175,37.948105709734186,0.0036934946366024165,0.04080617413379995,11.048120587319131,0.06822394841886142,0.004804965697152498,0.07955305263050783,0.07298015347629758,0.03785421539574455,0.2832598992904555,0.6947428385416666,0.4137130036162484,0.2832598992904555,0.6947428385416666,0.4137130036162484,0.28591568436713205,0.6966145833333334,0.4180813301702321,0.8188637273975738,0.8860677083333334,0.7520910433450239,0.8441391050583658,0.9126790364583334,0.8152037403206628,0.8204737926298924,0.9095052083333334,0.8014122080029017,0.20227740901808194,0.6092936197916666,0.38238535306838917,0.30243834401464864,0.6837565104166666,0.4934336313671103,0.7716282330052644,0.8511555989583334,0.6976890692915323
libero_spatial_t02_ep000_s0064_manipulation,libero_spatial,manipulation,libero_spatial_0,0.09211132410162509,-0.025798979899380965,0.09211132410162509,1.125,0.0703125,0.03125,0.0546875,-0.5972605287251087,-0.32574387731746396,13.723590864643496,0.007265980140206825,0.04309639802924826,5.931257338672209,0.004542658659631552,0.015680961058922444,0.10064158535596252,0.2525586357014351,0.09192663779124974,0.3038846131837949,0.6028645833333334,0.3426080259597263,0.3038846131837949,0.6028645833333334,0.3426080259597263,0.30630865186541545,0.6044108072916666,0.3446504404151629,0.8285806248569467,0.8948567708333334,0.7200917599229103,0.8631408789196613,0.9046223958333334,0.7411020998132228,0.8484457255664912,0.8836263020833334,0.6828202529820596,0.2493641279468986,0.6866861979166666,0.40409274813883744,0.3901028553444724,0.7279459635416666,0.43750893393684076,0.7736810482948043,0.8770345052083334,0.71210451032777
libero_spatial_t02_ep001_s0016_approach,libero_spatial,approach,libero_spatial_1,0.11363298237582971,0.06134930552102253,0.11363298237582971,0.875,0.0546875,0.0390625,0.07421875,-0.5247410734721905,-0.36707269970244905,13.40576537436122,0.0067984359299206945,0.047715791142650996,7.01864246931391,0.004530450933376629,0.056693924332050886,0.09325901065899701,0.19639886015503186,0.07820527089038114,0.2626773861295491,0.59619140625,0.3266802129567883,0.2626773861295491,0.59619140625,0.3266802129567883,0.2670004577706569,0.5989583333333334,0.3328119577327061,0.8356066891737239,0.8834635416666666,0.7546740994857939,0.8525384813458458,0.8898111979166666,0.7595195878850396,0.8376523517967498,0.8761393229166666,0.711844819438334,0.2457241359578851,0.649658203125,0.3684480521743617,0.34141680018310827,0.6722819010416666,0.4022790772902344,0.7706583314259556,0.8534342447916666,0.6663059216885987
libero_spatial_t02_ep001_s0032_pre_grasp,libero_spatial,pre_grasp,libero_spatial_1,0.05381809338521401,0.021739362629785576,0.05381809338521401,1.1875,0.07421875,0.05859375,0.0546875,-0.5128161478599221,-0.4222691119249256,35.09550998548354,0.005457843310712939,0.05617858637702865,10.293184171622954,0.0039232103712727,0.004022241092137245,0.08624815678710762,0.12299255880546078,0.06328119205606296,0.24280370222018768,0.6416829427083334,0.3689377572296839,0.24280370222018768,0.6416829427083334,0.3689377572296839,0.246294203479057,0.6436360677083334,0.3723737352412588,0.7734757667658503,0.8938802083333334,0.7892727766832766,0.798687485694667,0.9073079427083334,0.8219144919494469,0.7877918287937743,0.9007161458333334,0.7940169363748143,0.13149462119478142,0.62646484375,0.3461437968908837,0.24414625772487983,0.6859537760416666,0.382558619941884,0.697131065461204,0.8584798177083334,0.7403577017564994
libero_spatial_t02_ep001_s0056_manipulation,libero_spatial,manipulation,libero_spatial_1,0.025645885786221102,-0.005144002354423168,0.025645885786221102,0.8125,0.05078125,0.0546875,0.06640625,-0.5206111238269627,-0.38902924010070955,14.21583952532845,0.006299678218874043,0.04684104270388932,7.435465920076999,0.004308903232001944,0.014274897987741524,0.10496904136838882,0.2084860469505887,0.08720544013779213,0.2726825360494392,0.612060546875,0.3853247746595247,0.2726825360494392,0.612060546875,0.3853247746595247,0.2762223907072557,0.6142578125,0.38771931125731257,0.8227125772487983,0.8990885416666666,0.7504251386504164,0.8559388590066377,0.9149576822916666,0.8002157440238041,0.849124513618677,0.908203125,0.7906926579720744,0.22364027809567408,0.64599609375,0.36008781599574624,0.3347412165255207,0.6917317708333334,0.4333074095361954,0.7361266880292974,0.862060546875,0.6668746711734481
libero_spatial_t02_ep002_s0016_approach,libero_spatial,approach,libero_spatial_2,0.07989027809567406,0.03742054835004155,0.07989027809567406,1.25,0.078125,0.0390625,0.09375,-0.5033195525291829,-0.4125472075989929,10.328648209865184,0.008661610162242183,0.04295682206164306,4.959449947181999,0.004530577483201557,0.04610460710149463,0.08620317003583677,0.1719233735979332,0.06932335328849074,0.22027709430075532,0.5765787760416666,0.3427869978381819,0.22027709430075532,0.5765787760416666,0.3427869978381819,0.22206168459601738,0.577880859375,0.3451602475246053,0.8683837834744793,0.9070638020833334,0.781577980475373,0.8778996910048066,0.9134928385416666,0.8081487456658355,0.8430268654154268,0.8863932291666666,0.7515816136395307,0.23979815175097277,0.636962890625,0.39487587985883293,0.3203836690318151,0.6627604166666666,0.40755912175646375,0.811261158159762,0.880615234375,0.7448472207870197
libero_spatial_t02_ep002_s0032_pre_grasp,libero_spatial,pre_grasp,libero_spatial_2,0.10243405241474021,0.06606968331089215,0.10243405241474021,1.3125,0.08203125,0.05859375,0.0625,-0.5328936827649348,-0.4169239242389563,24.441417849655924,0.006525187169994789,0.046330085370506466,7.100192555939122,0.004137929548242265,0.006520121636048152,0.08612404400630153,0.15155044194939865,0.07187879034845218,0.24266780155642023,0.6685384114583334,0.41964971633360393,0.24266780155642023,0.6685384114583334,0.41964971633360393,0.24526350423437857,0.6700032552083334,0.42516812391419756,0.8138740272373541,0.908447265625,0.7779913921901198,0.8295190547035936,0.9271647135416666,0.8160827800105687,0.8110415712977798,0.9237467447916666,0.7938989507554266,0.2190411135271229,0.6205240885416666,0.31921402026567686,0.3549596589608606,0.7138671875,0.3866148084451909,0.7721689745937286,0.8815104166666666,0.6913348414159913
libero_spatial_t02_ep002_s0056_manipulation,libero_spatial,manipulation,libero_spatial_2,-0.050496395056076906,-0.06583625245888046,-0.050496395056076906,0.875,0.0546875,0.0546875,0.06640625,-0.5539253833829252,-0.32077348935683225,7.840386829602164,0.008406726809196494,0.051870352036980386,6.170100826904127,0.0037033759400478313,0.021607896481072367,0.09851538737532534,0.20123086488834066,0.08160683410020518,0.22814788853284504,0.591552734375,0.38685489877479684,0.22814788853284504,0.591552734375,0.38685489877479684,0.23084015220874343,0.5929361979166666,0.39119647834122395,0.7985108148317693,0.884033203125,0.7750800048281016,0.8495450904097047,0.911865234375,0.8121841483001836,0.8545412279697872,0.9142252604166666,0.8006182244470611,0.25555333028152893,0.655517578125,0.3670449556634694,0.36646615358205537,0.7029622395833334,0.4177519632299798,0.7322435053788052,0.8505045572916666,0.7148399542617698
libero_spatial_t02_ep003_s0016_approach,libero_spatial,approach,libero_spatial_3,0.07090295262073701,0.01251580576933269,0.07090295262073701,1.125,0.0703125,0.03125,0.07421875,-0.4413910505836576,-0.46360651750972764,9.104612403150407,0.005293446268181577,0.0468377964549928,8.848261431599019,0.004652260262388916,0.043028717870927984,0.0875304514789478,0.17916282703726666,0.07762000683794829,0.261977140077821,0.6170247395833334,0.39984691065826494,0.261977140077821,0.6170247395833334,0.39984691065826494,0.2639777409018082,0.618408203125,0.4019974760163544,0.8679725051499199,0.921142578125,0.8349877068233456,0.892177843900206,0.9385579427083334,0.8728142608153145,0.874128089951934,0.9293619791666666,0.8397025139451372,0.295566062027924,0.658935546875,0.3547583045303063,0.41584101052872513,0.7259928385416666,0.4168349345629456,0.8172980086976425,0.893798828125,0.7407105913627151
libero_spatial_t02_ep003_s0032_pre_grasp,libero_spatial,pre_grasp,libero_spatial_3,-0.02924010070954452,0.005021940360181682,-0.02924010070954452,1.375,0.0859375,0.0625,0.08984375,-0.37376115815976196,-0.3539260986495766,55.14762418168115,0.005487915244038204,0.03730180775167769,6.797081604385291,0.003765177558576606,0.0055894871654440246,0.0758422616260242,0.0579278823988926,0.032715209096615516,0.24072370679789426,0.7045084635416666,0.43236501233614,0.24072370679789426,0.7045084635416666,0.43236501233614,0.24246967269398031,0.7056477864583334,0.4347684955216071,0.7723585202563515,0.872314453125,0.7101595800599714,0.8100251773861296,0.9099934895833334,0.8071086057514704,0.8022237640192263,0.9189453125,0.8039524583697677,0.18275349050125886,0.6000162760416666,0.32865677376395874,0.31037208171206226,0.7046712239583334,0.4095054435497044,0.7092390993362325,0.8331705729166666,0.630748403915051
libero_spatial_t02_ep003_s0056_manipulation,libero_spatial,manipulation,libero_spatial_3,0.083402952620737,0.019073853818913807,0.083402952620737,1.0625,0.06640625,0.0390625,0.03515625,-0.568111266880293,-0.34969887273975736,1.8758664861759817,0.004360849364974248,0.038470738766858956,8.82184536706329,0.004461763958803365,0.01408805287260625,0.09600593190149247,0.24227347924400228,0.08288726756931482,0.30172021629663537,0.6722819010416666,0.39144080954129357,0.30172021629663537,0.6722819010416666,0.39144080954129357,0.3036392767223621,0.673828125,0.39448290257314284,0.8472462233920806,0.912109375,0.8042796448969018,0.8831054016937514,0.9325358072916666,0.8593911584918709,0.8640385385671778,0.921875,0.8219437648741623,0.317874513618677,0.701904296875,0.4113156953970203,0.4155405985351339,0.7560221354166666,0.5108479247281046,0.7923859864957656,0.8924153645833334,0.7527523566195561
libero_spatial_t02_ep004_s0016_approach,libero_spatial,approach,libero_spatial_4,0.118076218814374,0.036461603832620454,0.118076218814374,1.1875,0.07421875,0.046875,0.078125,-0.5004327363241017,-0.4057149805447471,17.882097939776447,0.007358806668343503,0.04337596289053308,5.8944289265174,0.0044743051909496515,0.049953434031103375,0.09336270057070148,0.18634596049352128,0.07567532419929074,0.1994270714122225,0.5371907552083334,0.31051862626441096,0.1994270714122225,0.5371907552083334,0.31051862626441096,0.2026472018768597,0.5384114583333334,0.3145813081713632,0.8814738784618906,0.90771484375,0.8367684362550007,0.8837534332799267,0.9029134114583334,0.8117046018332614,0.8518854428931105,0.8724772135416666,0.718449979704691,0.2385278381780728,0.6853841145833334,0.3662916788588182,0.31388046463721675,0.6715494791666666,0.3856861031936346,0.8315654325932708,0.8946940104166666,0.752900082379878
libero_spatial_t02_ep004_s0032_pre_grasp,libero_spatial,pre_grasp,libero_spatial_4,0.14834201190203708,0.15901121351275177,0.14834201190203708,1.5,0.09375,0.04296875,0.0546875,-0.5592798695353628,-0.4380343041886015,25.813631257947662,0.006720380449610952,0.04808758551249052,7.155485596842117,0.004104841485777703,0.011312274444400331,0.08546118281056284,0.12020180527445125,0.05224829901996585,0.3460595960173953,0.7012532552083334,0.448296775732445,0.3460595960173953,0.7012532552083334,0.448296775732445,0.349012216754406,0.703125,0.4532895959815022,0.8471024547951477,0.9161783854166666,0.8058197995135629,0.87714937628748,0.932373046875,0.8554517661231308,0.871801327534905,0.9298502604166666,0.8540779878295813,0.1454702162966354,0.61376953125,0.3753313067327324,0.30653539139391167,0.7171223958333334,0.4838946304809243,0.7925032902265965,0.890380859375,0.7405973014944095
libero_spatial_t02_ep004_s0056_manipulation,libero_spatial,manipulation,libero_spatial_4,0.09804803730830854,0.07389638029416976,0.09804803730830854,1.375,0.0859375,0.03515625,0.0703125,-0.562977082856489,-0.3473914225223163,8.80480533492116,0.005185017605316251,0.04686606184885361,9.038746908168907,0.0043624957062086845,0.017907343114566023,0.10152509598572064,0.21382671808733938,0.0866850539228049,0.3288059338521401,0.6365559895833334,0.37780099412964163,0.3288059338521401,0.6365559895833334,0.37780099412964163,0.3312972075989929,0.6376953125,0.38064297118196266,0.8114607175555046,0.8653157552083334,0.7373389323035247,0.849612325474937,0.88037109375,0.7459619439589571,0.8497096017395285,0.87890625,0.7158443235120121,0.2569144827191577,0.6400553385416666,0.3575860268707478,0.38430132753490504,0.69482421875,0.4308691765916389,0.7335789082169832,0.828125,0.6859898307994063
libero_spatial_t02_ep005_s0016_approach,libero_spatial,approach,libero_spatial_5,-0.011346274891279469,-0.01813760767432603,-0.011346274891279469,1.375,0.0859375,0.0546875,0.0703125,-0.5501194495307851,-0.35778996910048066,13.794189212851089,0.01098213049972989,0.05508641162376089,5.016004100945237,0.0047820004524858385,0.04345609677177241,0.09874322321160214,0.19162603073242074,0.07653449726440865,0.15371581025406272,0.58154296875,0.3643262353722868,0.15371581025406272,0.58154296875,0.3643262353722868,0.15657401579308766,0.58349609375,0.36799746985200044,0.8800619420920119,0.9403483072916666,0.8639011461529741,0.8959430075532159,0.9512532552083334,0.8911692958873745,0.8673573758297093,0.9322102864583334,0.8455874046692134,0.30844443808651867,0.6300455729166666,0.34708105263455197,0.3613148031586175,0.6673177083333334,0.3637486027622061,0.8345244907301442,0.905517578125,0.7834134092474488
libero_spatial_t02_ep005_s0032_pre_grasp,libero_spatial,pre_grasp,libero_spatial_5,0.13038238155184254,0.06795042701229892,0.13038238155184254,1.1875,0.07421875,0.03125,0.07421875,-0.6128011272602426,-0.41197284847791255,24.955852811597367,0.007138253989752612,0.05919423773576526,8.29253733766578,0.004551022635958989,0.012941302951208796,0.0943069761845635,0.1380527812458094,0.06990860225066463,0.33145242046234835,0.6896158854166666,0.46168451189339177,0.33145242046234835,0.6896158854166666,0.46168451189339177,0.3326369020370794,0.6903483072916666,0.4660252241625884,0.855928845273518,0.903564453125,0.7431150713333498,0.8858649004348821,0.9271647135416666,0.8179327057493204,0.8730516136415656,0.9235026041666666,0.8131816954081562,0.13370908674753948,0.5506998697916666,0.31762947547559006,0.29555175669489586,0.635009765625,0.4083743569283105,0.7965559910734722,0.8583170572916666,0.656816368003975
libero_spatial_t02_ep005_s0056_manipulation,libero_spatial,manipulation,libero_spatial_5,0.08272344930189975,0.05428934717024985,0.08272344930189975,1.3125,0.08203125,0.0625,0.04296875,-0.6480888075074388,-0.34771257724879834,12.314069034505145,0.009263778169929758,0.05064683079047583,5.467189505344109,0.003958196545803634,0.013229708380749732,0.10660546164121429,0.186217835352252,0.08980214157108335,0.32046449416342415,0.6600748697916666,0.3840972364373718,0.32046449416342415,0.6600748697916666,0.3840972364373718,0.3228649290455482,0.6622721354166666,0.3891042048476532,0.8262953479056993,0.9110514322916666,0.7740675038266472,0.8631880865186542,0.9256998697916666,0.7953361883572151,0.8581504634927901,0.9192708333333334,0.7407795002566109,0.29696583886472877,0.635498046875,0.339920016664096,0.41840881780727857,0.691162109375,0.4093495988124153,0.7579609178301671,0.8619791666666666,0.6826426044455829
libero_spatial_t02_ep006_s0016_approach,libero_spatial,approach,libero_spatial_6,0.1311083772030213,0.05885142902495201,0.1311083772030213,1.3125,0.08203125,0.03125,0.06640625,-0.5085803387502861,-0.3613798924238956,14.59913696154051,0.006169266042084895,0.04291964949225092,6.957010639428719,0.00430302266017737,0.051902493273546194,0.08472819204226423,0.17585379350094424,0.07228710701366813,0.24413695925841153,0.6214192708333334,0.39053980206749117,0.24413695925841153,0.6214192708333334,0.39053980206749117,0.24601954108491644,0.6224772135416666,0.39455240668411606,0.8703357461661707,0.92138671875,0.8389617445555938,0.8794182021057451,0.9335123697916666,0.8616937907817886,0.853365329594873,0.9195963541666666,0.8215640462384656,0.29272216182192723,0.6868489583333334,0.40280230906189674,0.3706569008926528,0.7246907552083334,0.4490244397313464,0.8186062314030671,0.901611328125,0.8052773068376736
libero_spatial_t02_ep006_s0032_pre_grasp,libero_spatial,pre_grasp,libero_spatial_6,0.14619835774776838,0.02993513562344493,0.14619835774776838,1.5,0.09375,0.046875,0.05859375,-0.5699380579079881,-0.4012216754406043,25.37682905236278,0.004665797200808276,0.319207092973446,68.41426646622112,0.06921258055495731,0.008579293924529104,0.09459075059280192,0.15243606589931705,0.06273288803564958,0.3181069752803845,0.6240234375,0.35490967523221184,0.3181069752803845,0.6240234375,0.35490967523221184,0.32095230601968416,0.6261393229166666,0.3581830013830809,0.8315589951934081,0.8756510416666666,0.740347891788149,0.8582305733577478,0.8850911458333334,0.7288095768730638,0.8412072270542458,0.87255859375,0.670630116305313,0.15475580796520944,0.5933430989583334,0.33312419402390087,0.31136344129091326,0.6451822916666666,0.36535342020615047,0.7698143167772946,0.845703125,0.6848432317935838
libero_spatial_t02_ep006_s0056_manipulation,libero_spatial,manipulation,libero_spatial_6,0.1117976081483177,0.009445417550896576,0.1117976081483177,1.25,0.078125,0.02734375,0.07421875,-0.6697141794460975,-0.3311205367360952,9.709477439866948,0.009427079738349286,0.06210481876087411,6.587916988569875,0.003595688696837366,0.015675640425629144,0.11716764856414018,0.2160844832500527,0.08099537012518727,0.3415019169146258,0.6088053385416666,0.36658642731561497,0.3415019169146258,0.6088053385416666,0.36658642731561497,0.3432278553444724,0.60986328125,0.3684429563247241,0.8383533131151293,0.9248860677083334,0.8418766493432328,0.8818672751201648,0.934814453125,0.8466504145285493,0.8725401979858091,0.913818359375,0.7595664757920216,0.2934123941405356,0.718017578125,0.4297420650958884,0.45528081368734263,0.7586263020833334,0.47311074954346066,0.787906986724651,0.9076334635416666,0.764243959266678
libero_spatial_t02_ep007_s0016_approach,libero_spatial,approach,libero_spatial_7,0.051763847562371255,0.04875266895953289,0.051763847562371255,1.125,0.0703125,0.0390625,0.078125,-0.4859285591668574,-0.3481481746395056,11.269944828303268,0.005761152572717781,0.04119530369539749,7.15053162981308,0.004611744453157249,0.04358930394512921,0.08085161203264539,0.1652797293955146,0.07368167628439654,0.19259627489127948,0.59814453125,0.39095434152044567,0.19259627489127948,0.59814453125,0.39095434152044567,0.19533503089951934,0.5996907552083334,0.3977152478390297,0.8656114099336233,0.9066569010416666,0.7954659978083991,0.8763461318379492,0.916748046875,0.820004517773826,0.8452513447013047,0.8985188802083334,0.7923277139945532,0.26499198901350424,0.653076171875,0.3686018681888522,0.3313265335317006,0.6930338541666666,0.3678988517698093,0.8112954909590295,0.8785807291666666,0.7707151432908923
libero_spatial_t02_ep007_s0032_pre_grasp,libero_spatial,pre_grasp,libero_spatial_7,0.048589494163424125,0.052297772841630494,0.048589494163424125,1.25,0.078125,0.06640625,0.0625,-0.520469501029984,-0.4216010528725109,18.83876070115728,0.003583299473378654,0.04333538289440364,12.09370950330958,0.0670990264546983,0.011881231391880975,0.08290889986729054,0.14079337552399623,0.062176407474805566,0.23582842183566033,0.6180826822916666,0.36504294220476285,0.23582842183566033,0.6180826822916666,0.36504294220476285,0.23853356031128406,0.6193033854166666,0.3664462746988008,0.8683852140077821,0.9227701822916666,0.810874048872283,0.8879692149233234,0.9318033854166666,0.8435640628536738,0.8763525692378119,0.9224446614583334,0.8218268750419098,0.1567742904554818,0.61279296875,0.3642886530160567,0.2564288166628519,0.6713053385416666,0.3928886979862737,0.8053094243533989,0.8946126302083334,0.7549826582985806
libero_spatial_t02_ep007_s0056_manipulation,libero_spatial,manipulation,libero_spatial_7,0.07675741016250859,0.10580124744316838,0.07675741016250859,1.1875,0.07421875,0.0390625,0.08984375,-0.5572356374456398,-0.3604135671778439,13.212037488277598,0.0051071463318068415,0.049854210643932945,9.761656981207972,0.003973753514236597,0.014190473378891753,0.09828302383705267,0.19961511662027567,0.0801705609479411,0.29773975738155184,0.6709798177083334,0.41854104989364427,0.29773975738155184,0.6709798177083334,0.41854104989364427,0.2999721046005951,0.6722819010416666,0.4204470508857163,0.8186999313344014,0.8634440104166666,0.7031420961810912,0.8476553559166857,0.8876953125,0.7617257050153133,0.8389956225680933,0.8870442708333334,0.7431168543189215,0.2806770714122225,0.603759765625,0.3201916985483496,0.40338106546120395,0.6793619791666666,0.4132350715030065,0.7532945181963836,0.8238118489583334,0.601046426187976
libero_spatial_t02_ep008_s0016_approach,libero_spatial,approach,libero_spatial_8,0.1271243419546807,0.08925708762324422,0.1271243419546807,1.5625,0.09765625,0.0234375,0.078125,-0.5596160448615244,-0.4392974650949874,13.37824783881409,0.00850119979977487,0.041734598644064536,4.9092598253213335,0.0039767039354390524,0.04861110796514942,0.0934696254978234,0.19403580400536874,0.07127693489004658,0.268935969329366,0.608642578125,0.3929612698247951,0.268935969329366,0.608642578125,0.3929612698247951,0.27113398374914166,0.6090494791666666,0.3948356944442791,0.8888361181048294,0.9254557291666666,0.8232670353745501,0.9014398317692836,0.9300944010416666,0.837832231552466,0.8630929560540169,0.8981119791666666,0.7859362245876488,0.24952792401007096,0.6743977864583334,0.3928676571679671,0.37166542687113757,0.7245279947916666,0.4441509846156195,0.8452749485008011,0.9130045572916666,0.7944421906682225
libero_spatial_t02_ep008_s0032_pre_grasp,libero_spatial,pre_grasp,libero_spatial_8,0.04786993591210804,0.023685391122179676,0.04786993591210804,1.25,0.078125,0.0390625,0.0703125,-0.6219572556649119,-0.33312685969329364,53.27692132017899,0.004334879154888186,0.04637632763322974,10.698413029792054,0.004897740635247548,0.011348327473355742,0.09438516113138705,0.1291974511407865,0.06432762035752915,0.3214250972762646,0.661865234375,0.4350285463687215,0.3214250972762646,0.661865234375,0.4350285463687215,0.3235651750972763,0.662841796875,0.43679934075552757,0.8077384699015793,0.8933919270833334,0.7635242707113942,0.8573872739757381,0.9178873697916666,0.8335820324136274,0.8476918345159076,0.906494140625,0.8046860140562363,0.24526851110093842,0.6461588541666666,0.34909884509247474,0.4200017166399634,0.7207845052083334,0.4524008653006223,0.7531450274662395,0.8634440104166666,0.6955205678879564
libero_spatial_t02_ep008_s0056_manipulation,libero_spatial,manipulation,libero_spatial_8,0.015609264133669032,-0.01598793619500247,0.015609264133669032,0.875,0.0546875,0.05859375,0.08203125,-0.5969965953307393,-0.36699974250400547,10.311469125099796,0.005053893556189994,0.04797903530999688,9.49347958688847,0.004622661278367184,0.019327986712782155,0.10434906955241767,0.1904725726359376,0.07757893485596547,0.2451633669031815,0.6538899739583334,0.4570149516119324,0.2451633669031815,0.6538899739583334,0.4570149516119324,0.24844071869993134,0.6554361979166666,0.46114964130196767,0.8446025978484779,0.8999837239583334,0.7739632998893553,0.8747267681391623,0.9286295572916666,0.8215290776293356,0.8628948271915771,0.9278157552083334,0.8013129334153468,0.2185547322041657,0.6144205729166666,0.3430701622510549,0.33557021057450215,0.7081705729166666,0.4183092505021239,0.772060969329366,0.8529459635416666,0.6913689292713087
libero_spatial_t02_ep009_s0016_approach,libero_spatial,approach,libero_spatial_9,0.06353570611123827,-0.004840437055081875,0.06353570611123827,1.0625,0.06640625,0.03515625,0.08203125,-0.5042730029755093,-0.41906185626001374,12.071160158886938,0.003909304458645417,0.03981408706522198,10.184442651217205,0.004691999937649921,0.055043864989842525,0.08085139196108042,0.15752799188680425,0.07717086186490074,0.19163853284504465,0.5342610677083334,0.30479096497067515,0.19163853284504465,0.5342610677083334,0.30479096497067515,0.19324716754406043,0.5354817708333334,0.30635827814245,0.8604314488441291,0.904296875,0.7803438862340633,0.8662429903868162,0.8997395833333334,0.7659900914598843,0.8255300125886931,0.8621419270833334,0.6911861833432336,0.33713950560769057,0.7010904947916666,0.45748798257110856,0.38296234836346993,0.6962076822916666,0.44439361410594924,0.8304667830167086,0.9015299479166666,0.7799458964758519
libero_spatial_t02_ep009_s0032_pre_grasp,libero_spatial,pre_grasp,libero_spatial_9,0.046433680476081485,-0.014831844030202655,0.046433680476081485,1.0,0.0625,0.0703125,0.06640625,-0.47199158846417943,-0.5180118448157474,17.148949944799693,0.006366817445831994,0.040310578303316774,6.331354502665362,0.0048883011838097,0.008950561019013054,0.08410709241939915,0.14251310271570494,0.07219988571455078,0.17260957885099565,0.5702311197916666,0.3015170589650681,0.17260957885099565,0.5702311197916666,0.3015170589650681,0.17555790798809795,0.571533203125,0.30358398663954345,0.8878233005264362,0.9242350260416666,0.7986444491148521,0.8929288738841841,0.9244791666666666,0.78101293873288,0.867418173495079,0.9044596354166666,0.7339642319826067,0.2633990901808194,0.690185546875,0.39398172454411085,0.3242325188830396,0.7135416666666666,0.4120228363327166,0.8471375028610666,0.9109700520833334,0.7577404992241845
libero_spatial_t02_ep009_s0056_manipulation,libero_spatial,manipulation,libero_spatial_9,0.07567235065232318,-0.012460310239331996,0.07567235065232318,1.3125,0.08203125,0.03515625,0.078125,-0.5932514591439688,-0.3667143511100938,12.69811671655079,0.0077413215575968565,0.05159376036897581,6.6647225522294535,0.00495568762026808,0.014049107588176677,0.10621326499692543,0.2286663936675774,0.0901035624810677,0.3253082799267567,0.6492513020833334,0.42482066391849166,0.3253082799267567,0.6492513020833334,0.42482066391849166,0.32748483634699016,0.6507161458333334,0.42795686783015774,0.8088192378118563,0.86083984375,0.6444786183558234,0.8462348363469901,0.8870442708333334,0.6970263135607854,0.842309452964065,0.8853352864583334,0.6974887741835879,0.25124814030670634,0.6102701822916666,0.34471870452328585,0.3924303330281529,0.6763509114583334,0.41999964393416267,0.7563436999313344,0.8304850260416666,0.5787601160996972
