state_id,suite,task_id,phase,episode_idx,step,S_median,S_p95,S_max,S_min,S_mean,S_p95_over_median,S_max_over_median,S_gini,raw_dev_median_eps_mid,raw_dev_max_eps_mid,raw_dev_max_eps_large,raw_dev_max_mm_eps_mid,sum_tokens_raw_dev_eps_mid,rank_stab_eps_small_mid,rank_stab_eps_mid_large,rank_stab_dirs_mean,linearity_mid_over_small,linearity_large_over_mid,ctrl_zeros,ctrl_replaced_by_h_t,ctrl_scaled_105,ctrl_permuted,ctrl_all_tokens_eps_mid,ctrl_repeat_identical,ctrl_flow_noise,zeros_over_noise,inbatch_baseline_vs_B1,delta_norm_rel_err,baseline_action_absmean
libero_goal_t08_ep000_s0016_approach,libero_goal,8,approach,0,16,8.349223207915202e-06,0.0001114903534471523,0.0004128553264308721,1.9849277066441573e-07,2.59537100646412e-05,13.353380388903437,49.4483528137207,0.6874005857346949,6.779569048376288e-06,0.00033523852471262217,0.001130750053562224,0.28113940358161926,0.005395050160586834,0.9986932078278782,0.9961196784161135,0.9155181868467231,2.9736865817113944,3.5430372965086194,0.06072021195119135,0.0694641238967911,0.008298796641259425,2.6862297213687726e-08,0.0005372125145787479,0.0,0.00457343204976385,13.276727693882902,3.5762786865234375e-07,3.3783296826683795e-07,0.21762511134147644
libero_goal_t08_ep000_s0032_pre_grasp,libero_goal,8,pre_grasp,0,32,1.0802788892760873e-05,6.737086550856475e-05,0.00015816021186765283,2.9989743666192226e-07,2.0142550056334585e-05,6.236432663579224,14.6406831741333,0.5816922846980457,8.771865395829082e-06,0.00012842607975471765,0.00046498863957822323,0.1104523167014122,0.0041870721615850925,0.9978928244449531,0.9945897230487526,0.891179331654841,2.974200961726948,3.5227613058702634,0.0067657826429357555,0.007466106965835202,0.0019192282081090142,2.7680420432058217e-08,0.0002975922618731693,0.0,0.004497670297317969,1.5042860404797338,3.5762786865234375e-07,3.3783296826683795e-07,0.22052398324012756
libero_goal_t08_ep000_s0056_manipulation,libero_goal,8,manipulation,0,56,8.889977834769525e-06,6.823272087785881e-05,0.0001382895279675722,1.4321319952159683e-07,1.7869977455120534e-05,7.675240832546773,15.555665969848633,0.6113519461867178,7.218661266961135e-06,0.00011229109804844484,0.0004043507797177881,0.08879788964986801,0.0037146680988371372,0.9977705138475623,0.9934488727397573,0.8893506332494088,2.9316797852924346,3.478982134980389,0.0064975049487198105,0.0050821241573097194,0.0013680177052885895,4.217348321822069e-08,0.00031149420875199377,0.0,0.004665331157113836,1.3927210587853387,4.76837158203125e-07,3.3783296826683795e-07,0.43397262692451477
libero_goal_t08_ep001_s0016_approach,libero_goal,8,approach,1,16,6.158399628475308e-06,0.00010101780753757339,0.0001795185962691903,2.2316709191727568e-07,2.067481545964256e-05,16.4032563054995,29.15020179748535,0.6927410170973004,5.000620149075985e-06,0.00014576909597963095,0.0004830694815609604,0.09263519197702408,0.004297715611755848,0.9982390135042344,0.9967205024032959,0.914723287174792,2.9278950343947465,3.4334476784170347,0.04723069810694924,0.04756972184973586,0.00458323116636218,2.5261856596952014e-08,0.0003434078597697096,0.0,0.0041453251042532155,11.3937259247747,7.152557373046875e-07,3.219970476919798e-07,0.2054084986448288
libero_goal_t08_ep001_s0032_pre_grasp,libero_goal,8,pre_grasp,1,32,1.1560568964341655e-05,7.79837355366908e-05,0.00015695231559220701,1.8047769856366358e-07,2.127555308106821e-05,6.745665873127013,13.576521873474121,0.5914177436137045,9.387182217324153e-06,0.00012744525156449527,0.0004233304352965206,0.09365236759185791,0.004422591533511877,0.9982382982375829,0.993037594415198,0.8924289024948502,2.964815913026527,3.5236421004035052,0.13243713070464214,0.13276954616989103,0.0015998792106665678,3.4441850785328804e-08,0.0003957888324504933,0.0,0.0052489267192487735,25.23127827617996,7.152557373046875e-07,3.3783296826683795e-07,0.235702782869339
libero_goal_t08_ep001_s0056_manipulation,libero_goal,8,manipulation,1,56,1.0074181773234159e-05,8.28984848340042e-05,0.00019236317893955857,3.944169293390587e-07,2.0185851099085994e-05,8.228805743237142,19.094669342041016,0.6072387943729353,8.180235454346985e-06,0.00015619890473317355,0.0004798653826583177,0.11791673302650452,0.004196072928607464,0.9982561799038682,0.9956125543602655,0.8982599946593424,2.9672521387157706,3.541300761293635,0.004905832176337881,0.002434311525667755,0.0012286003296709449,4.317540110944796e-08,0.0003470621867286895,0.0,0.004674292898518877,1.0495346104417997,7.152557373046875e-07,3.3783296826683795e-07,0.3986853063106537
libero_goal_t08_ep002_s0016_approach,libero_goal,8,approach,2,16,8.012175385374576e-06,9.946690624929033e-05,0.0002596355916466564,1.26129009458964e-07,2.3137237803894095e-05,12.414469412496539,32.40513229370117,0.6601515196184017,6.505886176455533e-06,0.00021082408784423023,0.0007687311735935509,0.1833251267671585,0.004809584002941847,0.9975366216525521,0.995906528953994,0.9076447699702448,2.9716174545060916,3.559649175896613,0.04937298898053426,0.05735399448281853,0.006055119271347337,2.951542508151829e-08,0.0006859098882104094,0.0,0.004729803374572544,10.438697990272447,4.76837158203125e-07,3.3783296826683795e-07,0.22426457703113556
libero_goal_t08_ep002_s0032_pre_grasp,libero_goal,8,pre_grasp,2,32,1.1549836926860735e-05,7.025017293926794e-05,0.00022353608801495284,9.472861961512535e-08,2.133189991582185e-05,6.082351931384546,19.354047775268555,0.58592791697384,9.378467439091764e-06,0.00018151129188481718,0.0005669274250976741,0.14880424737930298,0.004434305243194103,0.9971217669947356,0.9932629034103914,0.8801718547341116,2.9778298257193754,3.4608591974308505,0.007017918667076569,0.004963222906061436,0.0016484719036564083,3.494210989108778e-08,0.00027529300272868985,0.0,0.005264589572352586,1.3330419343478799,3.5762786865234375e-07,3.219970476919798e-07,0.20470844209194183
libero_goal_t08_ep002_s0056_manipulation,libero_goal,8,manipulation,2,56,8.518433787685353e-06,6.239852336875629e-05,0.00011254731361987069,2.990265954849747e-07,1.713916026346851e-05,7.325116908106102,13.212207794189453,0.5902022271442438,6.916968231962528e-06,9.138841414824128e-05,0.0002986266335938126,0.0646858736872673,0.0035627514589577913,0.9979493305104142,0.9945303559166857,0.9028033684290837,2.948443804338582,3.43975370883329,0.007250116156133023,0.005944545772784368,0.0014031319926982332,4.4479968670784974e-08,0.000348601073162259,0.0,0.004440659028772236,1.6326667076119898,4.76837158203125e-07,3.3783296826683795e-07,0.4179815649986267
libero_goal_t08_ep003_s0016_approach,libero_goal,8,approach,3,16,6.7309597397979815e-06,7.914044181234203e-05,0.0001810825924621895,1.5305249689845368e-07,1.9635665012174286e-05,11.757675706245912,26.902938842773438,0.6817935286359952,5.465540198201779e-06,0.00014703907072544098,0.000510380370542407,0.1110537126660347,0.0040817055851221085,0.9980737869077592,0.9962534332799268,0.9232893205920502,2.912129727626905,3.474611433792085,0.04462231267615333,0.043981768897762855,0.0036718917084345892,3.219467777282671e-08,0.00038928290602063516,0.0,0.004404553196664852,10.130951014495988,4.76837158203125e-07,3.3783296826683795e-07,0.22051285207271576
libero_goal_t08_ep003_s0032_pre_grasp,libero_goal,8,pre_grasp,3,32,9.948831575457007e-06,6.360092083923519e-05,0.00015681239892728627,2.527029892007704e-07,1.8608330719871446e-05,6.3928030499715875,15.76189136505127,0.5855422655608341,8.078451173787471e-06,0.00012733165931422263,0.00044832343701273203,0.09689489752054214,0.003868150757625699,0.9977411879148547,0.9942277981231403,0.8912029354543374,2.9112248828601843,3.5558864470625977,0.007756145152241966,0.007319503179126797,0.0020152851248169804,2.540004423300738e-08,0.0004197312328093694,0.0,0.003783313172841072,2.050093343559371,4.76837158203125e-07,3.3783296826683795e-07,0.21431247889995575
libero_goal_t08_ep003_s0048_manipulation,libero_goal,8,manipulation,3,48,9.089130799111445e-06,7.218358587124385e-05,0.0004900039057247341,2.409415174042806e-07,2.0104460418224335e-05,7.941747947812626,53.91097640991211,0.617285564495766,7.3803739724098705e-06,0.00039788315189071,0.0013202796690165997,0.2861686944961548,0.004179154988378286,0.9976088635843442,0.992011186770428,0.857188668268864,2.9720509565683306,3.4661138577599164,0.019000546997964874,0.015459211135302051,0.0030054800593783196,3.837015907216172e-08,0.0002723987574599442,0.0,0.005952947263756943,3.1917882279329164,5.960464477539062e-07,3.3783296826683795e-07,0.4388442635536194
libero_goal_t08_ep004_s0016_approach,libero_goal,8,approach,4,16,6.881647095724475e-06,8.587266165704932e-05,0.00023582497669849545,1.0105738823540378e-07,1.957250242412556e-05,12.478504123002978,34.268680572509766,0.6604252219810179,5.587898158410098e-06,0.00019148988940287381,0.0006333242054097354,0.12311504036188126,0.0040685757994651794,0.9983055333028152,0.9957606145571068,0.9078366998550393,2.934419292670136,3.453394924406077,0.07181726558449199,0.0776890366761632,0.0063163833798339925,3.26532600765555e-08,0.0006458731233612534,0.0,0.005116759094252435,14.035694130130741,4.76837158203125e-07,3.3783296826683795e-07,0.2076507955789566
libero_goal_t08_ep004_s0032_pre_grasp,libero_goal,8,pre_grasp,4,32,9.033531569002662e-06,6.659827340627089e-05,0.00017546029994264245,2.6573229661153164e-07,1.7830539945862256e-05,7.372340805759049,19.4232234954834,0.5858141018082025,7.335227564908564e-06,0.0001424737711204216,0.0005148918717168272,0.07702934741973877,0.003706469899043441,0.9977976939803158,0.9939316777294576,0.8711499580376897,2.9362227653427753,3.550738230030272,0.0064929034364090135,0.006057647896386892,0.0018203421561879503,2.352889963159269e-08,0.00022953747898573964,0.0,0.004310518921136543,1.5062927585287218,4.76837158203125e-07,3.219970476919798e-07,0.2120295614004135
libero_goal_t08_ep004_s0056_manipulation,libero_goal,8,manipulation,4,56,9.24754021980334e-06,5.338044411473675e-05,9.220122592523694e-05,2.714063214170892e-07,1.638932189962361e-05,5.772393830785841,9.970351219177246,0.5545420114453391,7.509002443839563e-06,7.486739195883274e-05,0.00027199785108678043,0.05518162250518799,0.0034068813547492027,0.9975816834515907,0.9940096417944609,0.8872885194934005,2.9637158443772322,3.589794253925215,0.006404142939141489,0.005293438832486308,0.0013092859194320807,4.193316182381099e-08,0.00018644002173177215,0.0,0.004190878902248913,1.5281145288414066,4.76837158203125e-07,3.219970476919798e-07,0.42412275075912476
libero_goal_t08_ep005_s0016_approach,libero_goal,8,approach,5,16,8.94799995876383e-06,8.333058758580592e-05,0.0005014748312532902,1.2238950830578688e-07,2.2363859898177907e-05,9.312761284066665,56.04323196411133,0.6776374696539901,7.265775820997078e-06,0.00040719759999774396,0.0013132725143805146,0.32777175307273865,0.0046488200314342976,0.9982819295033188,0.996204795147631,0.9171244373235675,2.9361188448785382,3.521084669097238,0.05689888214637331,0.0653367050163417,0.007636230392009278,4.073101014132096e-08,0.00039909197504639005,0.0,0.00487130571748127,11.680417006509114,4.76837158203125e-07,3.3783296826683795e-07,0.22104409337043762
libero_goal_t08_ep005_s0032_pre_grasp,libero_goal,8,pre_grasp,5,32,1.0502102668397129e-05,6.601148197660223e-05,0.00015102361794561148,9.96520341800533e-08,2.0326006051618606e-05,6.285549100109603,14.380322456359863,0.5854146045187097,8.527707905159332e-06,0.00012263117241673172,0.00045186036732047796,0.09600988775491714,0.00422520749270916,0.9968406672007324,0.9938394083314259,0.8844152933546959,2.9983158245539583,3.5406267852014155,0.007627873904282079,0.007555419483768692,0.001802938953009212,2.993326183269182e-08,0.0005314385893514543,0.0,0.005854054129041019,1.3030070676048973,4.76837158203125e-07,3.3783296826683795e-07,0.17854280769824982
libero_goal_t08_ep005_s0056_manipulation,libero_goal,8,manipulation,5,56,9.769234566192608e-06,8.263202471425757e-05,0.00026206954498775303,4.5689637317991583e-07,2.084385050693527e-05,8.458392943108743,26.826005935668945,0.6207099233712563,7.93261824583169e-06,0.00021280045621097088,0.000692369241733104,0.17893590033054352,0.004332852549850941,0.9984671835660334,0.9943615529869535,0.8770873865110246,2.965036551074795,3.5715677370135994,0.007610935590581007,0.005460452929271846,0.0016723438391590111,3.962227587808417e-08,0.00046233243723629934,0.0,0.004436640854404809,1.7154725478905233,4.76837158203125e-07,3.219970476919798e-07,0.39946407079696655
libero_goal_t08_ep006_s0016_approach,libero_goal,8,approach,6,16,8.171205990947783e-06,9.092107211472467e-05,0.00021418450342025608,1.673717093808591e-07,2.0690884412033483e-05,11.127007716541323,26.21210479736328,0.666371042263295,6.63501941744471e-06,0.0001739178114803508,0.0006123374914750457,0.14046384394168854,0.004301055334508419,0.9982218471046006,0.9961833371480888,0.9072857061112383,2.9415577300790394,3.5229920173604494,0.06882079471856786,0.07250461365977123,0.005979908058989535,3.164833240704851e-08,0.0003474755727922649,0.0,0.005170846124243008,13.309387489971568,4.76837158203125e-07,3.3783296826683795e-07,0.21975615620613098
libero_goal_t08_ep006_s0032_pre_grasp,libero_goal,8,pre_grasp,6,32,1.0762351848825347e-05,7.517740232287906e-05,0.0002184939366998151,2.175829791895012e-07,2.0184959794278257e-05,6.985220644973085,20.30169105529785,0.5802514060962345,8.739028999116272e-06,0.0001774170814314857,0.0006181675125844777,0.11061485856771469,0.004195888061076403,0.9981610494392309,0.9950582227054245,0.8925724326695659,2.966522258222599,3.487397642474881,0.13401322908528499,0.13293136942184197,0.0017235495146469247,2.984698409092528e-08,0.0003827772872627796,0.0,0.004139830282686996,32.37167225084948,4.76837158203125e-07,3.3783296826683795e-07,0.20081022381782532
libero_goal_t08_ep006_s0056_manipulation,libero_goal,8,manipulation,6,56,1.0273595762555487e-05,8.432104550593067e-05,0.00025775618269108236,3.858662296352122e-07,2.140756623703055e-05,8.207549474864328,25.089189529418945,0.6244338045961967,8.342160072061233e-06,0.00020929799939040095,0.0006956009310670197,0.14790843427181244,0.0044500334188342094,0.9976374742504005,0.9949344815747311,0.8939309624628061,2.9656454204023115,3.425840884581575,0.014575375166853524,0.01116648468272618,0.0035824547494765643,3.7961494462946794e-08,0.00037849826010918794,0.0,0.0056642656451467484,2.5732153256869204,7.152557373046875e-07,3.219970476919798e-07,0.3705022931098938
libero_goal_t08_ep007_s0024_approach,libero_goal,8,approach,7,24,6.123367711552419e-06,6.371444760588929e-05,0.00013495802704710513,1.0686511586754932e-07,1.5187903045443818e-05,10.405131719541332,22.039836883544922,0.6575905036427899,4.972174792783335e-06,0.00010958591155940667,0.0003870475629810244,0.08157771825790405,0.0031571397557854652,0.9984771972991531,0.9960123884184023,0.9058773460746167,2.9533948977705355,3.5538708212873127,0.037020903615992896,0.032691587598313525,0.0028837403311103476,3.5111249258975035e-08,0.00028627164377361953,0.0,0.004170562195414918,8.876717785600555,4.76837158203125e-07,3.3783296826683795e-07,0.21710596978664398
libero_goal_t08_ep007_s0040_pre_grasp,libero_goal,8,pre_grasp,7,40,9.78498428594321e-06,5.454440452012932e-05,0.0001496450713602826,1.764316266417154e-07,1.7149744962807745e-05,5.574296588139241,15.29333782196045,0.5601181739448416,7.94540665083332e-06,0.00012151178816566244,0.00037438786239363253,0.10114482790231705,0.003564951941370964,0.997324187457084,0.9952012760357061,0.8901526855878538,2.9568364378090317,3.4515749126427426,0.0068627774329367034,0.0061655505267026985,0.0021792185011013324,2.129750509239387e-08,0.00029217986978907767,0.0,0.004723108058080114,1.453021474110914,4.76837158203125e-07,3.3783296826683795e-07,0.19710376858711243
libero_goal_t08_ep007_s0056_manipulation,libero_goal,8,manipulation,7,56,9.654682799009606e-06,5.567644984694198e-05,0.00014581919822376221,2.0355859930987208e-07,1.640921618673019e-05,5.766781882534076,15.103468894958496,0.5735279518138925,7.83960240369197e-06,0.000118405201646965,0.0004386704822536558,0.08021318167448044,0.003411016194149852,0.9971489471274891,0.9942621309224079,0.8835955977721829,2.9086244443877938,3.441971741057758,0.010147256203714015,0.0075787836447591675,0.0018515556414911085,3.804707971573184e-08,0.000285275277823106,0.0,0.004654932126121444,2.179893482607845,4.76837158203125e-07,3.3783296826683795e-07,0.4253733456134796
libero_goal_t08_ep008_s0016_approach,libero_goal,8,approach,8,16,7.2000302679953165e-06,7.998577711987309e-05,0.00025600369554013014,1.4400497150290903e-07,2.1249115889077075e-05,11.109089009724858,35.5559196472168,0.6707291232101287,5.8464247558731586e-06,0.00020787498215213418,0.0006923205801285803,0.13949483633041382,0.004417096264660358,0.9984943636987869,0.9957842183566034,0.9124191748683911,2.9406633547336156,3.473243258920969,0.06588816399380756,0.07104822157921148,0.006480708141915958,3.203020527588983e-08,0.0005284239804329553,0.0,0.004901481073447854,13.442500951546016,4.76837158203125e-07,3.3783296826683795e-07,0.2373145967721939
libero_goal_t08_ep008_s0032_pre_grasp,libero_goal,8,pre_grasp,8,32,9.79724973149132e-06,7.518042912124656e-05,0.00018958449072670192,1.8332441698021285e-07,1.975959457922727e-05,7.673625882944879,19.350786209106445,0.6132400634123327,7.955366527312435e-06,0.0001539426011731848,0.000506508513353765,0.13087566196918488,0.004107466898858547,0.9977948329137102,0.9955024032959487,0.8933530270084687,2.949351369068598,3.562722423708912,0.1320351418362462,0.13220857112181028,0.0015257163985670178,2.768293829631679e-08,0.0003562862693684377,0.0,0.06907373910762389,1.9115099825495485,4.76837158203125e-07,3.3783296826683795e-07,0.21221157908439636
libero_goal_t08_ep008_s0056_manipulation,libero_goal,8,manipulation,8,56,8.67476046551019e-06,6.979698810027912e-05,0.00013163038238417357,3.3363639317940397e-07,1.7379712517140433e-05,8.04598448312015,15.1739501953125,0.6069948490105125,7.043906407488976e-06,0.00010688387556001544,0.00037903586053289473,0.07841833680868149,0.003612755797803402,0.9982132639047837,0.9936913481345846,0.8746807526512551,2.975573527253424,3.561921162126321,0.005623524903041768,0.003220701830609525,0.001201652740432096,2.8591284948549825e-08,0.0002782564163409393,0.0,0.005206031541091761,1.0801941668341206,9.5367431640625e-07,3.219970476919798e-07,0.3893105089664459
libero_goal_t08_ep009_s0016_approach,libero_goal,8,approach,9,16,9.462905836699065e-06,0.00010800603013194632,0.0003271159075666219,1.715061443974264e-07,2.6414327294332907e-05,11.41362198840414,34.56822967529297,0.6752729506969092,7.683878720854409e-06,0.00026561811682768166,0.0008119439589791,0.2243853211402893,0.005490798968821764,0.9981631952391852,0.9959258411535821,0.9090800717174029,2.9997248171900477,3.5722084556980125,0.06264547910696573,0.07205712646354936,0.007696282195285404,3.054559563073041e-08,0.00045031801409963325,0.0,0.005221223281253462,11.998237909474424,7.152557373046875e-07,3.3783296826683795e-07,0.23585793375968933
libero_goal_t08_ep009_s0032_pre_grasp,libero_goal,8,pre_grasp,9,32,9.311192116001621e-06,7.689736230531707e-05,0.00015331024769693613,1.5389530005904817e-07,1.8775226635625586e-05,8.258594747837517,16.465158462524414,0.5976257731420483,7.560688572993968e-06,0.00012448792404029518,0.00042382869287393987,0.0971970185637474,0.003902843687683344,0.9978978313115129,0.9953915369649805,0.88608234149691,2.958501040297928,3.4792268618150013,0.006805781032752542,0.007810378924043567,0.0020074477598627364,2.995808855352819e-08,0.0002850941572179355,0.0,0.00455650253156442,1.4936414466153847,4.76837158203125e-07,3.219970476919798e-07,0.2152567058801651
libero_goal_t08_ep009_s0056_manipulation,libero_goal,8,manipulation,9,56,9.585786756360903e-06,6.55975381960161e-05,0.000195632383110933,1.5473442260827142e-07,1.85919943760382e-05,6.843208581965076,20.408588409423828,0.5923965458166734,7.783658475091215e-06,0.0001588534942129627,0.000499097106512636,0.08740831166505814,0.0038647553883492947,0.9980938143739986,0.9940582799267567,0.8770780880445562,2.9694512334148766,3.5682174148373815,0.007112135658073959,0.0059352214311657134,0.0015450391319626277,3.367051745905756e-08,0.00035559158654449255,0.0,0.004603267401979069,1.545019013020243,4.76837158203125e-07,3.219970476919798e-07,0.4259204864501953
libero_object_t00_ep000_s0024_approach,libero_object,0,approach,0,24,6.095473963796394e-06,7.464133341272827e-05,0.0007649508188478649,2.279804931504259e-07,2.322729051229544e-05,12.245369901677018,125.49488830566406,0.721660419378046,4.949524736730382e-06,0.0006211400614120066,0.0019901676569133997,0.5957692861557007,0.004828302655369043,0.9986023689631495,0.9968270771343557,0.9243135824368659,2.921382493006883,3.4933620078957865,0.04498479736411951,0.04931211111325756,0.005430317888047666,2.741165028486696e-08,0.0005339256179763479,0.0,0.004159864325872509,10.81400590022469,4.76837158203125e-07,3.219970476919798e-07,0.1828412115573883
libero_object_t00_ep000_s0040_pre_grasp,libero_object,0,pre_grasp,0,40,8.58395105751697e-06,7.039951742626727e-05,0.00016924952797126025,2.2970625934704003e-07,1.810453977668658e-05,8.201295295669047,19.71697235107422,0.6121910724649422,6.970168215048034e-06,0.0001374306157231331,0.0004167594888713211,0.10176507383584976,0.0037634274922311306,0.9981724937056534,0.9957720588235294,0.9053544861524375,2.9436800781320036,3.451306328209657,0.00805167950094659,0.00499424462086971,0.00209906807702001,2.797169043536372e-08,0.00037424370789214254,0.0,0.0036908357859604096,2.1815328472684747,4.76837158203125e-07,3.3783296826683795e-07,0.23171743750572205
libero_object_t00_ep000_s0056_manipulation,libero_object,0,manipulation,0,56,5.344964847608935e-06,6.459447649831418e-05,0.00010997834033332765,5.763424226756797e-08,1.544363476568833e-05,12.085107823900929,20.576065063476562,0.6492914311253912,4.340111445344519e-06,8.930240437621251e-05,0.00030668583349324763,0.06459138542413712,0.0032102996483445168,0.9982619020370794,0.9945196269169146,0.9044840066376745,2.9737989038731794,3.5455279461259215,0.01108313267240125,0.011117983058788163,0.0022284850665158468,2.8367689888739082e-08,0.00040202926494245316,0.0,0.0038159438972117446,2.9044275730834346,3.5762786865234375e-07,3.3783296826683795e-07,0.3564680516719818
libero_object_t00_ep001_s0024_approach,libero_object,0,approach,1,24,5.868088010174688e-06,8.186793274944648e-05,0.00023507664445787668,2.3026763074085466e-07,2.0525691070361063e-05,13.951381200741286,40.060176849365234,0.6739462339690302,4.764887307828758e-06,0.00019088223052676767,0.0005895059439353645,0.16613148152828217,0.004266716539859772,0.998470044632639,0.9953250171663997,0.9209470607309073,2.9720109345433245,3.4903401612727563,0.014972041663455903,0.019820752429555985,0.0033183744568224273,3.333046671944514e-08,0.00038371781065107383,0.0,0.004963611574153272,3.0163604544358287,4.76837158203125e-07,3.3783296826683795e-07,0.18345168232917786
libero_object_t00_ep001_s0048_pre_grasp,libero_object,0,pre_grasp,1,48,8.521168638253585e-06,8.746634557610378e-05,0.00022174934565555304,2.036110657854806e-07,2.1402291167760268e-05,10.264595067799295,26.02334976196289,0.6421819755962964,6.919188763276907e-06,0.00018006045138463378,0.0006184972589835525,0.16166836023330688,0.004448937717825174,0.998415684367132,0.9960080968184939,0.9119137197680628,2.945166774952976,3.561766199364557,0.008764622625532207,0.006895950083128637,0.0022153132960371844,2.877765294266095e-08,0.00026773502901283,0.0,0.0051780907853507235,1.6926359519087806,3.5762786865234375e-07,3.3783296826683795e-07,0.2630341351032257
libero_object_t00_ep001_s0064_manipulation,libero_object,0,manipulation,1,64,6.887618383188965e-06,8.331333083333448e-05,0.0002362681698286906,2.1612976297546993e-07,1.982871617656201e-05,12.09610146762522,34.30331802368164,0.668889061278439,5.592746219917899e-06,0.00019184977281838655,0.0006174325826577842,0.14468790590763092,0.0041218348778784275,0.9979965381094071,0.9950932707713436,0.9004723144121461,2.9810886095539275,3.5655073348132382,0.030571085008489304,0.030123818422726323,0.0038928464162341116,3.800843738668685e-08,0.0005158261429722288,0.0,0.004228772190605638,7.229305252338733,4.76837158203125e-07,3.3783296826683795e-07,0.35267511010169983
libero_object_t00_ep002_s0024_approach,libero_object,0,approach,2,24,4.957380042469595e-06,7.050483509374317e-05,0.0001607289450475946,2.645620895691536e-07,1.7080215911846608e-05,14.222196904359205,32.42215347290039,0.6732917430215877,4.02539262722712e-06,0.00013051189307589084,0.0005119008128531277,0.11286171525716782,0.003550498280674219,0.9980258640421149,0.9959487296864271,0.9014152742809186,2.9656350994599787,3.4701136200200553,0.005641846563374701,0.005858588271942716,0.0012462340297847323,2.6396406392708867e-08,0.00029010726055323074,0.0,0.0044638178158317,1.2639060992509414,7.152557373046875e-07,3.3783296826683795e-07,0.16421779990196228
libero_object_t00_ep002_s0048_pre_grasp,libero_object,0,pre_grasp,2,48,8.531607818440534e-06,7.842626473575365e-05,0.00018245122919324785,2.691371889795846e-07,1.989692827919498e-05,9.192436690097288,21.38532829284668,0.6253254702728525,6.927665708644781e-06,0.00014815038593951613,0.0004770941159222275,0.12323561310768127,0.004136014264076948,0.9980458915083543,0.994702735179675,0.9155882829785611,2.9393954029206935,3.523820999465605,0.008595065342471148,0.006841244284497864,0.002097690175460994,2.496396220043341e-08,0.0003790605320168255,0.0,0.004415997350918004,1.946347486074554,4.76837158203125e-07,3.3783296826683795e-07,0.23437711596488953
libero_object_t00_ep002_s0064_manipulation,libero_object,0,manipulation,2,64,8.942297426983714e-06,8.77407564985333e-05,0.00019916829478461295,8.465081435815591e-08,2.0758363461936824e-05,9.81188080747262,22.27260971069336,0.6547608335968342,7.261146038217703e-06,0.00016172467439901084,0.000582250184379518,0.1194131001830101,0.00431508244946599,0.9972211890592813,0.9952069981689173,0.9011182001983672,2.928084148446194,3.4819093495580065,0.018265412428124975,0.0202455812577496,0.003254640500844096,3.251541179499358e-08,0.00039470626244641485,0.0,0.004079538164365369,4.477323582280158,3.5762786865234375e-07,3.3783296826683795e-07,0.37446436285972595
libero_object_t00_ep003_s0024_approach,libero_object,0,approach,3,24,6.053673132555559e-06,8.244644595833961e-05,0.00016563890676479787,2.990524023971375e-07,2.017165934375953e-05,13.619243086475471,27.361719131469727,0.673089517538778,4.915582394460216e-06,0.0001344987831544131,0.0004684102314058691,0.09265344589948654,0.004193123430013657,0.9983076791027695,0.9960910677500572,0.9200391489280536,2.9651526409985887,3.5162086559837196,0.005260497012978758,0.006848551821474167,0.0012808527975274294,2.799671795580981e-08,0.00025518516384420107,0.0,0.004259273750011306,1.2350690098199946,4.76837158203125e-07,4.319687170184494e-07,0.16457200050354004
libero_object_t00_ep003_s0048_pre_grasp,libero_object,0,pre_grasp,3,48,9.487159331911243e-06,7.706201540713664e-05,0.00016670806508045644,3.121829195151804e-07,2.193280670326203e-05,8.12277023196279,17.57196807861328,0.6145556753156766,7.7035729191266e-06,0.00013536693586502224,0.0004304455651436001,0.09462179988622665,0.0045592160895466805,0.9984006637674525,0.9951726653696498,0.9188460841535058,2.9634147858509206,3.4733738190004186,0.0070181012663873025,0.0034689780088949973,0.002108227205339054,2.8990921408447214e-08,0.0004158313080412897,0.0,0.005457257085813494,1.2860125803182934,4.76837158203125e-07,4.478046375933076e-07,0.26984721422195435
libero_object_t00_ep003_s0064_manipulation,libero_object,0,manipulation,3,64,7.055070454953238e-06,7.249446389323566e-05,0.0002950458147097379,1.5052945911975257e-07,1.908262856886722e-05,10.275512392982355,41.82039260864258,0.6383415176266527,5.7287170420750044e-06,0.00023957720259204507,0.0007825823849998415,0.2083788961172104,0.003966744523495436,0.9980780785076676,0.9951125829709315,0.8908085851071945,2.9536907956322893,3.516429507779254,0.02497313823845184,0.02993063335933767,0.004903851455087843,3.957612203813668e-08,0.0007525881629901656,0.0,0.004034785546878148,6.189458633749299,5.960464477539062e-07,4.319687170184494e-07,0.36521926522254944
libero_object_t00_ep004_s0024_approach,libero_object,0,approach,4,24,5.457986389956204e-06,7.091506449796725e-05,0.00015825066657271236,2.666178886556736e-07,1.7858805222203955e-05,12.992898741643122,28.99433135986328,0.6526254946364112,4.431884917721618e-06,0.00012849953782279044,0.00042787412530742586,0.11906522512435913,0.003712346078827977,0.9986052300297551,0.9968542572671092,0.9275577935454337,2.9748970191725945,3.5508673134336686,0.005818441306042504,0.007578112758745369,0.0011555381102429233,2.5762792258241605e-08,0.0003233076330757666,0.0,0.004322006558934694,1.346236112024008,4.76837158203125e-07,3.3783296826683795e-07,0.15044549107551575
libero_object_t00_ep004_s0048_pre_grasp,libero_object,0,pre_grasp,4,48,8.339920896105468e-06,8.133071605698206e-05,0.00018097813881468028,2.8994739409426984e-07,2.0726121874758974e-05,9.751976915627754,21.70022201538086,0.6354867676467678,6.772015694878064e-06,0.00014695424761157483,0.0004950755974277854,0.10235545784235,0.004308380652219057,0.9985794804303044,0.9964165140764477,0.9162348840314335,2.9440588607836418,3.443495248417994,0.0070774383636615975,0.005688024698252022,0.0018622651232856958,3.020087452218334e-08,0.00030475360935467387,0.0,0.0045392612261365576,1.559160843819805,7.152557373046875e-07,3.3783296826683795e-07,0.21559034287929535
libero_object_t00_ep004_s0064_manipulation,libero_object,0,manipulation,4,64,6.5071426433860324e-06,7.172427285695449e-05,0.00019628985319286585,7.340549501577698e-08,1.8398666725261137e-05,11.022391360954138,30.16529083251953,0.6544645186311329,5.283799964672653e-06,0.00015938736032694578,0.0005135025712661445,0.11246546357870102,0.003824567887932062,0.997475108720531,0.9958042458228428,0.9126015678644999,2.948203164074002,3.5089012771129493,0.02155755160997808,0.023605102582988646,0.004194669686655818,3.426081928004932e-08,0.0005059097602584229,0.0,0.0044796094686892305,4.812372989354804,4.76837158203125e-07,4.478046375933076e-07,0.3521483838558197
libero_object_t00_ep005_s0024_approach,libero_object,0,approach,5,24,5.70847714698175e-06,7.632133019797038e-05,0.0004364360647741705,2.3836598472826154e-07,2.0849434804404154e-05,13.369823200277478,76.45402526855469,0.7010711096474336,4.635283403331414e-06,0.00035438613849692047,0.001123415189795196,0.332643061876297,0.004334013909101486,0.998357747768368,0.9967827306019684,0.9249775883115893,2.941335100148792,3.5022517138061513,0.01894112380726781,0.022198964596715255,0.0035522671164984827,2.3750029990229816e-08,0.00042364995105637933,0.0,0.0041292704840248246,4.587038771266392,4.76837158203125e-07,3.3783296826683795e-07,0.16545212268829346
libero_object_t00_ep005_s0048_pre_grasp,libero_object,0,pre_grasp,5,48,8.523040378349833e-06,8.908716699806973e-05,0.00018095807172358036,2.7489730314300687e-07,2.2078684196458198e-05,10.45251025964494,21.23163414001465,0.6391794675234255,6.92070898367092e-06,0.00014693794946651906,0.0005152799421921372,0.10940397530794144,0.00458953995257616,0.9980451762417029,0.9960617418173495,0.9122460803387503,2.9516418256265897,3.515588842026487,0.00996875743815211,0.00440439922169917,0.0033235687742858558,2.7410520187146952e-08,0.0002966928038918325,0.0,0.005588652402594654,1.7837497700740694,4.76837158203125e-07,3.3783296826683795e-07,0.24953524768352509
libero_object_t00_ep005_s0064_manipulation,libero_object,0,manipulation,5,64,8.885095667210408e-06,8.954970689956099e-05,0.0002552688820287585,1.555745114956153e-07,2.2498050384456292e-05,10.078642960484443,28.730009078979492,0.6395729480439301,7.2146976890508085e-06,0.0002072783390758559,0.0007167523726820946,0.17979109287261963,0.004676714073866606,0.9976160162508583,0.9937635900663767,0.8751320859082933,2.973100102442765,3.492290387640545,0.03511047488027631,0.038297511253010265,0.005653709370612564,3.9039447773570484e-08,0.0005826086530100062,0.0,0.004593874239243876,7.642889868499162,5.960464477539062e-07,3.3783296826683795e-07,0.40396103262901306
libero_object_t00_ep006_s0024_approach,libero_object,0,approach,6,24,5.24689403391676e-06,7.286913751158863e-05,0.00015177529712673277,3.0056796163080435e-07,1.7982616554945707e-05,13.88805206290634,28.926692962646484,0.6624884301998589,4.260477908246685e-06,0.0001232415233971551,0.0004002791829407215,0.09498804807662964,0.0037380822468549013,0.9983649004348821,0.995659046692607,0.9208764877546348,2.927692037056568,3.560218867083253,0.006101458686037254,0.00470302272415168,0.0013450278053229517,2.76739848492918e-08,0.0003471753506384045,0.0,0.0048676572616612405,1.2534692477413538,3.5762786865234375e-07,3.3783296826683795e-07,0.18966293334960938
libero_object_t00_ep006_s0048_pre_grasp,libero_object,0,pre_grasp,6,48,6.482739081548061e-06,7.919199379102793e-05,0.00015120486204978079,1.832014362435075e-07,1.8981032553710975e-05,12.215823094968227,23.3242244720459,0.6613586893355645,5.2639838941104244e-06,0.00012277835048735142,0.000397144554881379,0.08468317985534668,0.003945625387132168,0.9981038281071183,0.9959365701533531,0.9116962787060349,2.9479099771582726,3.45998121124738,0.008019070511833558,0.005232213022556239,0.002090951346649992,2.6140508095869546e-08,0.00040412400659917044,0.0,0.0040960702544170224,1.95774730747993,4.76837158203125e-07,3.3783296826683795e-07,0.22764913737773895
libero_object_t00_ep006_s0064_manipulation,libero_object,0,manipulation,6,64,8.683068699610885e-06,8.700392208993435e-05,0.00026100166724063456,7.968693438442642e-08,2.2645726858172566e-05,10.01995090673799,30.05868911743164,0.6727545172523128,7.0506521296920255e-06,0.00021193335123825818,0.0006961475592106581,0.16019093990325928,0.0047074127942323685,0.9984864957656214,0.9958671892881666,0.9116710059510185,2.96246016814039,3.5208424806669827,0.018199866651005085,0.017117664123870734,0.003155928647813541,3.110434156699363e-08,0.0002564655629919707,0.0,0.004298538311887087,4.233966369608841,4.76837158203125e-07,3.3783296826683795e-07,0.39237648248672485
libero_object_t00_ep007_s0024_approach,libero_object,0,approach,7,24,6.647755981248338e-06,7.966891280375421e-05,0.0002474610519129783,3.435056612488552e-07,2.045221481239423e-05,11.984331709599502,37.22475051879883,0.6701681440747995,5.397977929533226e-06,0.0002009383897529915,0.0006476384587585926,0.1750212460756302,0.004251442849636078,0.9980566205081254,0.9955431734950789,0.9245741779201954,2.964820828107392,3.5053147258204693,0.008425009218474527,0.014109618351488416,0.0019136240034713543,3.065896779638878e-08,0.0002671821928844323,0.0,0.00474458530265319,1.7757103479124363,4.76837158203125e-07,4.319687170184494e-07,0.17345097661018372
libero_object_t00_ep007_s0048_pre_grasp,libero_object,0,pre_grasp,7,48,8.035853170440532e-06,8.170737055479549e-05,0.00020576298993546516,2.1597286092855938e-07,2.0709065211121924e-05,10.167852600312782,25.60561752319336,0.6422583662683875,6.525112439703662e-06,0.00016707954637240618,0.000552841171156615,0.12297604233026505,0.004304834641516209,0.998547293430991,0.9960281242847333,0.922396190966659,2.964130675106029,3.510493409923588,0.008922468366670974,0.0056179260894928,0.002274408170113336,2.9512735548699346e-08,0.0004470051817070912,0.0,0.004968660772067142,1.7957491517294522,4.76837158203125e-07,3.3783296826683795e-07,0.23869727551937103
libero_object_t00_ep007_s0064_manipulation,libero_object,0,manipulation,7,64,5.680772574123694e-06,5.957116445642896e-05,0.0002142575103789568,8.407627660744765e-08,1.625605727895163e-05,10.486454734656986,37.71626281738281,0.6617105362348374,4.6127870518830605e-06,0.00017397709598299116,0.0005831196322105825,0.1338241845369339,0.0033791791647672653,0.9983684767681391,0.9954823758297093,0.9031385900663768,2.9537392561360383,3.48526233321079,0.016092039713101285,0.016690610705471575,0.0027282182148349187,4.469326142473719e-08,0.0003401170421754389,0.0,0.004220132815504842,3.8131595417989805,3.5762786865234375e-07,3.219970476919798e-07,0.38776832818984985
libero_object_t00_ep008_s0024_approach,libero_object,0,approach,8,24,5.327302460500505e-06,7.235713565023616e-05,0.0003560139157343656,2.9737205409219314e-07,1.8379181710770354e-05,13.582321669687616,66.82817840576172,0.6934692724042949,4.3257696233922616e-06,0.00028908331296406686,0.0009870805079117417,0.2518422603607178,0.0038205168675631285,0.9986867704280156,0.9965631437399862,0.9151152532997635,2.9590277950332564,3.566805513196064,0.02992565861835124,0.03355831934215334,0.0036012211683375144,2.490557269932617e-08,0.00044732608410864795,0.0,0.005009530396662027,5.973745291233573,2.384185791015625e-07,3.219970476919798e-07,0.17220847308635712
libero_object_t00_ep008_s0040_pre_grasp,libero_object,0,pre_grasp,8,40,5.869887900189497e-06,7.400380854960531e-05,0.000136949893203564,2.6631926175468834e-07,1.7693757399683818e-05,12.60736317421262,23.330921173095703,0.659900908668159,4.766348865814507e-06,0.00011120332783320919,0.0003999630862381309,0.084547258913517,0.003678036853671074,0.9981374456397345,0.9963550011444267,0.9048583295185778,2.934820784926365,3.512504528343309,0.010700710457008192,0.009466704246375563,0.0020800810345178986,3.0046882517636994e-08,0.0004111033971763834,0.0,0.003775547967787103,2.8342138805562618,4.76837158203125e-07,3.3783296826683795e-07,0.22314909100532532
libero_object_t00_ep008_s0056_manipulation,libero_object,0,manipulation,8,56,7.68191421229858e-06,7.185441063484177e-05,0.00035009579733014107,5.928062662974298e-08,1.7538746760692447e-05,9.353711672515738,45.574031829833984,0.6629602404677372,6.237715297174873e-06,0.0002842778048943728,0.0008994995732791722,0.18708114326000214,0.0036458144895732403,0.9982289997711147,0.9951891165026322,0.9063863775082016,2.9444149411671603,3.604648963979275,0.009215155672725447,0.009440743114544787,0.0017675503284298047,3.2920639295379885e-08,0.0005090824229784037,0.0,0.00379760920419508,2.4265676580270035,3.5762786865234375e-07,3.3783296826683795e-07,0.3910420536994934
libero_object_t00_ep009_s0024_approach,libero_object,0,approach,9,24,6.024399226589594e-06,6.26033179287333e-05,0.00019401258032303303,2.80582327150114e-07,1.769909795257263e-05,10.391628372240692,32.2044677734375,0.6623581428316313,4.89181229568203e-06,0.00015753821935504675,0.0004917000769637525,0.13449294865131378,0.0036791469901800156,0.9985658903639276,0.9963228141451133,0.9103444247348745,2.9221757023221047,3.5329932311533687,0.004434545620812673,0.006874164227519178,0.0007889176223638244,2.7870018388423776e-08,0.0003461645933699066,0.0,0.0046573932808014525,0.952151848351009,4.76837158203125e-07,4.319687170184494e-07,0.14019927382469177
libero_object_t00_ep009_s0048_pre_grasp,libero_object,0,pre_grasp,9,48,8.534361768397503e-06,8.48936069814954e-05,0.00014272502448875457,2.9313602567526686e-07,2.082690662064124e-05,9.947270725721284,16.723573684692383,0.6348176262015891,6.929902156116441e-06,0.00011589271161938086,0.00043575550080277026,0.09825387597084045,0.004329330287873745,0.9982869363698786,0.9958400091554132,0.9093039501792934,2.932056418238006,3.5260949724064634,0.007502368506363635,0.00462579164014692,0.0017718833408526152,2.9139332107707185e-08,0.000275810343286578,0.0,0.0042280646245710166,1.7744214368825624,4.76837158203125e-07,3.3783296826683795e-07,0.23908475041389465
libero_object_t00_ep009_s0064_manipulation,libero_object,0,manipulation,9,64,5.412602149590384e-06,6.588947508134879e-05,0.00019587510905694216,6.773123573111661e-08,1.5348981833085418e-05,12.173345326394475,36.18871307373047,0.6583205322812925,4.395033101900481e-06,0.0001590505853528157,0.0005543372826650739,0.12852458655834198,0.0031906235963106155,0.9980358777752346,0.9939538509956511,0.9010538261997406,2.941043605114032,3.5630150568622905,0.013853391691787186,0.015380535650804463,0.002451694946944386,3.533244059790857e-08,0.0003477002227393482,0.0,0.0036907147183645435,3.7535796583936465,7.152557373046875e-07,3.3783296826683795e-07,0.38343629240989685
libero_spatial_t02_ep000_s0024_approach,libero_spatial,2,approach,0,24,7.741161425656173e-06,8.404956861340906e-05,0.00014616991393268108,1.087296013224659e-07,2.0249261069693603e-05,10.857488171587207,18.88216781616211,0.6497509391158449,6.285823474172503e-06,0.00011868996807606891,0.00046552237472496927,0.09504953771829605,0.004209253937005997,0.9985444323643854,0.9964408331425956,0.9257712958724346,2.929196974325232,3.4674177130125523,0.037192891362937505,0.03871940613793194,0.003976888525655133,3.934080071913963e-08,0.000401531225515384,0.0,0.004271670067079784,8.70687360654786,4.76837158203125e-07,3.3783296826683795e-07,0.23122844099998474
libero_spatial_t02_ep000_s0040_pre_grasp,libero_spatial,2,pre_grasp,0,40,8.129141860990785e-06,5.6756122830847744e-05,9.94698129943572e-05,1.6529162394363084e-07,1.544476253911853e-05,6.981809863991016,12.236201286315918,0.5874107208811447,6.600862434424926e-06,8.076948142843321e-05,0.0003252923779655248,0.07025288790464401,0.0032105338759720325,0.9980423151750972,0.9952141508354314,0.8886482413977265,2.9351466831026727,3.501512096821985,0.004804965697152498,0.004022663230882501,0.0008559918999915427,2.4948756827223436e-08,0.0005884068836096335,0.0,0.06822394841886142,0.07042931123910297,4.76837158203125e-07,4.319687170184494e-07,0.19776204228401184
libero_spatial_t02_ep000_s0064_manipulation,libero_spatial,2,manipulation,0,64,9.753341146279126e-06,6.363537431752775e-05,0.00013527041301131248,1.9420765795530315e-07,1.8274111425853334e-05,6.524469242194453,13.869135856628418,0.593750534810773,7.919712516013533e-06,0.00010983958054566756,0.0004113710019737482,0.07790929824113846,0.0037986761890351772,0.9983455882352941,0.9959301327534905,0.8840700579842832,2.9632335692579264,3.495874256561827,0.015680961058922444,0.014108678495615156,0.0034659890839507375,3.9630484062934456e-08,0.0006124950585525119,0.0,0.004542658659631552,3.451934700326857,4.76837158203125e-07,3.3783296826683795e-07,0.4782729744911194
libero_spatial_t02_ep001_s0016_approach,libero_spatial,2,approach,1,16,6.733895133947954e-06,8.236898793256842e-05,0.00020148658950347453,1.2661442383432586e-07,1.955295738298446e-05,12.231997424093692,29.921255111694336,0.6603145738279049,5.467923074320424e-06,0.00016360711015295237,0.0005576445837505162,0.12463752180337906,0.004064512439072132,0.9984063859006638,0.9966103513389791,0.9178971637293049,2.9371755234548576,3.48028864235601,0.056693924332050886,0.060648645519858914,0.005136017803377881,2.4964272417739956e-08,0.0003436549853922032,0.0,0.004530450933376629,12.513969396374382,3.5762786865234375e-07,3.219970476919798e-07,0.2159336507320404
libero_spatial_t02_ep001_s0032_pre_grasp,libero_spatial,2,pre_grasp,1,32,1.0123210813617334e-05,7.712164006079547e-05,0.00016869528917595744,2.451755278798373e-07,2.1176490918151103e-05,7.618298332487017,16.664207458496094,0.604177740571767,8.220046765927691e-06,0.00013698058319278061,0.0005300103221088648,0.10599297285079956,0.0044019995257258415,0.9975952735179675,0.9944774261844815,0.8744678416113527,2.9927705045209687,3.5642399440254864,0.004022241092137245,0.005768990934036337,0.0015348205439987186,3.5487065256891014e-08,0.0004146748585384842,0.0,0.0039232103712727,1.0252422662801075,4.76837158203125e-07,3.3783296826683795e-07,0.22636310756206512
libero_spatial_t02_ep001_s0056_manipulation,libero_spatial,2,manipulation,1,56,7.680320777581073e-06,6.450114778999705e-05,0.00019327086920384318,1.8502203147363616e-07,1.747704482113477e-05,8.398236175014524,25.164426803588867,0.6491608199861769,6.236419721972197e-06,0.00015693595923949033,0.000510964950080961,0.11972685903310776,0.0036329880822449923,0.9980816548409247,0.9962233920805676,0.9003855287251087,2.921657281529317,3.5009719383617783,0.014274897987741524,0.009009227172887494,0.002912868807009794,4.1447591651395356e-08,0.0003818468196369496,0.0,0.004308903232001944,3.312884327901074,5.960464477539062e-07,3.3783296826683795e-07,0.49943089485168457
libero_spatial_t02_ep002_s0016_approach,libero_spatial,2,approach,2,16,6.953382580832113e-06,6.400008896889631e-05,0.00012576847802847624,1.325068978985655e-07,1.748968497850001e-05,9.204166206145585,18.08738136291504,0.632644955454549,5.646146746585146e-06,0.00010212400229647756,0.00035929997102357447,0.08242861181497574,0.003635615576058626,0.9978813801785306,0.9957477397573815,0.9023260471503777,2.91779122485561,3.498423675141826,0.04610460710149463,0.04781177440087407,0.00518452671463968,3.1204022078961285e-08,0.00043191477787808853,0.0,0.004530577483201557,10.17632018709336,4.76837158203125e-07,3.3783296826683795e-07,0.20222456753253937
libero_spatial_t02_ep002_s0032_pre_grasp,libero_spatial,2,pre_grasp,2,32,1.0275978638674133e-05,7.932226617413107e-05,0.00014962056593503803,2.60513246530536e-07,2.000754466280341e-05,7.71919336963177,14.560225486755371,0.6109218986558751,8.344094567291904e-06,0.00012149190297350287,0.0004561948589980602,0.11323525756597519,0.004159008152782917,0.9980537594415197,0.994543230716411,0.8830875200274662,2.9248227892170693,3.452130466208551,0.006520121636048152,0.0054583273791434924,0.0019445959442716402,2.774457203848468e-08,0.000324134184455203,0.0,0.004137929548242265,1.575696627995469,7.152557373046875e-07,2.2786129894036833e-07,0.20713497698307037
libero_spatial_t02_ep002_s0056_manipulation,libero_spatial,2,manipulation,2,56,8.104765583993867e-06,7.725281102466397e-05,0.0001957932981895283,1.9669472806072008e-07,1.8340142560191453e-05,9.531776116662874,24.157798767089844,0.635674010847796,6.581070010724943e-06,0.0001589841558597982,0.0005589508800767362,0.1367027461528778,0.00381240202113986,0.9982654783703364,0.9957463092240787,0.898703459983215,2.9479859435694302,3.5072473680304967,0.021607896481072367,0.017279294445297643,0.004409691787240095,4.0190488598346656e-08,0.000402839068742702,0.0,0.0037033759400478313,5.834648394025395,4.76837158203125e-07,3.3783296826683795e-07,0.4818265736103058
libero_spatial_t02_ep003_s0016_approach,libero_spatial,2,approach,3,16,7.566294698335696e-06,7.403902418445796e-05,0.0001588626328157261,1.1102672914375944e-07,1.964013063115999e-05,9.785374101374058,20.99609375,0.6458895423748721,6.14383134234231e-06,0.00012899645662400872,0.0004390465619508177,0.10153031349182129,0.004082633648067713,0.9978491931792172,0.9962176699473564,0.9175376230258641,2.9444589458302968,3.501520908910515,0.043028717870927984,0.04329284668160475,0.005008158571173654,2.9892615364963046e-08,0.00021920544040220178,0.0,0.004652260262388916,9.248991983271571,7.152557373046875e-07,3.3783296826683795e-07,0.19695864617824554
libero_spatial_t02_ep003_s0032_pre_grasp,libero_spatial,2,pre_grasp,3,32,8.78281207405962e-06,5.112714188726386e-05,0.00015367324522230774,1.6557947901674197e-07,1.5490859368583187e-05,5.821272441689818,17.49704360961914,0.5683006999607819,7.1316435423796065e-06,0.00012478267308324575,0.0003992603160440922,0.09954874962568283,0.003220115788280964,0.9981174181734951,0.9946855687800412,0.8806942378118562,2.9721270996895903,3.4940188818116997,0.0055894871654440246,0.005424741785017615,0.0018478203048080083,2.3023844581934863e-08,0.00029817976705490856,0.0,0.003765177558576606,1.484521534107168,4.76837158203125e-07,3.3783296826683795e-07,0.2104421854019165
libero_spatial_t02_ep003_s0056_manipulation,libero_spatial,2,manipulation,3,56,8.059843821683899e-06,6.63160317344591e-05,0.00016525205865036696,2.1600790489628707e-07,1.6323914678650908e-05,8.22795493332575,20.50313377380371,0.6072206671023437,6.544593361468287e-06,0.00013418465096037835,0.00048770601279102266,0.10985983163118362,0.0033932849764823914,0.9980308709086747,0.995659046692607,0.8868898775463494,2.918165047011439,3.441733106656579,0.01408805287260625,0.01340116828537908,0.0025429929723543225,4.2044377600670444e-08,0.00029628460598297366,0.0,0.004461763958803365,3.157507434881121,3.5762786865234375e-07,3.3783296826683795e-07,0.4655931890010834
libero_spatial_t02_ep004_s0016_approach,libero_spatial,2,approach,4,16,8.314665137731936e-06,8.17295385786565e-05,0.0001535660558147356,1.481532194702595e-07,1.911241633933969e-05,9.829564657723617,18.469301223754883,0.6420158650181531,6.751508408342488e-06,0.0001246956380782649,0.000470601866254583,0.09461674839258194,0.003972935955971479,0.9971303501945525,0.994372997253376,0.8887982089723049,2.910292659709146,3.4853881670617524,0.049953434031103375,0.052006392493228956,0.004801575681391506,2.6226577108484213e-08,0.00043668920048578523,0.0,0.0044743051909496515,11.16451200784115,4.76837158203125e-07,3.3783296826683795e-07,0.20908606052398682
libero_spatial_t02_ep004_s0032_pre_grasp,libero_spatial,2,pre_grasp,4,32,8.868502845871262e-06,7.590690984216053e-05,0.00016180604870896786,1.4861886654671252e-07,1.981748573598452e-05,8.559157183729049,18.245023727416992,0.5996954135871061,7.201225344033446e-06,0.0001313865213887766,0.00045437191147357225,0.10634341835975647,0.004119500983506441,0.9980516136415656,0.9962391279468986,0.8995553425650415,2.9875447407320306,3.475155652878545,0.011312274444400331,0.007628745867483912,0.002004913540641483,2.9753429423124965e-08,0.0003365669018169469,0.0,0.004104841485777703,2.7558370971436204,7.152557373046875e-07,3.3783296826683795e-07,0.18192264437675476
libero_spatial_t02_ep004_s0056_manipulation,libero_spatial,2,manipulation,4,56,8.074238394328859e-06,6.782680975447875e-05,0.00029072168399579823,1.418794965957204e-07,1.9185470591764897e-05,8.40039721915055,36.006080627441406,0.6332337589637546,6.556282187375473e-06,0.00023606601462233812,0.0008377207559533417,0.20447927713394165,0.003988122567534447,0.9977275978484779,0.9951462005035477,0.8763642519264515,2.9708775103620075,3.457842189298847,0.017907343114566023,0.01367790481230708,0.003640586416451575,3.6543710718197786e-08,0.000447937730302844,0.0,0.0043624957062086845,4.104839138083362,4.76837158203125e-07,3.219970476919798e-07,0.4877281188964844
libero_spatial_t02_ep005_s0016_approach,libero_spatial,2,approach,5,16,8.363055712834466e-06,0.00010418030615255702,0.00022349983919411898,1.3949052402040252e-07,2.2318778064800426e-05,12.457205802500566,26.72466278076172,0.6590417069635272,6.790802217437886e-06,0.00018148188246414065,0.0006155961309559643,0.11506528407335281,0.004639449063688517,0.9983076791027695,0.9962577248798352,0.8937170977340353,2.9253411534499127,3.4485343283576873,0.04345609677177241,0.04594077434094978,0.003994596088243683,3.141550173100997e-08,0.00048616242115485713,0.0,0.0047820004524858385,9.087430501848347,4.76837158203125e-07,3.219970476919798e-07,0.23567260801792145
libero_spatial_t02_ep005_s0032_pre_grasp,libero_spatial,2,pre_grasp,5,32,1.0273741281707771e-05,8.703566709300503e-05,0.0002961051359307021,2.00836566932594e-07,2.206987119279802e-05,8.471662338623478,28.821548461914062,0.6100515863163538,8.342278306372464e-06,0.00024043738085310906,0.0008451009052805603,0.19318193197250366,0.004587708041071892,0.9981667715724422,0.9961132410162509,0.8947191863126575,2.97761246535003,3.5334305702751037,0.012941302951208796,0.01035465885284599,0.002246035897463126,2.7272367903761787e-08,0.0006203805172475826,0.0,0.004551022635958989,2.843603292358007,4.76837158203125e-07,4.478046375933076e-07,0.21348169445991516
libero_spatial_t02_ep005_s0056_manipulation,libero_spatial,2,manipulation,5,56,9.856829819909763e-06,7.135298801586032e-05,0.0001950777368620038,1.4932111014331895e-07,1.9214110579923727e-05,7.238938819024223,19.79112434387207,0.5944339365356707,8.003746188478544e-06,0.0001584031415404752,0.0005524945445358753,0.12905043363571167,0.003994075581431389,0.9978556305790799,0.995113298237583,0.8755059319447623,2.943560528874567,3.51462665954147,0.013229708380749732,0.009951953933876411,0.0030166597662832483,3.961680281004534e-08,0.0002737415272369735,0.0,0.003958196545803634,3.3423576185916004,4.76837158203125e-07,2.2786129894036833e-07,0.5073488354682922
libero_spatial_t02_ep006_s0016_approach,libero_spatial,2,approach,6,16,6.8469053076114506e-06,8.760981654631905e-05,0.0002162933087674901,1.327222634017744e-07,1.927266566781327e-05,12.795535006001392,31.589937210083008,0.6688404665087611,5.559687451750506e-06,0.00017563016444910318,0.0005765153910033405,0.15669871866703033,0.004006247967481613,0.9979965381094071,0.9967813000686656,0.9116705291065843,2.931351140095389,3.51764992075016,0.051902493273546194,0.0548149589117559,0.00552397398633258,2.6279674565542137e-08,0.00046304686429097706,0.0,0.00430302266017737,12.061868452118906,4.76837158203125e-07,3.3783296826683795e-07,0.19926717877388
libero_spatial_t02_ep006_s0032_pre_grasp,libero_spatial,2,pre_grasp,6,32,1.2494752809288912e-05,8.34952497825725e-05,0.0002475293294992298,3.4953995964315254e-07,2.310670242877677e-05,6.682425099318495,19.8106632232666,0.604870218273504,1.0145739906874951e-05,0.00020099383255001158,0.0007022270001471043,0.14382296800613403,0.004803236573934555,0.9984907873655299,0.9953779468986038,0.8854264419775691,2.9616717253278777,3.45425366629777,0.008579293924529104,0.007422336963228613,0.1342995668868989,2.1953561052246966e-08,0.0003145049318540893,0.0,0.06921258055495731,0.12395570076623327,4.76837158203125e-07,3.219970476919798e-07,0.1852210909128189
libero_spatial_t02_ep006_s0056_manipulation,libero_spatial,2,manipulation,6,56,9.2771188064944e-06,7.32678163331002e-05,0.00014478203956969082,2.4560847577959066e-07,1.8722374079516158e-05,7.897690852229837,15.606358528137207,0.602278639900317,7.5330203799239825e-06,0.0001175630241050385,0.000372338923625648,0.0849691703915596,0.0038918573409318924,0.9982669089036392,0.9953886758983749,0.900305418860151,2.9492476896167172,3.4427006831741997,0.015675640425629144,0.012154160067060323,0.0025449908480426973,3.502423896610785e-08,0.0003551603554536471,0.0,0.003595688696837366,4.359565509499433,4.76837158203125e-07,3.3783296826683795e-07,0.4604782164096832
libero_spatial_t02_ep007_s0016_approach,libero_spatial,2,approach,7,16,7.346806341956835e-06,6.381892853823956e-05,0.00018692563753575087,1.2675518235027994e-07,1.7614058378967457e-05,8.686621855509706,25.443115234375,0.6478203457236855,5.965606760582887e-06,0.0001517836208222434,0.0005362355732358992,0.1367972046136856,0.003661469556391239,0.9978398947127489,0.9965667200732433,0.9029731250476845,2.9246798019529403,3.5300291840826032,0.04358930394512921,0.044911604856901,0.0045480996689378946,3.0822277542182754e-08,0.00045330271215144734,0.0,0.004611744453157249,9.451803842966084,3.5762786865234375e-07,3.3783296826683795e-07,0.20557533204555511
libero_spatial_t02_ep007_s0032_pre_grasp,libero_spatial,2,pre_grasp,7,32,1.0119785656570457e-05,7.121396993170492e-05,0.00019634344789665192,2.510120395982085e-07,1.9893599528586492e-05,7.037102597668948,19.40193748474121,0.5880666698729033,8.21726553112967e-06,0.00015943085600156337,0.0005563575541600585,0.12949496507644653,0.004135322291404009,0.997819151979858,0.995418717097734,0.8837667849240863,2.955275428009415,3.484976420961842,0.011881231391880975,0.009126595212027126,0.002522051300966361,2.8514184150161894e-08,0.00045256216203763303,0.0,0.0670990264546983,0.17707010100813536,4.76837158203125e-07,3.3783296826683795e-07,0.19558408856391907
libero_spatial_t02_ep007_s0056_manipulation,libero_spatial,2,manipulation,7,56,8.004373739822768e-06,6.756285802111961e-05,0.00023516942746937275,1.2780488134467305e-07,1.9113153030048124e-05,8.440742551161232,29.380115509033203,0.616633469798454,6.4995520006050356e-06,0.00019095758034382015,0.0006508275982923806,0.10008356720209122,0.003973089158535004,0.9980480373083085,0.9956225680933852,0.8971191443503471,2.947663168199273,3.440910338587625,0.014190473378891753,0.009050657146215321,0.002359924995330043,3.2242751082824155e-08,0.0003261173926583781,0.0,0.003973753514236597,3.5710502244419917,9.5367431640625e-07,3.3783296826683795e-07,0.4682190716266632
libero_spatial_t02_ep008_s0016_approach,libero_spatial,2,approach,8,16,7.242578249133658e-06,6.300182940321974e-05,0.0001857273164205253,1.485916385490782e-07,1.7093583664973266e-05,8.698812389186944,25.64381217956543,0.6279567230232259,5.880973731109407e-06,0.00015081057790666819,0.0004651425697375089,0.12807144224643707,0.0035532773472368717,0.9979464694438086,0.9959487296864271,0.9127489127946898,2.965850618525197,3.4457780320789606,0.04861110796514942,0.052869347272395395,0.0055945247994083624,2.719979017013146e-08,0.00044418579732165726,0.0,0.0039767039354390524,12.223969587462502,4.76837158203125e-07,3.3783296826683795e-07,0.2013317048549652
libero_spatial_t02_ep008_s0032_pre_grasp,libero_spatial,2,pre_grasp,8,32,1.030381190503249e-05,7.778021790727507e-05,0.00021208282851148397,3.7329661495277833e-07,2.1220639609964564e-05,7.548683790441322,20.582948684692383,0.5900414775131791,8.36669460113626e-06,0.0001722112501738593,0.0005304471123963594,0.09558919817209244,0.00441117724403739,0.9967684252689403,0.9945103284504463,0.86684619859617,2.9670789904591026,3.496340373123542,0.011348327473355742,0.008614802717094184,0.002489331107762777,3.020298996581284e-08,0.00042188555451324407,0.0,0.004897740635247548,2.3170535801110583,4.76837158203125e-07,3.219970476919798e-07,0.18787182867527008
libero_spatial_t02_ep008_s0056_manipulation,libero_spatial,2,manipulation,8,56,9.10950984689407e-06,7.567388820461929e-05,0.00016272107313852757,1.5230806127419783e-07,1.9634622731246054e-05,8.307130622447337,17.862770080566406,0.6265237352223703,7.396923138003331e-06,0.00013212951307650656,0.0005330760031938553,0.10556281358003616,0.004081488586962223,0.9979829480430304,0.9963414110780499,0.892551689936675,2.9298101825990144,3.4922930939844923,0.019327986712782155,0.01460793125429539,0.0036455505248219004,3.448342322007357e-08,0.00039044296084878694,0.0,0.004622661278367184,4.181138428470188,4.76837158203125e-07,3.3783296826683795e-07,0.48589542508125305
libero_spatial_t02_ep009_s0016_approach,libero_spatial,2,approach,9,16,7.884671504143625e-06,8.290152618428692e-05,0.0001849760883487761,1.4243646262457332e-07,2.0729385141748935e-05,10.514265069980372,23.460214614868164,0.637415159095497,6.402353392331861e-06,0.00015020057617221028,0.0005257222219370306,0.13651162385940552,0.00430905818939209,0.99711890592813,0.9958736266880293,0.8937433241779202,2.900652463761164,3.478373642476441,0.055043864989842525,0.060894809384667396,0.005910032541545573,3.017008766326298e-08,0.0003512639850379071,0.0,0.004691999937649921,11.731429181862332,4.76837158203125e-07,3.3783296826683795e-07,0.21516752243041992
libero_spatial_t02_ep009_s0032_pre_grasp,libero_spatial,2,pre_grasp,9,32,9.571311238687485e-06,7.428725257341284e-05,0.0001980749802896753,1.7380462224991788e-07,2.0276229406590573e-05,7.761449891331698,20.69465446472168,0.6041828824252524,7.771905075060204e-06,0.00016083689115475863,0.0004666050954256207,0.13750050961971283,0.004214860498905182,0.9984092469672694,0.9958700503547723,0.8987764171816587,2.9670830371296715,3.585455826545032,0.008950561019013054,0.006301191001845301,0.001958344676384758,3.123750878730495e-08,0.0005467226061348418,0.0,0.0048883011838097,1.8310166829854435,4.76837158203125e-07,3.3783296826683795e-07,0.23202694952487946
libero_spatial_t02_ep009_s0056_manipulation,libero_spatial,2,manipulation,9,56,9.76786031969823e-06,7.905987695266958e-05,0.00013241976557765156,2.0538622891308478e-07,1.9211625840398483e-05,8.093878737519875,13.556680679321289,0.6161962168157943,7.931503205327317e-06,0.00010752485104603693,0.00043273033224977553,0.08512965589761734,0.003993558697402477,0.9977705138475623,0.9957248512245365,0.8834866388189516,2.925258927847904,3.4639675852696934,0.014049107588176677,0.012358190867734278,0.0034757483594376796,3.960820074658273e-08,0.00036967760730647676,0.0,0.00495568762026808,2.83494615978573,4.76837158203125e-07,3.3783296826683795e-07,0.5072914361953735
